styleGuide,characterName,identityName,metadata
Aladdin (2019),Aladdin (2019) - W Smith (Genie),Aladdin - W Smith (Genie),"{""source_character_name"":""Aladdin (2019) - W Smith (Genie)"",""identity_rules"":[""STRIP_TITLE_YEAR"",""PRIMARY_ONLY""],""source_character_id"":""1159087111"",""rendition"":{""title_year"":""2019""},""rendition_description"":""2019""}"
Annabelle Comes Home (2019),Bride (non-likeness),Bride,"{""source_character_name"":""Bride (non-likeness)"",""identity_rules"":[""STRIP_LIKENESS"",""PRIMARY_ONLY""],""source_character_id"":""f70e9055-27d0-4642-b49c-073e140aa1c8"",""rendition"":{""likeness_label"":""non-likeness""},""rendition_description"":""non-likeness""}"
Annabelle Comes Home (2019),Demon (non-likeness),Demon,"{""source_character_name"":""Demon (non-likeness)"",""identity_rules"":[""STRIP_LIKENESS"",""PRIMARY_ONLY""],""source_character_id"":""11b3daf8-d8d7-4834-9a2c-24a71a2dce5f"",""rendition"":{""likeness_label"":""non-likeness""},""rendition_description"":""non-likeness""}"
Annabelle Comes Home (2019),Ferryman (non-likeness),Ferryman,"{""source_character_name"":""Ferryman (non-likeness)"",""identity_rules"":[""STRIP_LIKENESS"",""PRIMARY_ONLY""],""source_character_id"":""ba2132e2-af4f-486c-aec2-ca457ee65f0a"",""rendition"":{""likeness_label"":""non-likeness""},""rendition_description"":""non-likeness""}"
Annabelle Comes Home (2019),Judy as portrayed by Mckenna Grace,Judy,"{""source_character_name"":""Judy as portrayed by Mckenna Grace"",""identity_rules"":[""STRIP_PORTRAYAL"",""PRIMARY_ONLY""],""source_character_id"":""3fb9bcf2-0d0e-4f03-a9be-b56b94b9495c"",""rendition"":{""portrayed_by"":""Mckenna Grace""},""rendition_description"":""as portrayed by Mckenna Grace""}"
Annabelle: Creation (2017),Linda as portrayed by Lulu Wilson,Linda,"{""source_character_name"":""Linda as portrayed by Lulu Wilson"",""identity_rules"":[""STRIP_PORTRAYAL"",""PRIMARY_ONLY""],""source_character_id"":""1278256e-af84-4e4b-9bae-43ed0551d141"",""rendition"":{""portrayed_by"":""Lulu Wilson""},""rendition_description"":""as portrayed by Lulu Wilson""}"
Aquaman (2018),Aquaman (non talent likeness),Aquaman,"{""source_character_name"":""Aquaman (non talent likeness)"",""identity_rules"":[""STRIP_LIKENESS"",""BARE_PRIMARY_KEPT""],""source_character_id"":""b12b326f-0152-4359-88fd-ddb51169dee6"",""rendition"":{""likeness_label"":""non talent likeness""},""rendition_description"":""non talent likeness""}"
Aquaman (2018),Atlanna as portrayed by Nicole Kidman,Atlanna,"{""source_character_name"":""Atlanna as portrayed by Nicole Kidman"",""identity_rules"":[""STRIP_PORTRAYAL"",""PRIMARY_ONLY""],""source_character_id"":""357dda75-8ba7-427a-bd97-8b2e4a4bb8b0"",""rendition"":{""portrayed_by"":""Nicole Kidman""},""rendition_description"":""as portrayed by Nicole Kidman""}"
Aquaman (2018),Atlantean Soldier (non-likeness),Atlantean Soldier,"{""source_character_name"":""Atlantean Soldier (non-likeness)"",""identity_rules"":[""STRIP_LIKENESS"",""PRIMARY_ONLY""],""source_character_id"":""b1f1b9ed-ebdb-4c0a-9118-226d90de1b87"",""rendition"":{""likeness_label"":""non-likeness""},""rendition_description"":""non-likeness""}"
Aquaman (2018),Black Manta (non talent likeness),Black Manta,"{""source_character_name"":""Black Manta (non talent likeness)"",""identity_rules"":[""STRIP_LIKENESS"",""PRIMARY_ONLY""],""source_character_id"":""461d44ec-eb8e-4408-a5d6-2b677fc45fa4"",""rendition"":{""likeness_label"":""non talent likeness""},""rendition_description"":""non talent likeness""}"
Aquaman (2018),Brine King (non-likeness),Brine King,"{""source_character_name"":""Brine King (non-likeness)"",""identity_rules"":[""STRIP_LIKENESS"",""PRIMARY_ONLY""],""source_character_id"":""e242b57d-981c-4770-8934-b72f537e1b23"",""rendition"":{""likeness_label"":""non-likeness""},""rendition_description"":""non-likeness""}"
Aquaman (2018),David Kane/Black Manta as portrayed by Yahya Abdul-Mateen II,David Kane,"{""source_character_name"":""David Kane/Black Manta as portrayed by Yahya Abdul-Mateen II"",""identity_rules"":[""STRIP_PORTRAYAL"",""SPLIT_SLASH_ALIAS"",""SPLIT_AKA"",""ALIAS_UNIQUE_MERGED""],""source_character_id"":""5aa553ed-247f-4d93-a595-ba177a8363a9"",""rendition"":{""portrayed_by"":""Yahya Abdul-Mateen II"",""alias"":""Black Manta""},""rendition_description"":""as portrayed by Yahya Abdul-Mateen II · aka Black Manta""}"
Aquaman (2018),King Nereus (non-likeness),King Nereus,"{""source_character_name"":""King Nereus (non-likeness)"",""identity_rules"":[""STRIP_LIKENESS"",""PRIMARY_ONLY""],""source_character_id"":""6852c5f7-3229-4690-9c5d-6978720198f2"",""rendition"":{""likeness_label"":""non-likeness""},""rendition_description"":""non-likeness""}"
Aquaman (2018),King Nereus as portrayed by Dolph Lundgren,King Nereus,"{""source_character_name"":""King Nereus as portrayed by Dolph Lundgren"",""identity_rules"":[""STRIP_PORTRAYAL"",""PRIMARY_ONLY""],""source_character_id"":""b64427d2-f568-4827-939f-512adfc5c0fe"",""rendition"":{""portrayed_by"":""Dolph Lundgren""},""rendition_description"":""as portrayed by Dolph Lundgren""}"
Aquaman (2018),Mera (non-likeness),Mera,"{""source_character_name"":""Mera (non-likeness)"",""identity_rules"":[""STRIP_LIKENESS"",""PRIMARY_ONLY""],""source_character_id"":""dab717d6-b3cf-4c50-a3ba-6885fe4d168c"",""rendition"":{""likeness_label"":""non-likeness""},""rendition_description"":""non-likeness""}"
Aquaman (2018),Mera as portrayed by Amber Heard,Mera,"{""source_character_name"":""Mera as portrayed by Amber Heard"",""identity_rules"":[""STRIP_PORTRAYAL"",""PRIMARY_ONLY""],""source_character_id"":""e237ec0a-399d-48d9-9a63-b7071998150c"",""rendition"":{""portrayed_by"":""Amber Heard""},""rendition_description"":""as portrayed by Amber Heard""}"
Aquaman (2018),MP/Aquaman/Arthur Curry as portrayed by Jason Momoa,MP,"{""source_character_name"":""MP/Aquaman/Arthur Curry as portrayed by Jason Momoa"",""identity_rules"":[""STRIP_PORTRAYAL"",""SPLIT_SLASH_ALIAS"",""SPLIT_AKA"",""ALIAS_UNIQUE_MERGED""],""source_character_id"":""e338896f-73a6-4109-9461-7e2c36895286"",""rendition"":{""portrayed_by"":""Jason Momoa"",""alias"":""Aquaman Arthur Curry""},""rendition_description"":""as portrayed by Jason Momoa · aka Aquaman Arthur Curry""}"
Aquaman (2018),Ocean Master (non talent likeness),Ocean Master,"{""source_character_name"":""Ocean Master (non talent likeness)"",""identity_rules"":[""STRIP_LIKENESS"",""PRIMARY_ONLY""],""source_character_id"":""cb7a4c36-1610-4cdc-99bf-1a34fb967345"",""rendition"":{""likeness_label"":""non talent likeness""},""rendition_description"":""non talent likeness""}"
Aquaman (2018),ORM (non-likeness),ORM,"{""source_character_name"":""ORM (non-likeness)"",""identity_rules"":[""STRIP_LIKENESS"",""PRIMARY_ONLY""],""source_character_id"":""29d4393c-0381-4aee-ba3e-5ea38b1e3663"",""rendition"":{""likeness_label"":""non-likeness""},""rendition_description"":""non-likeness""}"
Aquaman (2018),ORM/Ocean Master as portrayed by Patrick Wilson,ORM,"{""source_character_name"":""ORM/Ocean Master as portrayed by Patrick Wilson"",""identity_rules"":[""STRIP_PORTRAYAL"",""SPLIT_SLASH_ALIAS"",""SPLIT_AKA"",""ALIAS_UNIQUE_MERGED""],""source_character_id"":""fc989a18-b0b3-4c74-b132-6f2084348d7e"",""rendition"":{""portrayed_by"":""Patrick Wilson"",""alias"":""Ocean Master""},""rendition_description"":""as portrayed by Patrick Wilson · aka Ocean Master""}"
Aquaman (2018),Queen Rina (non-likeness),Queen Rina,"{""source_character_name"":""Queen Rina (non-likeness)"",""identity_rules"":[""STRIP_LIKENESS"",""PRIMARY_ONLY""],""source_character_id"":""7bfcc81a-7975-4596-9dca-fd99ee4d0aea"",""rendition"":{""likeness_label"":""non-likeness""},""rendition_description"":""non-likeness""}"
Aquaman (2018),Tom Curry as portrayed by Temuera Morrison,Tom Curry,"{""source_character_name"":""Tom Curry as portrayed by Temuera Morrison"",""identity_rules"":[""STRIP_PORTRAYAL"",""PRIMARY_ONLY""],""source_character_id"":""ee527efb-7ed6-41a4-9573-111ce821f3f3"",""rendition"":{""portrayed_by"":""Temuera Morrison""},""rendition_description"":""as portrayed by Temuera Morrison""}"
Aquaman (2018),Trench King (non-talent likeness),Trench King,"{""source_character_name"":""Trench King (non-talent likeness)"",""identity_rules"":[""STRIP_LIKENESS"",""PRIMARY_ONLY""],""source_character_id"":""1e838e67-c801-445d-bc21-aac876b88b38"",""rendition"":{""likeness_label"":""non-talent likeness""},""rendition_description"":""non-talent likeness""}"
Aquaman (2018),Vulko (non-talent likeness),Vulko,"{""source_character_name"":""Vulko (non-talent likeness)"",""identity_rules"":[""STRIP_LIKENESS"",""PRIMARY_ONLY""],""source_character_id"":""e80e2092-392d-44a5-a9be-c1b13672ca2b"",""rendition"":{""likeness_label"":""non-talent likeness""},""rendition_description"":""non-talent likeness""}"
Aquaman (2018),Vulko as portrayed by Willem Dafoe,Vulko,"{""source_character_name"":""Vulko as portrayed by Willem Dafoe"",""identity_rules"":[""STRIP_PORTRAYAL"",""PRIMARY_ONLY""],""source_character_id"":""249fdd3f-9e17-4891-8927-41dc895f9090"",""rendition"":{""portrayed_by"":""Willem Dafoe""},""rendition_description"":""as portrayed by Willem Dafoe""}"
Aquaman (2018),Young Arthur (13 years old) as portrayed by Otis Dhanji,Young Arthur (13 years old),"{""source_character_name"":""Young Arthur (13 years old) as portrayed by Otis Dhanji"",""identity_rules"":[""STRIP_PORTRAYAL"",""PRIMARY_ONLY""],""source_character_id"":""986c1c57-c389-4a81-87a6-dcad6b2a098f"",""rendition"":{""portrayed_by"":""Otis Dhanji""},""rendition_description"":""as portrayed by Otis Dhanji""}"
Aquaman (2018),Young Arthur (9 years old) as portrayed by Kaan Guldur,Young Arthur (9 years old),"{""source_character_name"":""Young Arthur (9 years old) as portrayed by Kaan Guldur"",""identity_rules"":[""STRIP_PORTRAYAL"",""PRIMARY_ONLY""],""source_character_id"":""bf852edb-c7b2-4e6c-a70a-44508eb8fdee"",""rendition"":{""portrayed_by"":""Kaan Guldur""},""rendition_description"":""as portrayed by Kaan Guldur""}"
Aquaman and the Lost Kingdom (2023),Aquaman aka Arthur Curry as portrayed by Jason Momoa,Aquaman aka Arthur Curry,"{""source_character_name"":""Aquaman aka Arthur Curry as portrayed by Jason Momoa"",""identity_rules"":[""STRIP_PORTRAYAL"",""SPLIT_AKA"",""ALIAS_DISAMBIGUATED""],""source_character_id"":""a50a330a-99a0-49a7-932a-35ac3377a0f1"",""rendition"":{""portrayed_by"":""Jason Momoa""},""rendition_description"":""as portrayed by Jason Momoa""}"
Aquaman and the Lost Kingdom (2023),Atlanna as portrayed by Nicole Kidman,Atlanna,"{""source_character_name"":""Atlanna as portrayed by Nicole Kidman"",""identity_rules"":[""STRIP_PORTRAYAL"",""PRIMARY_ONLY""],""source_character_id"":""7b93ae42-702e-4a40-8ab3-7a2400c2c31b"",""rendition"":{""portrayed_by"":""Nicole Kidman""},""rendition_description"":""as portrayed by Nicole Kidman""}"
Aquaman and the Lost Kingdom (2023),Black Manta aka David Kane as portrayed by Yahya Abdul-Mateen,Black Manta,"{""source_character_name"":""Black Manta aka David Kane as portrayed by Yahya Abdul-Mateen"",""identity_rules"":[""STRIP_PORTRAYAL"",""SPLIT_AKA"",""ALIAS_UNIQUE_MERGED""],""source_character_id"":""a2fcb5de-e26e-472b-897f-d9b2e8f59a2b"",""rendition"":{""portrayed_by"":""Yahya Abdul-Mateen"",""alias"":""David Kane""},""rendition_description"":""as portrayed by Yahya Abdul-Mateen · aka David Kane""}"
Aquaman and the Lost Kingdom (2023),Doctor Stephen Shin as portrayed by Randall Park,Doctor Stephen Shin,"{""source_character_name"":""Doctor Stephen Shin as portrayed by Randall Park"",""identity_rules"":[""STRIP_PORTRAYAL"",""PRIMARY_ONLY""],""source_character_id"":""dad014e5-efdb-46e5-95f6-b53018b886f9"",""rendition"":{""portrayed_by"":""Randall Park""},""rendition_description"":""as portrayed by Randall Park""}"
Aquaman and the Lost Kingdom (2023),Kashon as portrayed by Indya Moore,Kashon,"{""source_character_name"":""Kashon as portrayed by Indya Moore"",""identity_rules"":[""STRIP_PORTRAYAL"",""PRIMARY_ONLY""],""source_character_id"":""f23a0460-6005-4759-8982-3b8d11e84f01"",""rendition"":{""portrayed_by"":""Indya Moore""},""rendition_description"":""as portrayed by Indya Moore""}"
Aquaman and the Lost Kingdom (2023),King Nereus as portrayed by Dolph Lundgren,King Nereus,"{""source_character_name"":""King Nereus as portrayed by Dolph Lundgren"",""identity_rules"":[""STRIP_PORTRAYAL"",""PRIMARY_ONLY""],""source_character_id"":""f55cac63-a54d-4533-94e7-97beb5334d8b"",""rendition"":{""portrayed_by"":""Dolph Lundgren""},""rendition_description"":""as portrayed by Dolph Lundgren""}"
Aquaman and the Lost Kingdom (2023),Mera as portrayed by Amber Heard,Mera,"{""source_character_name"":""Mera as portrayed by Amber Heard"",""identity_rules"":[""STRIP_PORTRAYAL"",""PRIMARY_ONLY""],""source_character_id"":""163db422-e022-46bf-a3db-59c234dfdc4c"",""rendition"":{""portrayed_by"":""Amber Heard""},""rendition_description"":""as portrayed by Amber Heard""}"
Aquaman and the Lost Kingdom (2023),ORM as portrayed by Patrick Wilson,ORM,"{""source_character_name"":""ORM as portrayed by Patrick Wilson"",""identity_rules"":[""STRIP_PORTRAYAL"",""PRIMARY_ONLY""],""source_character_id"":""bbdc233f-7be3-4997-8153-646fe73a1c91"",""rendition"":{""portrayed_by"":""Patrick Wilson""},""rendition_description"":""as portrayed by Patrick Wilson""}"
Aquaman and the Lost Kingdom (2023),Stingray as portrayed by Jani Zhao,Stingray,"{""source_character_name"":""Stingray as portrayed by Jani Zhao"",""identity_rules"":[""STRIP_PORTRAYAL"",""PRIMARY_ONLY""],""source_character_id"":""e6606dfc-2d45-4b21-b96c-1f2fcc4401ba"",""rendition"":{""portrayed_by"":""Jani Zhao""},""rendition_description"":""as portrayed by Jani Zhao""}"
Aquaman and the Lost Kingdom (2023),Tom Curry as portrayed by Temuera Morrison,Tom Curry,"{""source_character_name"":""Tom Curry as portrayed by Temuera Morrison"",""identity_rules"":[""STRIP_PORTRAYAL"",""PRIMARY_ONLY""],""source_character_id"":""e8161872-7eca-4fdf-ad2d-cc442c546448"",""rendition"":{""portrayed_by"":""Temuera Morrison""},""rendition_description"":""as portrayed by Temuera Morrison""}"
Avengers,A.I.M. ( Avengers ),A.I.M.,"{""source_character_name"":""A.I.M. ( Avengers )"",""identity_rules"":[""STRIP_GUIDE_CONTEXT"",""PRIMARY_ONLY""],""source_character_id"":""1159074774"",""rendition"":{""guide_context"":""Avengers""}}"
Avengers,Abomination ( Avengers ),Abomination,"{""source_character_name"":""Abomination ( Avengers )"",""identity_rules"":[""STRIP_GUIDE_CONTEXT"",""PRIMARY_ONLY""],""source_character_id"":""518035264"",""rendition"":{""guide_context"":""Avengers""}}"
Avengers,Adi ( Avengers ),Adi,"{""source_character_name"":""Adi ( Avengers )"",""identity_rules"":[""STRIP_GUIDE_CONTEXT"",""PRIMARY_ONLY""],""source_character_id"":""1159151430"",""rendition"":{""guide_context"":""Avengers""}}"
Avengers,Ant-Man ( Avengers ),Ant-Man,"{""source_character_name"":""Ant-Man ( Avengers )"",""identity_rules"":[""STRIP_GUIDE_CONTEXT"",""PRIMARY_ONLY""],""source_character_id"":""518035991"",""rendition"":{""guide_context"":""Avengers""}}"
Avengers,Attuma ( Avengers ),Attuma,"{""source_character_name"":""Attuma ( Avengers )"",""identity_rules"":[""STRIP_GUIDE_CONTEXT"",""PRIMARY_ONLY""],""source_character_id"":""518035992"",""rendition"":{""guide_context"":""Avengers""}}"
Avengers,Avengers Logo ( Avengers ),Avengers Logo,"{""source_character_name"":""Avengers Logo ( Avengers )"",""identity_rules"":[""STRIP_GUIDE_CONTEXT"",""PRIMARY_ONLY""],""source_character_id"":""518034437"",""rendition"":{""guide_context"":""Avengers""}}"
Avengers,"Banner, Bruce ( Avengers )",Bruce Banner,"{""source_character_name"":""Banner, Bruce ( Avengers )"",""identity_rules"":[""STRIP_GUIDE_CONTEXT"",""INVERT_SURNAME_FIRST"",""PRIMARY_ONLY""],""source_character_id"":""518035993"",""rendition"":{""guide_context"":""Avengers""}}"
Avengers,"Barnes, Bucky ( Avengers )",Bucky Barnes,"{""source_character_name"":""Barnes, Bucky ( Avengers )"",""identity_rules"":[""STRIP_GUIDE_CONTEXT"",""INVERT_SURNAME_FIRST"",""PRIMARY_ONLY""],""source_character_id"":""518035994"",""rendition"":{""guide_context"":""Avengers""}}"
Avengers,Baron Blood ( Avengers ),Baron Blood,"{""source_character_name"":""Baron Blood ( Avengers )"",""identity_rules"":[""STRIP_GUIDE_CONTEXT"",""PRIMARY_ONLY""],""source_character_id"":""1159152493"",""rendition"":{""guide_context"":""Avengers""}}"
Avengers,Batroc the Leaper ( Avengers ),Batroc the Leaper,"{""source_character_name"":""Batroc the Leaper ( Avengers )"",""identity_rules"":[""STRIP_GUIDE_CONTEXT"",""PRIMARY_ONLY""],""source_character_id"":""518035995"",""rendition"":{""guide_context"":""Avengers""}}"
Avengers,Black Knight ( Avengers ),Black Knight,"{""source_character_name"":""Black Knight ( Avengers )"",""identity_rules"":[""STRIP_GUIDE_CONTEXT"",""PRIMARY_ONLY""],""source_character_id"":""1159151419"",""rendition"":{""guide_context"":""Avengers""}}"
Avengers,Black Panther ( Avengers ),Black Panther,"{""source_character_name"":""Black Panther ( Avengers )"",""identity_rules"":[""STRIP_GUIDE_CONTEXT"",""PRIMARY_ONLY""],""source_character_id"":""518035996"",""rendition"":{""guide_context"":""Avengers""}}"
Avengers,Black Widow ( Avengers ),Black Widow,"{""source_character_name"":""Black Widow ( Avengers )"",""identity_rules"":[""STRIP_GUIDE_CONTEXT"",""PRIMARY_ONLY""],""source_character_id"":""518033983"",""rendition"":{""guide_context"":""Avengers""}}"
Avengers,Blade ( Avengers ),Blade,"{""source_character_name"":""Blade ( Avengers )"",""identity_rules"":[""STRIP_GUIDE_CONTEXT"",""PRIMARY_ONLY""],""source_character_id"":""1159151422"",""rendition"":{""guide_context"":""Avengers""}}"
Avengers,Captain America ( Avengers ),Captain America,"{""source_character_name"":""Captain America ( Avengers )"",""identity_rules"":[""STRIP_GUIDE_CONTEXT"",""PRIMARY_ONLY""],""source_character_id"":""518033984"",""rendition"":{""guide_context"":""Avengers""}}"
Avengers,Captain America (Sam Wilson) ( Avengers ),Captain America (Sam Wilson),"{""source_character_name"":""Captain America (Sam Wilson) ( Avengers )"",""identity_rules"":[""STRIP_GUIDE_CONTEXT"",""PRIMARY_ONLY""],""source_character_id"":""1159152494"",""rendition"":{""guide_context"":""Avengers""}}"
Avengers,Captain Marvel ( Avengers ),Captain Marvel,"{""source_character_name"":""Captain Marvel ( Avengers )"",""identity_rules"":[""STRIP_GUIDE_CONTEXT"",""PRIMARY_ONLY""],""source_character_id"":""518035997"",""rendition"":{""guide_context"":""Avengers""}}"
Avengers,Chitauri ( Avengers ),Chitauri,"{""source_character_name"":""Chitauri ( Avengers )"",""identity_rules"":[""STRIP_GUIDE_CONTEXT"",""PRIMARY_ONLY""],""source_character_id"":""518035265"",""rendition"":{""guide_context"":""Avengers""}}"
Avengers,Chloe ( Avengers ),Chloe,"{""source_character_name"":""Chloe ( Avengers )"",""identity_rules"":[""STRIP_GUIDE_CONTEXT"",""PRIMARY_ONLY""],""source_character_id"":""1159151425"",""rendition"":{""guide_context"":""Avengers""}}"
Avengers,"Coulson, Phil ( Avengers )",Phil Coulson,"{""source_character_name"":""Coulson, Phil ( Avengers )"",""identity_rules"":[""STRIP_GUIDE_CONTEXT"",""INVERT_SURNAME_FIRST"",""PRIMARY_ONLY""],""source_character_id"":""518035998"",""rendition"":{""guide_context"":""Avengers""}}"
Avengers,Crossbones ( Avengers ),Crossbones,"{""source_character_name"":""Crossbones ( Avengers )"",""identity_rules"":[""STRIP_GUIDE_CONTEXT"",""PRIMARY_ONLY""],""source_character_id"":""518035999"",""rendition"":{""guide_context"":""Avengers""}}"
Avengers,"Danvers, Carol ( Avengers )",Carol Danvers,"{""source_character_name"":""Danvers, Carol ( Avengers )"",""identity_rules"":[""STRIP_GUIDE_CONTEXT"",""INVERT_SURNAME_FIRST"",""PRIMARY_ONLY""],""source_character_id"":""1159152495"",""rendition"":{""guide_context"":""Avengers""}}"
Avengers,Doctor Druid ( Avengers ),Doctor Druid,"{""source_character_name"":""Doctor Druid ( Avengers )"",""identity_rules"":[""STRIP_GUIDE_CONTEXT"",""PRIMARY_ONLY""],""source_character_id"":""1159151423"",""rendition"":{""guide_context"":""Avengers""}}"
Avengers,Dora Milaje ( Avengers ),Dora Milaje,"{""source_character_name"":""Dora Milaje ( Avengers )"",""identity_rules"":[""STRIP_GUIDE_CONTEXT"",""PRIMARY_ONLY""],""source_character_id"":""1159152496"",""rendition"":{""guide_context"":""Avengers""}}"
Avengers,Dr. Doom ( Avengers ),Dr. Doom,"{""source_character_name"":""Dr. Doom ( Avengers )"",""identity_rules"":[""STRIP_GUIDE_CONTEXT"",""PRIMARY_ONLY""],""source_character_id"":""518036000"",""rendition"":{""guide_context"":""Avengers""}}"
Avengers,Dr. Strange ( Avengers ),Dr. Strange,"{""source_character_name"":""Dr. Strange ( Avengers )"",""identity_rules"":[""STRIP_GUIDE_CONTEXT"",""PRIMARY_ONLY""],""source_character_id"":""1159151989"",""rendition"":{""guide_context"":""Avengers""}}"
Avengers,Falcon ( Avengers ),Falcon,"{""source_character_name"":""Falcon ( Avengers )"",""identity_rules"":[""STRIP_GUIDE_CONTEXT"",""PRIMARY_ONLY""],""source_character_id"":""518035266"",""rendition"":{""guide_context"":""Avengers""}}"
Avengers,Frost Giants ( Avengers ),Frost Giants,"{""source_character_name"":""Frost Giants ( Avengers )"",""identity_rules"":[""STRIP_GUIDE_CONTEXT"",""PRIMARY_ONLY""],""source_character_id"":""518036001"",""rendition"":{""guide_context"":""Avengers""}}"
Avengers,Ghost Rider (Robbie Reyes) ( Avengers ),Ghost Rider (Robbie Reyes),"{""source_character_name"":""Ghost Rider (Robbie Reyes) ( Avengers )"",""identity_rules"":[""STRIP_GUIDE_CONTEXT"",""PRIMARY_ONLY""],""source_character_id"":""1159151417"",""rendition"":{""guide_context"":""Avengers""}}"
Avengers,Giant Man ( Avengers ),Giant Man,"{""source_character_name"":""Giant Man ( Avengers )"",""identity_rules"":[""STRIP_GUIDE_CONTEXT"",""PRIMARY_ONLY""],""source_character_id"":""518035990"",""rendition"":{""guide_context"":""Avengers""}}"
Avengers,Goliath ( Avengers ),Goliath,"{""source_character_name"":""Goliath ( Avengers )"",""identity_rules"":[""STRIP_GUIDE_CONTEXT"",""PRIMARY_ONLY""],""source_character_id"":""1159151416"",""rendition"":{""guide_context"":""Avengers""}}"
Avengers,Hawkeye ( Avengers ),Hawkeye,"{""source_character_name"":""Hawkeye ( Avengers )"",""identity_rules"":[""STRIP_GUIDE_CONTEXT"",""PRIMARY_ONLY""],""source_character_id"":""518033985"",""rendition"":{""guide_context"":""Avengers""}}"
Avengers,Hela ( Avengers ),Hela,"{""source_character_name"":""Hela ( Avengers )"",""identity_rules"":[""STRIP_GUIDE_CONTEXT"",""PRIMARY_ONLY""],""source_character_id"":""1159152497"",""rendition"":{""guide_context"":""Avengers""}}"
Avengers,Helicarrier ( Avengers ),Helicarrier,"{""source_character_name"":""Helicarrier ( Avengers )"",""identity_rules"":[""STRIP_GUIDE_CONTEXT"",""PRIMARY_ONLY""],""source_character_id"":""518036002"",""rendition"":{""guide_context"":""Avengers""}}"
Avengers,Hercules ( Avengers ),Hercules,"{""source_character_name"":""Hercules ( Avengers )"",""identity_rules"":[""STRIP_GUIDE_CONTEXT"",""PRIMARY_ONLY""],""source_character_id"":""518036003"",""rendition"":{""guide_context"":""Avengers""}}"
Avengers,"Hill, Maria ( Avengers )",Maria Hill,"{""source_character_name"":""Hill, Maria ( Avengers )"",""identity_rules"":[""STRIP_GUIDE_CONTEXT"",""INVERT_SURNAME_FIRST"",""PRIMARY_ONLY""],""source_character_id"":""518036004"",""rendition"":{""guide_context"":""Avengers""}}"
Avengers,Hulk ( Avengers ),Hulk,"{""source_character_name"":""Hulk ( Avengers )"",""identity_rules"":[""STRIP_GUIDE_CONTEXT"",""PRIMARY_ONLY""],""source_character_id"":""518033986"",""rendition"":{""guide_context"":""Avengers""}}"
Avengers,Hulkbuster ( Avengers ),Hulkbuster,"{""source_character_name"":""Hulkbuster ( Avengers )"",""identity_rules"":[""STRIP_GUIDE_CONTEXT"",""PRIMARY_ONLY""],""source_character_id"":""1159151432"",""rendition"":{""guide_context"":""Avengers""}}"
Avengers,Hulkbuster Armor Iron Man ( Avengers ),Hulkbuster Armor Iron Man,"{""source_character_name"":""Hulkbuster Armor Iron Man ( Avengers )"",""identity_rules"":[""STRIP_GUIDE_CONTEXT"",""PRIMARY_ONLY""],""source_character_id"":""518035541"",""rendition"":{""guide_context"":""Avengers""}}"
Avengers,Hydra ( Avengers ),Hydra,"{""source_character_name"":""Hydra ( Avengers )"",""identity_rules"":[""STRIP_GUIDE_CONTEXT"",""PRIMARY_ONLY""],""source_character_id"":""518035267"",""rendition"":{""guide_context"":""Avengers""}}"
Avengers,Hydra Logo ( Avengers ),Hydra Logo,"{""source_character_name"":""Hydra Logo ( Avengers )"",""identity_rules"":[""STRIP_GUIDE_CONTEXT"",""PRIMARY_ONLY""],""source_character_id"":""518036005"",""rendition"":{""guide_context"":""Avengers""}}"
Avengers,Hyperion ( Avengers ),Hyperion,"{""source_character_name"":""Hyperion ( Avengers )"",""identity_rules"":[""STRIP_GUIDE_CONTEXT"",""PRIMARY_ONLY""],""source_character_id"":""518036006"",""rendition"":{""guide_context"":""Avengers""}}"
Avengers,Infinity Gauntlet ( Avengers ),Infinity Gauntlet,"{""source_character_name"":""Infinity Gauntlet ( Avengers )"",""identity_rules"":[""STRIP_GUIDE_CONTEXT"",""PRIMARY_ONLY""],""source_character_id"":""1159088240"",""rendition"":{""guide_context"":""Avengers""}}"
Avengers,Iron Man ( Avengers ),Iron Man,"{""source_character_name"":""Iron Man ( Avengers )"",""identity_rules"":[""STRIP_GUIDE_CONTEXT"",""PRIMARY_ONLY""],""source_character_id"":""518033987"",""rendition"":{""guide_context"":""Avengers""}}"
Avengers,Iron Patriot ( Avengers ),Iron Patriot,"{""source_character_name"":""Iron Patriot ( Avengers )"",""identity_rules"":[""STRIP_GUIDE_CONTEXT"",""PRIMARY_ONLY""],""source_character_id"":""518036007"",""rendition"":{""guide_context"":""Avengers""}}"
Avengers,Jarvis ( Avengers ),Jarvis,"{""source_character_name"":""Jarvis ( Avengers )"",""identity_rules"":[""STRIP_GUIDE_CONTEXT"",""PRIMARY_ONLY""],""source_character_id"":""518036008"",""rendition"":{""guide_context"":""Avengers""}}"
Avengers,Kang ( Avengers ),Kang,"{""source_character_name"":""Kang ( Avengers )"",""identity_rules"":[""STRIP_GUIDE_CONTEXT"",""PRIMARY_ONLY""],""source_character_id"":""518036009"",""rendition"":{""guide_context"":""Avengers""}}"
Avengers,"Killmonger, Erik ( Avengers )",Erik Killmonger,"{""source_character_name"":""Killmonger, Erik ( Avengers )"",""identity_rules"":[""STRIP_GUIDE_CONTEXT"",""INVERT_SURNAME_FIRST"",""PRIMARY_ONLY""],""source_character_id"":""1159152498"",""rendition"":{""guide_context"":""Avengers""}}"
Avengers,Leader ( Avengers ),Leader,"{""source_character_name"":""Leader ( Avengers )"",""identity_rules"":[""STRIP_GUIDE_CONTEXT"",""PRIMARY_ONLY""],""source_character_id"":""518036010"",""rendition"":{""guide_context"":""Avengers""}}"
Avengers,Loki ( Avengers ),Loki,"{""source_character_name"":""Loki ( Avengers )"",""identity_rules"":[""STRIP_GUIDE_CONTEXT"",""PRIMARY_ONLY""],""source_character_id"":""518035268"",""rendition"":{""guide_context"":""Avengers""}}"
Avengers,M.O.D.O.K ( Avengers ),M.O.D.O.K,"{""source_character_name"":""M.O.D.O.K ( Avengers )"",""identity_rules"":[""STRIP_GUIDE_CONTEXT"",""PRIMARY_ONLY""],""source_character_id"":""518036011"",""rendition"":{""guide_context"":""Avengers""}}"
Avengers,Makoto ( Avengers ),Makoto,"{""source_character_name"":""Makoto ( Avengers )"",""identity_rules"":[""STRIP_GUIDE_CONTEXT"",""PRIMARY_ONLY""],""source_character_id"":""1159151424"",""rendition"":{""guide_context"":""Avengers""}}"
Avengers,Malekith ( Avengers ),Malekith,"{""source_character_name"":""Malekith ( Avengers )"",""identity_rules"":[""STRIP_GUIDE_CONTEXT"",""PRIMARY_ONLY""],""source_character_id"":""518036012"",""rendition"":{""guide_context"":""Avengers""}}"
Avengers,Marvel Future Avengers Logo ( Avengers ),Marvel Future Avengers Logo,"{""source_character_name"":""Marvel Future Avengers Logo ( Avengers )"",""identity_rules"":[""STRIP_GUIDE_CONTEXT"",""PRIMARY_ONLY""],""source_character_id"":""1159151431"",""rendition"":{""guide_context"":""Avengers""}}"
Avengers,Marvel Logo ( Avengers ),Marvel Logo,"{""source_character_name"":""Marvel Logo ( Avengers )"",""identity_rules"":[""STRIP_GUIDE_CONTEXT"",""PRIMARY_ONLY""],""source_character_id"":""1159151990"",""rendition"":{""guide_context"":""Avengers""}}"
Avengers,Mech Strike Spider-Man ( Avengers ),Mech Strike Spider-Man,"{""source_character_name"":""Mech Strike Spider-Man ( Avengers )"",""identity_rules"":[""STRIP_GUIDE_CONTEXT"",""PRIMARY_ONLY""],""source_character_id"":""1159152500"",""rendition"":{""guide_context"":""Avengers""}}"
Avengers,Mockingbird ( Avengers ),Mockingbird,"{""source_character_name"":""Mockingbird ( Avengers )"",""identity_rules"":[""STRIP_GUIDE_CONTEXT"",""PRIMARY_ONLY""],""source_character_id"":""1159151412"",""rendition"":{""guide_context"":""Avengers""}}"
Avengers,Moon Knight ( Avengers ),Moon Knight,"{""source_character_name"":""Moon Knight ( Avengers )"",""identity_rules"":[""STRIP_GUIDE_CONTEXT"",""PRIMARY_ONLY""],""source_character_id"":""1159151420"",""rendition"":{""guide_context"":""Avengers""}}"
Avengers,Nebula ( Avengers ),Nebula,"{""source_character_name"":""Nebula ( Avengers )"",""identity_rules"":[""STRIP_GUIDE_CONTEXT"",""PRIMARY_ONLY""],""source_character_id"":""518036013"",""rendition"":{""guide_context"":""Avengers""}}"
Avengers,Nick Fury ( Avengers ),Nick Fury,"{""source_character_name"":""Nick Fury ( Avengers )"",""identity_rules"":[""STRIP_GUIDE_CONTEXT"",""PRIMARY_ONLY""],""source_character_id"":""518033988"",""rendition"":{""guide_context"":""Avengers""}}"
Avengers,Nighthawk ( Avengers ),Nighthawk,"{""source_character_name"":""Nighthawk ( Avengers )"",""identity_rules"":[""STRIP_GUIDE_CONTEXT"",""PRIMARY_ONLY""],""source_character_id"":""518036014"",""rendition"":{""guide_context"":""Avengers""}}"
Avengers,Okoye ( Avengers ),Okoye,"{""source_character_name"":""Okoye ( Avengers )"",""identity_rules"":[""STRIP_GUIDE_CONTEXT"",""PRIMARY_ONLY""],""source_character_id"":""1159152504"",""rendition"":{""guide_context"":""Avengers""}}"
Avengers,Power Princess Zarda ( Avengers ),Power Princess Zarda,"{""source_character_name"":""Power Princess Zarda ( Avengers )"",""identity_rules"":[""STRIP_GUIDE_CONTEXT"",""PRIMARY_ONLY""],""source_character_id"":""518036015"",""rendition"":{""guide_context"":""Avengers""}}"
Avengers,"Pym, Hank ( Avengers )",Hank Pym,"{""source_character_name"":""Pym, Hank ( Avengers )"",""identity_rules"":[""STRIP_GUIDE_CONTEXT"",""INVERT_SURNAME_FIRST"",""PRIMARY_ONLY""],""source_character_id"":""1159151415"",""rendition"":{""guide_context"":""Avengers""}}"
Avengers,Quake ( Avengers ),Quake,"{""source_character_name"":""Quake ( Avengers )"",""identity_rules"":[""STRIP_GUIDE_CONTEXT"",""PRIMARY_ONLY""],""source_character_id"":""1159152505"",""rendition"":{""guide_context"":""Avengers""}}"
Avengers,Quicksilver ( Avengers ),Quicksilver,"{""source_character_name"":""Quicksilver ( Avengers )"",""identity_rules"":[""STRIP_GUIDE_CONTEXT"",""PRIMARY_ONLY""],""source_character_id"":""518036016"",""rendition"":{""guide_context"":""Avengers""}}"
Avengers,Quinjet ( Avengers ),Quinjet,"{""source_character_name"":""Quinjet ( Avengers )"",""identity_rules"":[""STRIP_GUIDE_CONTEXT"",""PRIMARY_ONLY""],""source_character_id"":""518035269"",""rendition"":{""guide_context"":""Avengers""}}"
Avengers,"Rambeau, Monica ( Avengers )",Monica Rambeau,"{""source_character_name"":""Rambeau, Monica ( Avengers )"",""identity_rules"":[""STRIP_GUIDE_CONTEXT"",""INVERT_SURNAME_FIRST"",""PRIMARY_ONLY""],""source_character_id"":""1159151418"",""rendition"":{""guide_context"":""Avengers""}}"
Avengers,Red Hulk ( Avengers ),Red Hulk,"{""source_character_name"":""Red Hulk ( Avengers )"",""identity_rules"":[""STRIP_GUIDE_CONTEXT"",""PRIMARY_ONLY""],""source_character_id"":""518036017"",""rendition"":{""guide_context"":""Avengers""}}"
Avengers,Red She-Hulk ( Avengers ),Red She-Hulk,"{""source_character_name"":""Red She-Hulk ( Avengers )"",""identity_rules"":[""STRIP_GUIDE_CONTEXT"",""PRIMARY_ONLY""],""source_character_id"":""1159074776"",""rendition"":{""guide_context"":""Avengers""}}"
Avengers,Red Skull ( Avengers ),Red Skull,"{""source_character_name"":""Red Skull ( Avengers )"",""identity_rules"":[""STRIP_GUIDE_CONTEXT"",""PRIMARY_ONLY""],""source_character_id"":""518035270"",""rendition"":{""guide_context"":""Avengers""}}"
Avengers,Redwing ( Avengers ),Redwing,"{""source_character_name"":""Redwing ( Avengers )"",""identity_rules"":[""STRIP_GUIDE_CONTEXT"",""PRIMARY_ONLY""],""source_character_id"":""1159152506"",""rendition"":{""guide_context"":""Avengers""}}"
Avengers,"Rogers, Steve ( Avengers )",Steve Rogers,"{""source_character_name"":""Rogers, Steve ( Avengers )"",""identity_rules"":[""STRIP_GUIDE_CONTEXT"",""INVERT_SURNAME_FIRST"",""PRIMARY_ONLY""],""source_character_id"":""1159152501"",""rendition"":{""guide_context"":""Avengers""}}"
Avengers,S.H.I.E.L.D. ( Avengers ),S.H.I.E.L.D.,"{""source_character_name"":""S.H.I.E.L.D. ( Avengers )"",""identity_rules"":[""STRIP_GUIDE_CONTEXT"",""PRIMARY_ONLY""],""source_character_id"":""518033989"",""rendition"":{""guide_context"":""Avengers""}}"
Avengers,Scarlet Witch ( Avengers ),Scarlet Witch,"{""source_character_name"":""Scarlet Witch ( Avengers )"",""identity_rules"":[""STRIP_GUIDE_CONTEXT"",""PRIMARY_ONLY""],""source_character_id"":""518036018"",""rendition"":{""guide_context"":""Avengers""}}"
Avengers,She-Hulk ( Avengers ),She-Hulk,"{""source_character_name"":""She-Hulk ( Avengers )"",""identity_rules"":[""STRIP_GUIDE_CONTEXT"",""PRIMARY_ONLY""],""source_character_id"":""1159074777"",""rendition"":{""guide_context"":""Avengers""}}"
Avengers,Shuri ( Avengers ),Shuri,"{""source_character_name"":""Shuri ( Avengers )"",""identity_rules"":[""STRIP_GUIDE_CONTEXT"",""PRIMARY_ONLY""],""source_character_id"":""1159152502"",""rendition"":{""guide_context"":""Avengers""}}"
Avengers,Skrull Soldier ( Avengers ),Skrull Soldier,"{""source_character_name"":""Skrull Soldier ( Avengers )"",""identity_rules"":[""STRIP_GUIDE_CONTEXT"",""PRIMARY_ONLY""],""source_character_id"":""1159152507"",""rendition"":{""guide_context"":""Avengers""}}"
Avengers,Songbird ( Avengers ),Songbird,"{""source_character_name"":""Songbird ( Avengers )"",""identity_rules"":[""STRIP_GUIDE_CONTEXT"",""PRIMARY_ONLY""],""source_character_id"":""1159088241"",""rendition"":{""guide_context"":""Avengers""}}"
Avengers,Spider Woman ( Avengers ),Spider Woman,"{""source_character_name"":""Spider Woman ( Avengers )"",""identity_rules"":[""STRIP_GUIDE_CONTEXT"",""PRIMARY_ONLY""],""source_character_id"":""1159152508"",""rendition"":{""guide_context"":""Avengers""}}"
Avengers,Stark Industries ( Avengers ),Stark Industries,"{""source_character_name"":""Stark Industries ( Avengers )"",""identity_rules"":[""STRIP_GUIDE_CONTEXT"",""PRIMARY_ONLY""],""source_character_id"":""1159152509"",""rendition"":{""guide_context"":""Avengers""}}"
Avengers,"Stark, Tony ( Avengers )",Tony Stark,"{""source_character_name"":""Stark, Tony ( Avengers )"",""identity_rules"":[""STRIP_GUIDE_CONTEXT"",""INVERT_SURNAME_FIRST"",""PRIMARY_ONLY""],""source_character_id"":""518036019"",""rendition"":{""guide_context"":""Avengers""}}"
Avengers,Super Adaptoid ( Avengers ),Super Adaptoid,"{""source_character_name"":""Super Adaptoid ( Avengers )"",""identity_rules"":[""STRIP_GUIDE_CONTEXT"",""PRIMARY_ONLY""],""source_character_id"":""518035271"",""rendition"":{""guide_context"":""Avengers""}}"
Avengers,T`Challa ( Avengers ),T`Challa,"{""source_character_name"":""T`Challa ( Avengers )"",""identity_rules"":[""STRIP_GUIDE_CONTEXT"",""PRIMARY_ONLY""],""source_character_id"":""1159152503"",""rendition"":{""guide_context"":""Avengers""}}"
Avengers,Task Master ( Avengers ),Task Master,"{""source_character_name"":""Task Master ( Avengers )"",""identity_rules"":[""STRIP_GUIDE_CONTEXT"",""PRIMARY_ONLY""],""source_character_id"":""518036020"",""rendition"":{""guide_context"":""Avengers""}}"
Avengers,Thanos ( Avengers ),Thanos,"{""source_character_name"":""Thanos ( Avengers )"",""identity_rules"":[""STRIP_GUIDE_CONTEXT"",""PRIMARY_ONLY""],""source_character_id"":""518036021"",""rendition"":{""guide_context"":""Avengers""}}"
Avengers,Thor ( Avengers ),Thor,"{""source_character_name"":""Thor ( Avengers )"",""identity_rules"":[""STRIP_GUIDE_CONTEXT"",""PRIMARY_ONLY""],""source_character_id"":""518033990"",""rendition"":{""guide_context"":""Avengers""}}"
Avengers,Tigra ( Avengers ),Tigra,"{""source_character_name"":""Tigra ( Avengers )"",""identity_rules"":[""STRIP_GUIDE_CONTEXT"",""PRIMARY_ONLY""],""source_character_id"":""1159152510"",""rendition"":{""guide_context"":""Avengers""}}"
Avengers,Ultron ( Avengers ),Ultron,"{""source_character_name"":""Ultron ( Avengers )"",""identity_rules"":[""STRIP_GUIDE_CONTEXT"",""PRIMARY_ONLY""],""source_character_id"":""518035771"",""rendition"":{""guide_context"":""Avengers""}}"
Avengers,Veranke ( Avengers ),Veranke,"{""source_character_name"":""Veranke ( Avengers )"",""identity_rules"":[""STRIP_GUIDE_CONTEXT"",""PRIMARY_ONLY""],""source_character_id"":""1159152511"",""rendition"":{""guide_context"":""Avengers""}}"
Avengers,Vision ( Avengers ),Vision,"{""source_character_name"":""Vision ( Avengers )"",""identity_rules"":[""STRIP_GUIDE_CONTEXT"",""PRIMARY_ONLY""],""source_character_id"":""518036022"",""rendition"":{""guide_context"":""Avengers""}}"
Avengers,"Voorhees, Klaus ( Avengers )",Klaus Voorhees,"{""source_character_name"":""Voorhees, Klaus ( Avengers )"",""identity_rules"":[""STRIP_GUIDE_CONTEXT"",""INVERT_SURNAME_FIRST"",""PRIMARY_ONLY""],""source_character_id"":""1159088242"",""rendition"":{""guide_context"":""Avengers""}}"
Avengers,War Machine ( Avengers ),War Machine,"{""source_character_name"":""War Machine ( Avengers )"",""identity_rules"":[""STRIP_GUIDE_CONTEXT"",""PRIMARY_ONLY""],""source_character_id"":""518036023"",""rendition"":{""guide_context"":""Avengers""}}"
Avengers,Wasp ( Avengers ),Wasp,"{""source_character_name"":""Wasp ( Avengers )"",""identity_rules"":[""STRIP_GUIDE_CONTEXT"",""PRIMARY_ONLY""],""source_character_id"":""518036024"",""rendition"":{""guide_context"":""Avengers""}}"
Avengers,Whiplash ( Avengers ),Whiplash,"{""source_character_name"":""Whiplash ( Avengers )"",""identity_rules"":[""STRIP_GUIDE_CONTEXT"",""PRIMARY_ONLY""],""source_character_id"":""518035272"",""rendition"":{""guide_context"":""Avengers""}}"
Avengers,Winter Soldier ( Avengers ),Winter Soldier,"{""source_character_name"":""Winter Soldier ( Avengers )"",""identity_rules"":[""STRIP_GUIDE_CONTEXT"",""PRIMARY_ONLY""],""source_character_id"":""518036025"",""rendition"":{""guide_context"":""Avengers""}}"
Avengers,Wonder Man ( Avengers ),Wonder Man,"{""source_character_name"":""Wonder Man ( Avengers )"",""identity_rules"":[""STRIP_GUIDE_CONTEXT"",""PRIMARY_ONLY""],""source_character_id"":""518036026"",""rendition"":{""guide_context"":""Avengers""}}"
Avengers,Wrecker ( Avengers ),Wrecker,"{""source_character_name"":""Wrecker ( Avengers )"",""identity_rules"":[""STRIP_GUIDE_CONTEXT"",""PRIMARY_ONLY""],""source_character_id"":""518036027"",""rendition"":{""guide_context"":""Avengers""}}"
Avengers,Yellowjacket ( Avengers ),Yellowjacket,"{""source_character_name"":""Yellowjacket ( Avengers )"",""identity_rules"":[""STRIP_GUIDE_CONTEXT"",""PRIMARY_ONLY""],""source_character_id"":""1159146429"",""rendition"":{""guide_context"":""Avengers""}}"
Batman (1989) ,Alfred Pennyworth as portrayed by Michael Gough,Alfred Pennyworth,"{""source_character_name"":""Alfred Pennyworth as portrayed by Michael Gough"",""identity_rules"":[""STRIP_PORTRAYAL"",""PRIMARY_ONLY""],""source_character_id"":""2b00add3-b81d-4f46-b5c3-d3999d79ae15"",""rendition"":{""portrayed_by"":""Michael Gough""},""rendition_description"":""as portrayed by Michael Gough""}"
Batman (1989) ,Batman/Bruce Wayne as portrayed by Michael Keaton,Batman aka Bruce Wayne,"{""source_character_name"":""Batman/Bruce Wayne as portrayed by Michael Keaton"",""identity_rules"":[""STRIP_PORTRAYAL"",""SPLIT_SLASH_ALIAS"",""SPLIT_AKA"",""ALIAS_DISAMBIGUATED""],""source_character_id"":""02cfc510-6f4d-4bc7-b9e0-d5a1c3bd6579"",""rendition"":{""portrayed_by"":""Michael Keaton""},""rendition_description"":""as portrayed by Michael Keaton""}"
Batman (1989) ,Joker/Jack Napier as portrayed by Jack Nicholson,Joker,"{""source_character_name"":""Joker/Jack Napier as portrayed by Jack Nicholson"",""identity_rules"":[""STRIP_PORTRAYAL"",""SPLIT_SLASH_ALIAS"",""SPLIT_AKA"",""ALIAS_UNIQUE_MERGED""],""source_character_id"":""9c1b4976-b59e-44be-a63f-3cd3533e2e99"",""rendition"":{""portrayed_by"":""Jack Nicholson"",""alias"":""Jack Napier""},""rendition_description"":""as portrayed by Jack Nicholson · aka Jack Napier""}"
Batman (1989) ,Vicki Vale as portrayed by Kim Basinger,Vicki Vale,"{""source_character_name"":""Vicki Vale as portrayed by Kim Basinger"",""identity_rules"":[""STRIP_PORTRAYAL"",""PRIMARY_ONLY""],""source_character_id"":""3f418547-6319-4880-b71d-dfda7140901c"",""rendition"":{""portrayed_by"":""Kim Basinger""},""rendition_description"":""as portrayed by Kim Basinger""}"
Batman 85th Mash Ups,Batman aka Bruce Wayne (Batman Beyond 1999),Batman aka Bruce Wayne,"{""source_character_name"":""Batman aka Bruce Wayne (Batman Beyond 1999)"",""identity_rules"":[""STRIP_TITLE_YEAR"",""SPLIT_AKA"",""ALIAS_DISAMBIGUATED""],""source_character_id"":""e5c23d19-acb5-4f18-aac9-561faf4bc824"",""rendition"":{""title_year"":""Batman Beyond 1999""},""rendition_description"":""Batman Beyond 1999""}"
Batman 85th Mash Ups,Batman aka Bruce Wayne (Batman: The Animated Series 1992),Batman aka Bruce Wayne,"{""source_character_name"":""Batman aka Bruce Wayne (Batman: The Animated Series 1992)"",""identity_rules"":[""STRIP_TITLE_YEAR"",""SPLIT_AKA"",""ALIAS_DISAMBIGUATED""],""source_character_id"":""c99a1738-167e-4022-b9c5-695faa6d8dfd"",""rendition"":{""title_year"":""Batman: The Animated Series 1992""},""rendition_description"":""Batman: The Animated Series 1992""}"
Batman 85th Mash Ups,Batman aka Bruce Wayne (Non-Likeness) (Batman & Robin 1997),Batman aka Bruce Wayne,"{""source_character_name"":""Batman aka Bruce Wayne (Non-Likeness) (Batman & Robin 1997)"",""identity_rules"":[""STRIP_LIKENESS"",""STRIP_TITLE_YEAR"",""SPLIT_AKA"",""ALIAS_DISAMBIGUATED""],""source_character_id"":""ee1a9dbc-e22b-4c00-b73c-5dcdb2f8da7b"",""rendition"":{""likeness_label"":""Non-Likeness"",""title_year"":""Batman & Robin 1997""},""rendition_description"":""Batman & Robin 1997 · non-likeness""}"
Batman 85th Mash Ups,Batman aka Bruce Wayne (Non-Likeness) (Batman 1989),Batman aka Bruce Wayne,"{""source_character_name"":""Batman aka Bruce Wayne (Non-Likeness) (Batman 1989)"",""identity_rules"":[""STRIP_LIKENESS"",""STRIP_TITLE_YEAR"",""SPLIT_AKA"",""ALIAS_DISAMBIGUATED""],""source_character_id"":""b77b7a93-396d-4a84-bcfe-347b52dba71e"",""rendition"":{""likeness_label"":""Non-Likeness"",""title_year"":""Batman 1989""},""rendition_description"":""Batman 1989 · non-likeness""}"
Batman 85th Mash Ups,Batman aka Bruce Wayne (Non-Likeness) (Batman Begins 2005),Batman aka Bruce Wayne,"{""source_character_name"":""Batman aka Bruce Wayne (Non-Likeness) (Batman Begins 2005)"",""identity_rules"":[""STRIP_LIKENESS"",""STRIP_TITLE_YEAR"",""SPLIT_AKA"",""ALIAS_DISAMBIGUATED""],""source_character_id"":""f57c2bc4-70d9-4d8e-b6b6-674b5dedeefb"",""rendition"":{""likeness_label"":""Non-Likeness"",""title_year"":""Batman Begins 2005""},""rendition_description"":""Batman Begins 2005 · non-likeness""}"
Batman 85th Mash Ups,Batman aka Bruce Wayne (Non-Likeness) (Batman Forever 1995),Batman aka Bruce Wayne,"{""source_character_name"":""Batman aka Bruce Wayne (Non-Likeness) (Batman Forever 1995)"",""identity_rules"":[""STRIP_LIKENESS"",""STRIP_TITLE_YEAR"",""SPLIT_AKA"",""ALIAS_DISAMBIGUATED""],""source_character_id"":""93e8a98d-4e14-48bc-82de-48c6db88510c"",""rendition"":{""likeness_label"":""Non-Likeness"",""title_year"":""Batman Forever 1995""},""rendition_description"":""Batman Forever 1995 · non-likeness""}"
Batman 85th Mash Ups,Batman aka Bruce Wayne (Non-Likeness) (Batman Returns 1992),Batman aka Bruce Wayne,"{""source_character_name"":""Batman aka Bruce Wayne (Non-Likeness) (Batman Returns 1992)"",""identity_rules"":[""STRIP_LIKENESS"",""STRIP_TITLE_YEAR"",""SPLIT_AKA"",""ALIAS_DISAMBIGUATED""],""source_character_id"":""38f64326-0e92-4b07-bc38-7441033ecbb4"",""rendition"":{""likeness_label"":""Non-Likeness"",""title_year"":""Batman Returns 1992""},""rendition_description"":""Batman Returns 1992 · non-likeness""}"
Batman 85th Mash Ups,Batman aka Bruce Wayne (Non-Likeness) (Batman vs Superman 2016),Batman aka Bruce Wayne,"{""source_character_name"":""Batman aka Bruce Wayne (Non-Likeness) (Batman vs Superman 2016)"",""identity_rules"":[""STRIP_LIKENESS"",""STRIP_TITLE_YEAR"",""SPLIT_AKA"",""ALIAS_DISAMBIGUATED""],""source_character_id"":""905c6dfa-c7f4-4eaf-a4f9-b5213de5f236"",""rendition"":{""likeness_label"":""Non-Likeness"",""title_year"":""Batman vs Superman 2016""},""rendition_description"":""Batman vs Superman 2016 · non-likeness""}"
Batman 85th Mash Ups,Batman aka Bruce Wayne (Non-Likeness) (The Dark Knight 2008),Batman aka Bruce Wayne,"{""source_character_name"":""Batman aka Bruce Wayne (Non-Likeness) (The Dark Knight 2008)"",""identity_rules"":[""STRIP_LIKENESS"",""STRIP_TITLE_YEAR"",""SPLIT_AKA"",""ALIAS_DISAMBIGUATED""],""source_character_id"":""d5cc76b6-e982-4a82-80d0-135e0f405826"",""rendition"":{""likeness_label"":""Non-Likeness"",""title_year"":""The Dark Knight 2008""},""rendition_description"":""The Dark Knight 2008 · non-likeness""}"
Batman 85th Mash Ups,Batman aka Bruce Wayne as portrayed by Ben Affleck (Batman vs Superman 2016),Batman aka Bruce Wayne,"{""source_character_name"":""Batman aka Bruce Wayne as portrayed by Ben Affleck (Batman vs Superman 2016)"",""identity_rules"":[""STRIP_PORTRAYAL"",""STRIP_TITLE_YEAR"",""SPLIT_AKA"",""ALIAS_DISAMBIGUATED""],""source_character_id"":""a3455a97-a730-41da-ba83-00e41ee6f529"",""rendition"":{""portrayed_by"":""Ben Affleck"",""title_year"":""Batman vs Superman 2016""},""rendition_description"":""Batman vs Superman 2016 · as portrayed by Ben Affleck""}"
Batman 85th Mash Ups,Batman aka Bruce Wayne as portrayed by Christian Bale (Batman Begins 2005),Batman aka Bruce Wayne,"{""source_character_name"":""Batman aka Bruce Wayne as portrayed by Christian Bale (Batman Begins 2005)"",""identity_rules"":[""STRIP_PORTRAYAL"",""STRIP_TITLE_YEAR"",""SPLIT_AKA"",""ALIAS_DISAMBIGUATED""],""source_character_id"":""057c0b0b-6aea-4099-ab58-ac816eceaecb"",""rendition"":{""portrayed_by"":""Christian Bale"",""title_year"":""Batman Begins 2005""},""rendition_description"":""Batman Begins 2005 · as portrayed by Christian Bale""}"
Batman 85th Mash Ups,Batman aka Bruce Wayne as portrayed by Christian Bale (Dark Knight Rises 2012),Batman aka Bruce Wayne,"{""source_character_name"":""Batman aka Bruce Wayne as portrayed by Christian Bale (Dark Knight Rises 2012)"",""identity_rules"":[""STRIP_PORTRAYAL"",""STRIP_TITLE_YEAR"",""SPLIT_AKA"",""ALIAS_DISAMBIGUATED""],""source_character_id"":""8ddd3850-c41a-4a85-9df5-dfbfa2675a1e"",""rendition"":{""portrayed_by"":""Christian Bale"",""title_year"":""Dark Knight Rises 2012""},""rendition_description"":""Dark Knight Rises 2012 · as portrayed by Christian Bale""}"
Batman 85th Mash Ups,Batman aka Bruce Wayne as portrayed by Christian Bale (The Dark Knight 2008),Batman aka Bruce Wayne,"{""source_character_name"":""Batman aka Bruce Wayne as portrayed by Christian Bale (The Dark Knight 2008)"",""identity_rules"":[""STRIP_PORTRAYAL"",""STRIP_TITLE_YEAR"",""SPLIT_AKA"",""ALIAS_DISAMBIGUATED""],""source_character_id"":""d4864169-57a5-40e2-b1f8-27ffb59774dc"",""rendition"":{""portrayed_by"":""Christian Bale"",""title_year"":""The Dark Knight 2008""},""rendition_description"":""The Dark Knight 2008 · as portrayed by Christian Bale""}"
Batman 85th Mash Ups,Batman aka Bruce Wayne as portrayed by George Clooney (Batman & Robin 1997),Batman aka Bruce Wayne,"{""source_character_name"":""Batman aka Bruce Wayne as portrayed by George Clooney (Batman & Robin 1997)"",""identity_rules"":[""STRIP_PORTRAYAL"",""STRIP_TITLE_YEAR"",""SPLIT_AKA"",""ALIAS_DISAMBIGUATED""],""source_character_id"":""4098ca6f-de99-4acc-844b-3201b0e234d5"",""rendition"":{""portrayed_by"":""George Clooney"",""title_year"":""Batman & Robin 1997""},""rendition_description"":""Batman & Robin 1997 · as portrayed by George Clooney""}"
Batman 85th Mash Ups,Batman aka Bruce Wayne as portrayed by Michael Keaton (Batman 1989),Batman aka Bruce Wayne,"{""source_character_name"":""Batman aka Bruce Wayne as portrayed by Michael Keaton (Batman 1989)"",""identity_rules"":[""STRIP_PORTRAYAL"",""STRIP_TITLE_YEAR"",""SPLIT_AKA"",""ALIAS_DISAMBIGUATED""],""source_character_id"":""2791c974-9af5-4d3e-98de-452c4ba6dadd"",""rendition"":{""portrayed_by"":""Michael Keaton"",""title_year"":""Batman 1989""},""rendition_description"":""Batman 1989 · as portrayed by Michael Keaton""}"
Batman 85th Mash Ups,Batman aka Bruce Wayne as portrayed by Michael keaton (Batman Returns 1992),Batman aka Bruce Wayne,"{""source_character_name"":""Batman aka Bruce Wayne as portrayed by Michael keaton (Batman Returns 1992)"",""identity_rules"":[""STRIP_PORTRAYAL"",""STRIP_TITLE_YEAR"",""SPLIT_AKA"",""ALIAS_DISAMBIGUATED""],""source_character_id"":""a4ff92a5-86d8-4b3b-b26d-2b08b773f182"",""rendition"":{""portrayed_by"":""Michael keaton"",""title_year"":""Batman Returns 1992""},""rendition_description"":""Batman Returns 1992 · as portrayed by Michael keaton""}"
Batman 85th Mash Ups,Batman aka Bruce Wayne as portrayed by Val Kilmer (Batman Forever 1995),Batman aka Bruce Wayne,"{""source_character_name"":""Batman aka Bruce Wayne as portrayed by Val Kilmer (Batman Forever 1995)"",""identity_rules"":[""STRIP_PORTRAYAL"",""STRIP_TITLE_YEAR"",""SPLIT_AKA"",""ALIAS_DISAMBIGUATED""],""source_character_id"":""45f6ba8c-ce83-4099-b309-16baa64a9f3e"",""rendition"":{""portrayed_by"":""Val Kilmer"",""title_year"":""Batman Forever 1995""},""rendition_description"":""Batman Forever 1995 · as portrayed by Val Kilmer""}"
Batman 85th Mash Ups,Batman aka Bruce Wayne(Non-Likeness) (Dark Knight Rises 2012),Batman aka Bruce Wayne,"{""source_character_name"":""Batman aka Bruce Wayne(Non-Likeness) (Dark Knight Rises 2012)"",""identity_rules"":[""STRIP_LIKENESS"",""STRIP_TITLE_YEAR"",""SPLIT_AKA"",""ALIAS_DISAMBIGUATED""],""source_character_id"":""1c162d97-a15f-47bd-a999-9b6b708e5fda"",""rendition"":{""likeness_label"":""Non-Likeness"",""title_year"":""Dark Knight Rises 2012""},""rendition_description"":""Dark Knight Rises 2012 · non-likeness""}"
Batman 85th Mash Ups,Batman aka Terry McGinnis (Batman Beyond 1999),Batman aka Terry McGinnis,"{""source_character_name"":""Batman aka Terry McGinnis (Batman Beyond 1999)"",""identity_rules"":[""STRIP_TITLE_YEAR"",""SPLIT_AKA"",""ALIAS_DISAMBIGUATED""],""source_character_id"":""dea628bc-b9e3-4067-bd48-3e9516859110"",""rendition"":{""title_year"":""Batman Beyond 1999""},""rendition_description"":""Batman Beyond 1999""}"
Batman 85th Mash Ups,Batmobile (Batman & Robin 1997),BATMOBILE,"{""source_character_name"":""Batmobile (Batman & Robin 1997)"",""identity_rules"":[""STRIP_TITLE_YEAR"",""PRIMARY_ONLY""],""source_character_id"":""7340aa37-2751-4090-a33e-f619a7a20cc2"",""rendition"":{""title_year"":""Batman & Robin 1997""},""rendition_description"":""Batman & Robin 1997""}"
Batman 85th Mash Ups,Batmobile (Batman 1989),BATMOBILE,"{""source_character_name"":""Batmobile (Batman 1989)"",""identity_rules"":[""STRIP_TITLE_YEAR"",""PRIMARY_ONLY""],""source_character_id"":""ceeadb4c-7529-4051-ba66-17df5bbf496e"",""rendition"":{""title_year"":""Batman 1989""},""rendition_description"":""Batman 1989""}"
Batman 85th Mash Ups,Batmobile (Batman Begins 2005),BATMOBILE,"{""source_character_name"":""Batmobile (Batman Begins 2005)"",""identity_rules"":[""STRIP_TITLE_YEAR"",""PRIMARY_ONLY""],""source_character_id"":""7e6ad52f-56a4-4fa4-a10e-a8b9aec43ce3"",""rendition"":{""title_year"":""Batman Begins 2005""},""rendition_description"":""Batman Begins 2005""}"
Batman 85th Mash Ups,Batmobile (Batman Beyond 1999),BATMOBILE,"{""source_character_name"":""Batmobile (Batman Beyond 1999)"",""identity_rules"":[""STRIP_TITLE_YEAR"",""PRIMARY_ONLY""],""source_character_id"":""8e2b3988-7652-42f9-aa42-22e06b1c26ae"",""rendition"":{""title_year"":""Batman Beyond 1999""},""rendition_description"":""Batman Beyond 1999""}"
Batman 85th Mash Ups,Batmobile (Batman Forever 1995),BATMOBILE,"{""source_character_name"":""Batmobile (Batman Forever 1995)"",""identity_rules"":[""STRIP_TITLE_YEAR"",""PRIMARY_ONLY""],""source_character_id"":""f5a8f200-affe-4cbc-a54c-e1afd8043290"",""rendition"":{""title_year"":""Batman Forever 1995""},""rendition_description"":""Batman Forever 1995""}"
Batman 85th Mash Ups,Batmobile (Batman Returns 1992),BATMOBILE,"{""source_character_name"":""Batmobile (Batman Returns 1992)"",""identity_rules"":[""STRIP_TITLE_YEAR"",""PRIMARY_ONLY""],""source_character_id"":""cb4108b2-d55c-4f45-b126-8bc7b8052ab9"",""rendition"":{""title_year"":""Batman Returns 1992""},""rendition_description"":""Batman Returns 1992""}"
Batman 85th Mash Ups,Batmobile (Batman vs Superman 2016),BATMOBILE,"{""source_character_name"":""Batmobile (Batman vs Superman 2016)"",""identity_rules"":[""STRIP_TITLE_YEAR"",""PRIMARY_ONLY""],""source_character_id"":""0f1143a2-bbd7-4466-97e9-8ce07962367c"",""rendition"":{""title_year"":""Batman vs Superman 2016""},""rendition_description"":""Batman vs Superman 2016""}"
Batman 85th Mash Ups,Batmobile (Batman: The Animated Series 1992),BATMOBILE,"{""source_character_name"":""Batmobile (Batman: The Animated Series 1992)"",""identity_rules"":[""STRIP_TITLE_YEAR"",""PRIMARY_ONLY""],""source_character_id"":""90e789aa-1f68-4825-af36-f11a898632fb"",""rendition"":{""title_year"":""Batman: The Animated Series 1992""},""rendition_description"":""Batman: The Animated Series 1992""}"
Batman 85th Mash Ups,Batmobile (The Batman 2022),BATMOBILE,"{""source_character_name"":""Batmobile (The Batman 2022)"",""identity_rules"":[""STRIP_TITLE_YEAR"",""PRIMARY_ONLY""],""source_character_id"":""d8f2d515-758b-4083-82bf-de54ed713bd2"",""rendition"":{""title_year"":""The Batman 2022""},""rendition_description"":""The Batman 2022""}"
Batman 85th Mash Ups,No Reportable Elements (Batman & Robin 1997),No Reportable Elements,"{""source_character_name"":""No Reportable Elements (Batman & Robin 1997)"",""identity_rules"":[""STRIP_TITLE_YEAR"",""PRIMARY_ONLY""],""source_character_id"":""b6ac7239-38c0-4404-913d-c2cc0f42c3f8"",""rendition"":{""title_year"":""Batman & Robin 1997""},""rendition_description"":""Batman & Robin 1997""}"
Batman 85th Mash Ups,No Reportable Elements (Batman 1989),No Reportable Elements,"{""source_character_name"":""No Reportable Elements (Batman 1989)"",""identity_rules"":[""STRIP_TITLE_YEAR"",""PRIMARY_ONLY""],""source_character_id"":""9c097a69-aa59-4561-b2e8-ffe99c998836"",""rendition"":{""title_year"":""Batman 1989""},""rendition_description"":""Batman 1989""}"
Batman 85th Mash Ups,No Reportable Elements (Batman Begins 2005),No Reportable Elements,"{""source_character_name"":""No Reportable Elements (Batman Begins 2005)"",""identity_rules"":[""STRIP_TITLE_YEAR"",""PRIMARY_ONLY""],""source_character_id"":""dfa9c0b0-53bf-406a-b556-dda45cdd8d1c"",""rendition"":{""title_year"":""Batman Begins 2005""},""rendition_description"":""Batman Begins 2005""}"
Batman 85th Mash Ups,No Reportable Elements (Batman Beyond 1999),No Reportable Elements,"{""source_character_name"":""No Reportable Elements (Batman Beyond 1999)"",""identity_rules"":[""STRIP_TITLE_YEAR"",""PRIMARY_ONLY""],""source_character_id"":""76c6222f-04f7-4bc1-9620-cbc024807612"",""rendition"":{""title_year"":""Batman Beyond 1999""},""rendition_description"":""Batman Beyond 1999""}"
Batman 85th Mash Ups,No Reportable Elements (Batman Forever 1995),No Reportable Elements,"{""source_character_name"":""No Reportable Elements (Batman Forever 1995)"",""identity_rules"":[""STRIP_TITLE_YEAR"",""PRIMARY_ONLY""],""source_character_id"":""e2bf74af-5177-419f-ac85-466eeb45883e"",""rendition"":{""title_year"":""Batman Forever 1995""},""rendition_description"":""Batman Forever 1995""}"
Batman 85th Mash Ups,No Reportable Elements (Batman Returns 1992),No Reportable Elements,"{""source_character_name"":""No Reportable Elements (Batman Returns 1992)"",""identity_rules"":[""STRIP_TITLE_YEAR"",""PRIMARY_ONLY""],""source_character_id"":""ba53c5b1-0ef7-4423-9740-a67540c3adba"",""rendition"":{""title_year"":""Batman Returns 1992""},""rendition_description"":""Batman Returns 1992""}"
Batman 85th Mash Ups,No Reportable Elements (Batman vs Superman 2016),No Reportable Elements,"{""source_character_name"":""No Reportable Elements (Batman vs Superman 2016)"",""identity_rules"":[""STRIP_TITLE_YEAR"",""PRIMARY_ONLY""],""source_character_id"":""40f6a12d-fd25-4766-8a6a-545232ddad1d"",""rendition"":{""title_year"":""Batman vs Superman 2016""},""rendition_description"":""Batman vs Superman 2016""}"
Batman 85th Mash Ups,No Reportable Elements (Batman: The Animated Series 1992),No Reportable Elements,"{""source_character_name"":""No Reportable Elements (Batman: The Animated Series 1992)"",""identity_rules"":[""STRIP_TITLE_YEAR"",""PRIMARY_ONLY""],""source_character_id"":""911e0b3e-06e6-4cb0-aa99-84e3759777de"",""rendition"":{""title_year"":""Batman: The Animated Series 1992""},""rendition_description"":""Batman: The Animated Series 1992""}"
Batman 85th Mash Ups,No Reportable Elements (Dark Knight Rises 2012),No Reportable Elements,"{""source_character_name"":""No Reportable Elements (Dark Knight Rises 2012)"",""identity_rules"":[""STRIP_TITLE_YEAR"",""PRIMARY_ONLY""],""source_character_id"":""947a1953-5140-474c-9fad-02b2a47242b3"",""rendition"":{""title_year"":""Dark Knight Rises 2012""},""rendition_description"":""Dark Knight Rises 2012""}"
Batman 85th Mash Ups,No Reportable Elements (The Batman 2022),No Reportable Elements,"{""source_character_name"":""No Reportable Elements (The Batman 2022)"",""identity_rules"":[""STRIP_TITLE_YEAR"",""PRIMARY_ONLY""],""source_character_id"":""6fd71b5b-c952-4b00-b6cd-83fa36b37b27"",""rendition"":{""title_year"":""The Batman 2022""},""rendition_description"":""The Batman 2022""}"
Batman 85th Mash Ups,No Reportable Elements (The Dark Knight 2008),No Reportable Elements,"{""source_character_name"":""No Reportable Elements (The Dark Knight 2008)"",""identity_rules"":[""STRIP_TITLE_YEAR"",""PRIMARY_ONLY""],""source_character_id"":""5eda52dc-94aa-4dd2-996f-6dd7e6448b21"",""rendition"":{""title_year"":""The Dark Knight 2008""},""rendition_description"":""The Dark Knight 2008""}"
Batman Begins (2005),Alfred As Portrayed By Michael Caine,ALFRED,"{""source_character_name"":""Alfred As Portrayed By Michael Caine"",""identity_rules"":[""STRIP_PORTRAYAL"",""PRIMARY_ONLY""],""source_character_id"":""045dff71-67aa-4d06-8888-3fb5806477e1"",""rendition"":{""portrayed_by"":""Michael Caine""},""rendition_description"":""as portrayed by Michael Caine""}"
Batman Begins (2005),Batman aka Bruce Wayne as portrayed by Christian Bale,Batman aka Bruce Wayne,"{""source_character_name"":""Batman aka Bruce Wayne as portrayed by Christian Bale"",""identity_rules"":[""STRIP_PORTRAYAL"",""SPLIT_AKA"",""ALIAS_DISAMBIGUATED""],""source_character_id"":""00fd022d-28ba-4b04-8ef5-4817aa6412d1"",""rendition"":{""portrayed_by"":""Christian Bale""},""rendition_description"":""as portrayed by Christian Bale""}"
Batman Begins (2005),Batman As Portrayed By Christian Bale,BATMAN,"{""source_character_name"":""Batman As Portrayed By Christian Bale"",""identity_rules"":[""STRIP_PORTRAYAL"",""BARE_PRIMARY_KEPT""],""source_character_id"":""cb22f4af-b140-461a-8d14-9c11fa2337e1"",""rendition"":{""portrayed_by"":""Christian Bale""},""rendition_description"":""as portrayed by Christian Bale""}"
Batman Begins (2005),Commissioner Gordan As Portrayed By Gary Oldman,Commissioner Gordan,"{""source_character_name"":""Commissioner Gordan As Portrayed By Gary Oldman"",""identity_rules"":[""STRIP_PORTRAYAL"",""PRIMARY_ONLY""],""source_character_id"":""07d01e5a-f955-4499-a107-98d008b09de1"",""rendition"":{""portrayed_by"":""Gary Oldman""},""rendition_description"":""as portrayed by Gary Oldman""}"
Batman Begins (2005),Crane As Portrayed By Cillian Murphy,Crane,"{""source_character_name"":""Crane As Portrayed By Cillian Murphy"",""identity_rules"":[""STRIP_PORTRAYAL"",""PRIMARY_ONLY""],""source_character_id"":""52cb2bf7-2587-40b8-a63d-9f23fe878f0c"",""rendition"":{""portrayed_by"":""Cillian Murphy""},""rendition_description"":""as portrayed by Cillian Murphy""}"
Batman Begins (2005),Earle As Portrayed By Rutger Hauer,Earle,"{""source_character_name"":""Earle As Portrayed By Rutger Hauer"",""identity_rules"":[""STRIP_PORTRAYAL"",""PRIMARY_ONLY""],""source_character_id"":""305541cb-fc14-4a7c-8488-579a4292addc"",""rendition"":{""portrayed_by"":""Rutger Hauer""},""rendition_description"":""as portrayed by Rutger Hauer""}"
Batman Begins (2005),Falconi As Portrayed By Tom Wilkinson,Falconi,"{""source_character_name"":""Falconi As Portrayed By Tom Wilkinson"",""identity_rules"":[""STRIP_PORTRAYAL"",""PRIMARY_ONLY""],""source_character_id"":""9a14264d-3b4d-4528-95d8-fbe2ed6116b1"",""rendition"":{""portrayed_by"":""Tom Wilkinson""},""rendition_description"":""as portrayed by Tom Wilkinson""}"
Batman Begins (2005),Flass As Portrayed By Mark Boone Jr.,Flass,"{""source_character_name"":""Flass As Portrayed By Mark Boone Jr."",""identity_rules"":[""STRIP_PORTRAYAL"",""PRIMARY_ONLY""],""source_character_id"":""15b07fc9-78d2-4c4d-8dcc-57ca225d9345"",""rendition"":{""portrayed_by"":""Mark Boone Jr.""},""rendition_description"":""as portrayed by Mark Boone Jr.""}"
Batman Begins (2005),Fox As Portrayed By Morgan Freeman,Fox,"{""source_character_name"":""Fox As Portrayed By Morgan Freeman"",""identity_rules"":[""STRIP_PORTRAYAL"",""PRIMARY_ONLY""],""source_character_id"":""b3a2461c-e6fb-4bd9-8fac-fe7ba36a94e3"",""rendition"":{""portrayed_by"":""Morgan Freeman""},""rendition_description"":""as portrayed by Morgan Freeman""}"
Batman Begins (2005),Henri Ducard As Portrayed By Liam Neeson,Henri Ducard,"{""source_character_name"":""Henri Ducard As Portrayed By Liam Neeson"",""identity_rules"":[""STRIP_PORTRAYAL"",""PRIMARY_ONLY""],""source_character_id"":""7dcc47e1-ead6-4e6c-84a4-04dfe5c64ad4"",""rendition"":{""portrayed_by"":""Liam Neeson""},""rendition_description"":""as portrayed by Liam Neeson""}"
Batman Begins (2005),Rachel Dawes As Portrayed By Katie Holmes,Rachel Dawes,"{""source_character_name"":""Rachel Dawes As Portrayed By Katie Holmes"",""identity_rules"":[""STRIP_PORTRAYAL"",""PRIMARY_ONLY""],""source_character_id"":""058d6e15-9e1e-43d0-b9da-c6001c0d0d2e"",""rendition"":{""portrayed_by"":""Katie Holmes""},""rendition_description"":""as portrayed by Katie Holmes""}"
Batman Begins (2005),Ras Al Ghul As Portrayed By Ken Watanabe,Ras Al Ghul,"{""source_character_name"":""Ras Al Ghul As Portrayed By Ken Watanabe"",""identity_rules"":[""STRIP_PORTRAYAL"",""PRIMARY_ONLY""],""source_character_id"":""1cf6c491-280e-4dbf-a515-689b814ce44f"",""rendition"":{""portrayed_by"":""Ken Watanabe""},""rendition_description"":""as portrayed by Ken Watanabe""}"
Batman Begins (2005),Thomas Wayne As Portrayed By Linus Roache,Thomas Wayne,"{""source_character_name"":""Thomas Wayne As Portrayed By Linus Roache"",""identity_rules"":[""STRIP_PORTRAYAL"",""PRIMARY_ONLY""],""source_character_id"":""39798f90-611b-4672-9044-9417f41450e7"",""rendition"":{""portrayed_by"":""Linus Roache""},""rendition_description"":""as portrayed by Linus Roache""}"
Batman Begins (2005),Young Bruce Wayne As Portrayed By Gus Lewis,Young Bruce Wayne,"{""source_character_name"":""Young Bruce Wayne As Portrayed By Gus Lewis"",""identity_rules"":[""STRIP_PORTRAYAL"",""PRIMARY_ONLY""],""source_character_id"":""5eaf5a33-4cda-4a22-ab51-765708359f94"",""rendition"":{""portrayed_by"":""Gus Lewis""},""rendition_description"":""as portrayed by Gus Lewis""}"
Batman Beyond: Animated Series ,Man-Bat aka Kirk Langstrom,Man-Bat,"{""source_character_name"":""Man-Bat aka Kirk Langstrom"",""identity_rules"":[""SPLIT_AKA"",""ALIAS_UNIQUE_MERGED""],""source_character_id"":""6db2a275-40c1-4a49-b7c4-d7d2e2b7930a"",""rendition"":{""alias"":""Kirk Langstrom""},""rendition_description"":""aka Kirk Langstrom""}"
Batman Core,Azrael aka Jean Paul Valley,Azrael,"{""source_character_name"":""Azrael aka Jean Paul Valley"",""identity_rules"":[""SPLIT_AKA"",""ALIAS_UNIQUE_MERGED""],""source_character_id"":""99f3b44e-ff20-48c6-82b9-01fce6c47179"",""rendition"":{""alias"":""Jean Paul Valley""},""rendition_description"":""aka Jean Paul Valley""}"
Batman Core,Blackfire aka Komand`r,Blackfire,"{""source_character_name"":""Blackfire aka Komand`r"",""identity_rules"":[""SPLIT_AKA"",""ALIAS_UNIQUE_MERGED""],""source_character_id"":""7380aa84-0cd0-469c-be93-d1c85ca24ab7"",""rendition"":{""alias"":""Komand`r""},""rendition_description"":""aka Komand`r""}"
Batman Core,Bronze Tiger aka Ben Turner,Bronze Tiger,"{""source_character_name"":""Bronze Tiger aka Ben Turner"",""identity_rules"":[""SPLIT_AKA"",""ALIAS_UNIQUE_MERGED""],""source_character_id"":""9aceaeee-b45f-4504-97a5-63312ca19ec1"",""rendition"":{""alias"":""Ben Turner""},""rendition_description"":""aka Ben Turner""}"
Batman Core,Commissioner Gordon aka Jim Gordon aka James Gordon,COMMISSIONER GORDON,"{""source_character_name"":""Commissioner Gordon aka Jim Gordon aka James Gordon"",""identity_rules"":[""SPLIT_AKA"",""ALIAS_UNIQUE_MERGED""],""source_character_id"":""bd61e1e1-c946-403d-8e3c-0be0eea487c2"",""rendition"":{""alias"":""Jim Gordon aka James Gordon""},""rendition_description"":""aka Jim Gordon aka James Gordon""}"
Batman Core,Commissioner Gordon aka Jim Gordon aka James Gordon,COMMISSIONER GORDON,"{""source_character_name"":""Commissioner Gordon aka Jim Gordon aka James Gordon"",""identity_rules"":[""SPLIT_AKA"",""ALIAS_UNIQUE_MERGED""],""source_character_id"":""bb4c6485-219f-462a-84b4-ffd96fec323b"",""rendition"":{""alias"":""Jim Gordon aka James Gordon""},""rendition_description"":""aka Jim Gordon aka James Gordon""}"
Batman Core,Commissioner Gordon aka Jim Gordon aka James Gordon,COMMISSIONER GORDON,"{""source_character_name"":""Commissioner Gordon aka Jim Gordon aka James Gordon"",""identity_rules"":[""SPLIT_AKA"",""ALIAS_UNIQUE_MERGED""],""source_character_id"":""6519ca80-a59f-46b4-a19c-80adb38361b3"",""rendition"":{""alias"":""Jim Gordon aka James Gordon""},""rendition_description"":""aka Jim Gordon aka James Gordon""}"
