style_guide,character_name,source_character_id,components,reason,decision
Camp Rock,"Camp Rock - Jason, Nate & Shane",518032248,jason | nate | shane,"Combination row naming characters that appear nowhere else under this licensor: jason, nate, shane",
Camp Rock,"Camp Rock - Jason, Nate, Shane & Mitchie",518032306,jason | nate | shane | mitchie,"Combination row naming characters that appear nowhere else under this licensor: jason, nate, shane, mitchie",
Camp Rock,Camp Rock - Shane & Mitchie,518032307,shane | mitchie,"Combination row naming characters that appear nowhere else under this licensor: shane, mitchie",
Camp Rock 2,"Camp Rock 2 - Jason, Nate & Shane",518032705,jason | nate | shane,"Combination row naming characters that appear nowhere else under this licensor: jason, nate, shane",
Camp Rock 2,"Camp Rock 2 - Jason, Nate, Shane & Mitchie",518032706,jason | nate | shane | mitchie,"Combination row naming characters that appear nowhere else under this licensor: jason, nate, shane, mitchie",
Camp Rock 2,Camp Rock 2 - Shane & Mitchie,518032708,shane | mitchie,"Combination row naming characters that appear nowhere else under this licensor: shane, mitchie",
Cars,"Cars - King, Mario and Ferrari car only",518032003,king | mario | ferrari car only,"Combination row naming characters that appear nowhere else under this licensor: king, mario, ferrari car only",
Cars,Cars - Mia & Tia alone,518031691,mia | tia alone,"Combination row naming characters that appear nowhere else under this licensor: mia, tia alone",
Cars 2,"Cars 2 - Doc Hudson,Hudson Hornet Piston Cup, Sarge, Acer - Alone/Together",518032902,doc hudson | hudson hornet piston cup | sarge | acer alone together,"Combination row naming characters that appear nowhere else under this licensor: doc hudson, hudson hornet piston cup, sarge, acer alone together",
Cars 2,Cars 2 - Jeff Gorvette with 24 & Signature - Alone,518032910,jeff gorvette with 24 | signature alone,"Combination row naming characters that appear nowhere else under this licensor: jeff gorvette with 24, signature alone",
Cars 2,"Cars 2 - Nigel Gearsley crew chief, BMW, Mini Cooper - Alone/Together",518032901,nigel gearsley crew chief | bmw | mini cooper alone together,"Combination row naming characters that appear nowhere else under this licensor: nigel gearsley crew chief, bmw, mini cooper alone together",
Cars 2,"Cars 2 - Ramone, Bub Cutlass, Cori Vetta - Alone/Together",518032904,ramone | bub cutlass | cori vetta alone together,"Combination row naming characters that appear nowhere else under this licensor: ramone, bub cutlass, cori vetta alone together",
Cars 3,Cars 3 - Jeff Gorvette and 24 & Signature,1159069088,jeff gorvette | 24 | signature,"Combination row naming characters that appear nowhere else under this licensor: jeff gorvette, 24, signature",
Disney Stitch Franchise,Leroy & Stitch (DSF),1159372629,leroy | stitch dsf,"Combination row naming characters that appear nowhere else under this licensor: leroy, stitch dsf",
Disney Stitch Franchise,Lilo & Stitch The Series (DSF),1159372630,lilo | stitch the series dsf,"Combination row naming characters that appear nowhere else under this licensor: lilo, stitch the series dsf",
Disney Zombies,"Disney Zombies - Addison, Zoey, Eliza, Zed, Bucky, Bonzo",1159075358,addison | zoey | eliza | zed | bucky | bonzo,"Combination row naming characters that appear nowhere else under this licensor: addison, zoey, eliza, zed, bucky, bonzo",
Disney Zombies,"Disney Zombies - Bonzo, Zed, Eliza",1159075359,bonzo | zed | eliza,"Combination row naming characters that appear nowhere else under this licensor: bonzo, zed, eliza",
Disney Zombies,"Disney Zombies - Eliza, Zed, Addison, Bonzo",1159075360,eliza | zed | addison | bonzo,"Combination row naming characters that appear nowhere else under this licensor: eliza, zed, addison, bonzo",
High School Musical,"High School Musical - Troy, Gabriella, Chad, Taylor, Sharpay, Ryan",518032284,troy | gabriella | chad | taylor | sharpay | ryan,"Combination row naming characters that appear nowhere else under this licensor: troy, gabriella, chad, taylor, sharpay, ryan",
High School Musical 2,"High School Musical 2 - Gabriella, Taylor & Troy",518032338,gabriella | taylor | troy,"Combination row naming characters that appear nowhere else under this licensor: gabriella, taylor, troy",
High School Musical 2,"High School Musical 2 - Troy, Gabriella, Chad, Taylor, Sharpay, Ryan",518032170,troy | gabriella | chad | taylor | sharpay | ryan,"Combination row naming characters that appear nowhere else under this licensor: troy, gabriella, chad, taylor, sharpay, ryan",
High School Musical 2,"High School Musical 2 - Troy, Taylor, Sharpay",518032440,troy | taylor | sharpay,"Combination row naming characters that appear nowhere else under this licensor: troy, taylor, sharpay",
High School Musical 3,"High School Musical 3 - Troy, Gabriella, Chad, Taylor, Sharpay, Ryan",518032329,troy | gabriella | chad | taylor | sharpay | ryan,"Combination row naming characters that appear nowhere else under this licensor: troy, gabriella, chad, taylor, sharpay, ryan",
High School Musical 3,"High School Musical 3 - Troy, Gabrielle, Sharpay, Ryan",518032442,troy | gabrielle | sharpay | ryan,"Combination row naming characters that appear nowhere else under this licensor: troy, gabrielle, sharpay, ryan",
High School Musical: The Musical: The Series,"High School Musical: The Musical-General (No Name, Likeness, Voice Royalty)",1159100028,high school musical the musical general no name | likeness | voice royalty,"Combination row naming characters that appear nowhere else under this licensor: high school musical the musical general no name, likeness, voice royalty",
Looney Tunes Core,Bugs Bunny & Harley Davidson,063e2fc4-5d53-4082-b8eb-161a8462e67c,bugs bunny | harley davidson,Combination row naming characters that appear nowhere else under this licensor: harley davidson,
Looney Tunes Core,Cottontail Smith & Horse,8f43c95c-fb9d-472f-8189-690a2c3502ca,cottontail smith | horse,"Combination row naming characters that appear nowhere else under this licensor: cottontail smith, horse",
Looney Tunes Core,Daffy Duck & Harley Davidson,56b75ac6-0a98-4509-a756-3922be7a7fad,daffy duck | harley davidson,Combination row naming characters that appear nowhere else under this licensor: harley davidson,
Looney Tunes Core,Goofy Gophers (Mac & Tosh),77170010-0da7-42a5-adb9-b6d51822e631,goofy gophers mac | tosh,"Combination row naming characters that appear nowhere else under this licensor: goofy gophers mac, tosh",
Looney Tunes Core,Hatfield & Mccoy (Feudin` Mountain Boys),c73d7a16-f19c-4eb4-947a-97ad39e736c4,hatfield | mccoy feudin mountain boys,"Combination row naming characters that appear nowhere else under this licensor: hatfield, mccoy feudin mountain boys",
Looney Tunes Core,Marvin The Martian & Harley Davidson,f328746a-1731-4082-a3ef-c46d5b307749,marvin the martian | harley davidson,Combination row naming characters that appear nowhere else under this licensor: harley davidson,
Looney Tunes Core,Moth & Honey Bee,ed0dddfd-6a0e-411f-b965-879eb51d49b4,moth | honey bee,"Combination row naming characters that appear nowhere else under this licensor: moth, honey bee",
Looney Tunes Core,Road Runner & Harley Davidson,39dac868-9311-4f59-9ffc-e10173e14a12,road runner | harley davidson,Combination row naming characters that appear nowhere else under this licensor: harley davidson,
Looney Tunes Core,Sylvester & Harley Davidson,9c998594-1b20-478a-bd12-7ab2cc2660aa,sylvester | harley davidson,Combination row naming characters that appear nowhere else under this licensor: harley davidson,
Looney Tunes Core,Tasmanian Devil & Harley Davidson,812927c8-5590-4c75-bce3-e921ef079156,tasmanian devil | harley davidson,Combination row naming characters that appear nowhere else under this licensor: harley davidson,
Looney Tunes Core,Tweety & Harley Davidson,30538e05-bb31-4ee9-84a8-956f8936a7a4,tweety | harley davidson,Combination row naming characters that appear nowhere else under this licensor: harley davidson,
Looney Tunes Core,Wile E. Coyote & Harley Davidson,e22772e2-9602-48e1-b92f-8ec3f536b8d5,wile e coyote | harley davidson,Combination row naming characters that appear nowhere else under this licensor: harley davidson,
Looney Tunes Core,Yosemite Sam & Harley Davidson,5c7d34ea-35b9-4407-8415-d3ff68ab5cc1,yosemite sam | harley davidson,Combination row naming characters that appear nowhere else under this licensor: harley davidson,
Marvel Studios' Ant-Man Wasp Quantumania - No Likeness,Marvel Studios` Ant-Man & Wasp Logo ( Marvel Studios` Ant-Man Wasp Quantuma,1159368986,marvel studios ant man | wasp logo marvel studios ant man wasp quantuma,"Combination row naming characters that appear nowhere else under this licensor: marvel studios ant man, wasp logo marvel studios ant man wasp quantuma",
Marvel Studios' Ant-Man Wasp Quantumania - No Likeness,Marvel Studios` Ant-Man & Wasp Logo ( MS` Ant-Man Wasp Quantumania ) ,1159135355,marvel studios ant man | wasp logo ms ant man wasp quantumania,"Combination row naming characters that appear nowhere else under this licensor: marvel studios ant man, wasp logo ms ant man wasp quantumania",
Marvel Studios' Ant-Man Wasp Quantumania - With Likeness,Marvel Studios` Ant-Man & Wasp Logo ( MS` Ant-Man Wasp Quantumania ) ,1159135355,marvel studios ant man | wasp logo ms ant man wasp quantumania,"Combination row naming characters that appear nowhere else under this licensor: marvel studios ant man, wasp logo ms ant man wasp quantumania",
Marvel's Moon Girl and Devil Dinosaur,Moon Girl & Devil Dinosaur - Gen ( Marvel`s Moon Girl and Devil Dinosaur ),1159127777,gen,Combination row naming characters that appear nowhere else under this licensor: gen,
Mickey Mouse,Mickey & Donald Show,537,mickey | donald show,"Combination row naming characters that appear nowhere else under this licensor: mickey, donald show",
Mickey Mouse,Mickey & Pluto - Back To School,543,back to school,Combination row naming characters that appear nowhere else under this licensor: back to school,
Mickey Mouse Family,Morty & Ferdy,555,morty | ferdy,Combination row naming characters that appear nowhere else under this licensor: ferdy,
Minnie,Minnie & Me,551,minnie | me,"Combination row naming characters that appear nowhere else under this licensor: minnie, me",
Pirates of the Caribbean 2: Dead Man's Chest,Pirates: Dead Man`s Chest - Jack & Davy Jones,518032036,jack | davy jones,"Combination row naming characters that appear nowhere else under this licensor: jack, davy jones",
Pirates of the Caribbean 2: Dead Man's Chest,Pirates: Dead Man`s Chest - Jack & Elizabeth,518032174,jack | elizabeth,"Combination row naming characters that appear nowhere else under this licensor: jack, elizabeth",
Pirates of the Caribbean 2: Dead Man's Chest,Pirates: Dead Man`s Chest - Jack & Will,518032033,jack | will,"Combination row naming characters that appear nowhere else under this licensor: jack, will",
Pirates of the Caribbean 2: Dead Man's Chest,"Pirates: Dead Man`s Chest - Jack, B Bill, D Jones & Palifico",518032040,jack | b bill | d jones | palifico,"Combination row naming characters that appear nowhere else under this licensor: jack, b bill, d jones, palifico",
Pirates of the Caribbean 2: Dead Man's Chest,"Pirates: Dead Man`s Chest - Jack, Elizabeth & Guard",518032041,jack | elizabeth | guard,"Combination row naming characters that appear nowhere else under this licensor: jack, elizabeth, guard",
Pirates of the Caribbean 2: Dead Man's Chest,"Pirates: Dead Man`s Chest - Jack, Elizabeth, B Bill & Guard",518032042,jack | elizabeth | b bill | guard,"Combination row naming characters that appear nowhere else under this licensor: jack, elizabeth, b bill, guard",
Pirates of the Caribbean 2: Dead Man's Chest,"Pirates: Dead Man`s Chest - Jack, Pintel & Cotton",518032038,jack | pintel | cotton,"Combination row naming characters that appear nowhere else under this licensor: jack, pintel, cotton",
Pirates of the Caribbean 2: Dead Man's Chest,"Pirates: Dead Man`s Chest - Jack, Will & Elizabeth",518032034,jack | will | elizabeth,"Combination row naming characters that appear nowhere else under this licensor: jack, will, elizabeth",
Pirates of the Caribbean 2: Dead Man's Chest,"Pirates: Dead Man`s Chest - Jack, Will & Gibbs",518032043,jack | will | gibbs,"Combination row naming characters that appear nowhere else under this licensor: jack, will, gibbs",
Pirates of the Caribbean 2: Dead Man's Chest,"Pirates: Dead Man`s Chest - Jack, Will & Norrington",518032037,jack | will | norrington,"Combination row naming characters that appear nowhere else under this licensor: jack, will, norrington",
Pirates of the Caribbean 2: Dead Man's Chest,"Pirates: Dead Man`s Chest - Jack, Will & Pintel",518032045,jack | will | pintel,"Combination row naming characters that appear nowhere else under this licensor: jack, will, pintel",
Pirates of the Caribbean 2: Dead Man's Chest,"Pirates: Dead Man`s Chest - Jack, Will, & Davy",518032176,jack | will | davy,"Combination row naming characters that appear nowhere else under this licensor: jack, will, davy",
Pirates of the Caribbean 2: Dead Man's Chest,"Pirates: Dead Man`s Chest - Jack, Will, Bootstrap Bill & Davy",518032039,jack | will | bootstrap bill | davy,"Combination row naming characters that appear nowhere else under this licensor: jack, will, bootstrap bill, davy",
Pirates of the Caribbean 2: Dead Man's Chest,"Pirates: Dead Man`s Chest - Jack, Will, Elizabeth & Barbossa",518032047,jack | will | elizabeth | barbossa,"Combination row naming characters that appear nowhere else under this licensor: jack, will, elizabeth, barbossa",
Pirates of the Caribbean 2: Dead Man's Chest,"Pirates: Dead Man`s Chest - Jack, Will, Elizabeth & Jones",518032048,jack | will | elizabeth | jones,"Combination row naming characters that appear nowhere else under this licensor: jack, will, elizabeth, jones",
Pirates of the Caribbean 2: Dead Man's Chest,"Pirates: Dead Man`s Chest - Jack, Will, Elizabeth, Jones & Pintel",518032175,jack | will | elizabeth | jones | pintel,"Combination row naming characters that appear nowhere else under this licensor: jack, will, elizabeth, jones, pintel",
Pirates of the Caribbean 2: Dead Man's Chest,"Pirates: Dead Man`s Chest - Jack, Will, Norrington & Pintel",518032044,jack | will | norrington | pintel,"Combination row naming characters that appear nowhere else under this licensor: jack, will, norrington, pintel",
Pirates of the Caribbean 2: Dead Man's Chest,"Pirates: Dead Man`s Chest - Jack, Will, Pintel, D Jones, B Bill & Palifico",518032051,jack | will | pintel | d jones | b bill | palifico,"Combination row naming characters that appear nowhere else under this licensor: jack, will, pintel, d jones, b bill, palifico",
Pirates of the Caribbean 2: Dead Man's Chest,Pirates: Dead Man`s Chest - Will & Davy,518032177,will | davy,"Combination row naming characters that appear nowhere else under this licensor: will, davy",
Pirates of the Caribbean 2: Dead Man's Chest,Pirates: Dead Man`s Chest - Will & Elizabeth,518032035,will | elizabeth,"Combination row naming characters that appear nowhere else under this licensor: will, elizabeth",
Pirates of the Caribbean 2: Dead Man's Chest,"Pirates: Dead Man`s Chest - Will, Elizabeth & Bellamy",518032053,will | elizabeth | bellamy,"Combination row naming characters that appear nowhere else under this licensor: will, elizabeth, bellamy",
Pirates of the Caribbean 2: Dead Man's Chest,"Pirates: DMC - Jack, Will, D Jones, B Bill, Pintel & Palifico",518032046,jack | will | d jones | b bill | pintel | palifico,"Combination row naming characters that appear nowhere else under this licensor: jack, will, d jones, b bill, pintel, palifico",
Pirates of the Caribbean 2: Dead Man's Chest,"Pirates: DMC - Jack, Will, Elizabeth, Pintel, Norrington, T Dalma & Guard",518032049,jack | will | elizabeth | pintel | norrington | t dalma | guard,"Combination row naming characters that appear nowhere else under this licensor: jack, will, elizabeth, pintel, norrington, t dalma, guard",
Pirates of the Caribbean 2: Dead Man's Chest,"Pirates: DMC - Jack, Will, Norrington, D Jones, T Dalma & Guard",518032050,jack | will | norrington | d jones | t dalma | guard,"Combination row naming characters that appear nowhere else under this licensor: jack, will, norrington, d jones, t dalma, guard",
Pirates of the Caribbean 2: Dead Man's Chest,"Pirates: DMC - Jack, Will, Pintel, D Jones, B Bill, Maccus and Palifico",518032052,jack | will | pintel | d jones | b bill | maccus | palifico,"Combination row naming characters that appear nowhere else under this licensor: jack, will, pintel, d jones, b bill, maccus, palifico",
Pirates of the Caribbean 3: At Worlds End,Pirates 3: At Worlds End - Barbossa & Davy,518032210,barbossa | davy,"Combination row naming characters that appear nowhere else under this licensor: barbossa, davy",
Pirates of the Caribbean 3: At Worlds End,Pirates 3: At Worlds End - Barbossa & Elizabeth,518032132,barbossa | elizabeth,"Combination row naming characters that appear nowhere else under this licensor: barbossa, elizabeth",
Pirates of the Caribbean 3: At Worlds End,Pirates 3: At Worlds End - Barbossa & Jack the Monkey,518032150,barbossa | jack the monkey,"Combination row naming characters that appear nowhere else under this licensor: barbossa, jack the monkey",
Pirates of the Caribbean 3: At Worlds End,Pirates 3: At Worlds End - Barbossa & Tia,518032122,barbossa | tia,"Combination row naming characters that appear nowhere else under this licensor: barbossa, tia",
Pirates of the Caribbean 3: At Worlds End,Pirates 3: At Worlds End - Barbossa & Will,518032133,barbossa | will,"Combination row naming characters that appear nowhere else under this licensor: barbossa, will",
Pirates of the Caribbean 3: At Worlds End,Pirates 3: At Worlds End - Bootstrap & Davy,518032182,bootstrap | davy,"Combination row naming characters that appear nowhere else under this licensor: bootstrap, davy",
Pirates of the Caribbean 3: At Worlds End,Pirates 3: At Worlds End - Elizabeth & Sao,518032178,elizabeth | sao,"Combination row naming characters that appear nowhere else under this licensor: elizabeth, sao",
Pirates of the Caribbean 3: At Worlds End,"Pirates 3: At Worlds End - Elizabeth, Sao & Norrington",518032180,elizabeth | sao | norrington,"Combination row naming characters that appear nowhere else under this licensor: elizabeth, sao, norrington",
Pirates of the Caribbean 3: At Worlds End,Pirates 3: At Worlds End - Jack & Barbossa,518032127,jack | barbossa,"Combination row naming characters that appear nowhere else under this licensor: jack, barbossa",
Pirates of the Caribbean 3: At Worlds End,Pirates 3: At Worlds End - Jack & Bill,518032231,jack | bill,"Combination row naming characters that appear nowhere else under this licensor: jack, bill",
Pirates of the Caribbean 3: At Worlds End,Pirates 3: At Worlds End - Jack & Davy,518032126,jack | davy,"Combination row naming characters that appear nowhere else under this licensor: jack, davy",
Pirates of the Caribbean 3: At Worlds End,Pirates 3: At Worlds End - Jack & Elizabeth,518032125,jack | elizabeth,"Combination row naming characters that appear nowhere else under this licensor: jack, elizabeth",
Pirates of the Caribbean 3: At Worlds End,Pirates 3: At Worlds End - Jack & Gibbs,518032128,jack | gibbs,"Combination row naming characters that appear nowhere else under this licensor: jack, gibbs",
Pirates of the Caribbean 3: At Worlds End,Pirates 3: At Worlds End - Jack & Will,518032124,jack | will,"Combination row naming characters that appear nowhere else under this licensor: jack, will",
Pirates of the Caribbean 3: At Worlds End,"Pirates 3: At Worlds End - Jack, Barbossa & Davy",518032230,jack | barbossa | davy,"Combination row naming characters that appear nowhere else under this licensor: jack, barbossa, davy",
Pirates of the Caribbean 3: At Worlds End,"Pirates 3: At Worlds End - Jack, Barbossa & Elizabeth",518032121,jack | barbossa | elizabeth,"Combination row naming characters that appear nowhere else under this licensor: jack, barbossa, elizabeth",
Pirates of the Caribbean 3: At Worlds End,"Pirates 3: At Worlds End - Jack, Elizabeth & Barbossa",518032130,jack | elizabeth | barbossa,"Combination row naming characters that appear nowhere else under this licensor: jack, elizabeth, barbossa",
Pirates of the Caribbean 3: At Worlds End,"Pirates 3: At Worlds End - Jack, Will & Barbossa",518032179,jack | will | barbossa,"Combination row naming characters that appear nowhere else under this licensor: jack, will, barbossa",
Pirates of the Caribbean 3: At Worlds End,"Pirates 3: At Worlds End - Jack, Will & Elizabeth",518032134,jack | will | elizabeth,"Combination row naming characters that appear nowhere else under this licensor: jack, will, elizabeth",
Pirates of the Caribbean 3: At Worlds End,"Pirates 3: At Worlds End - Jack, Will & Gibbs",518032181,jack | will | gibbs,"Combination row naming characters that appear nowhere else under this licensor: jack, will, gibbs",
Pirates of the Caribbean 3: At Worlds End,"Pirates 3: At Worlds End - Jack, Will, & Davy",518032204,jack | will | davy,"Combination row naming characters that appear nowhere else under this licensor: jack, will, davy",
Pirates of the Caribbean 3: At Worlds End,"Pirates 3: At Worlds End - Jack, Will, Barbossa & Davy",518032211,jack | will | barbossa | davy,"Combination row naming characters that appear nowhere else under this licensor: jack, will, barbossa, davy",
Pirates of the Caribbean 3: At Worlds End,"Pirates 3: At Worlds End - Jack, Will, Barbossa & Jack the Monkey",518032187,jack | will | barbossa | jack the monkey,"Combination row naming characters that appear nowhere else under this licensor: jack, will, barbossa, jack the monkey",
Pirates of the Caribbean 3: At Worlds End,"Pirates 3: At Worlds End - Jack, Will, Elizabeth & Barbossa",518032129,jack | will | elizabeth | barbossa,"Combination row naming characters that appear nowhere else under this licensor: jack, will, elizabeth, barbossa",
Pirates of the Caribbean 3: At Worlds End,"Pirates 3: At Worlds End - Jack, Will, Elizabeth & Davy",518032135,jack | will | elizabeth | davy,"Combination row naming characters that appear nowhere else under this licensor: jack, will, elizabeth, davy",
Pirates of the Caribbean 3: At Worlds End,"Pirates 3: At Worlds End - Jack, Will, Elizabeth, Barbossa & Davy",518032131,jack | will | elizabeth | barbossa | davy,"Combination row naming characters that appear nowhere else under this licensor: jack, will, elizabeth, barbossa, davy",
Pirates of the Caribbean 3: At Worlds End,"Pirates 3: At Worlds End - Jack, Will, Elizabeth, Barbossa & Gibbs",518032136,jack | will | elizabeth | barbossa | gibbs,"Combination row naming characters that appear nowhere else under this licensor: jack, will, elizabeth, barbossa, gibbs",
Pirates of the Caribbean 3: At Worlds End,"Pirates 3: At Worlds End - Jack, Will, Elizabeth, Barbossa & Sao",518032229,jack | will | elizabeth | barbossa | sao,"Combination row naming characters that appear nowhere else under this licensor: jack, will, elizabeth, barbossa, sao",
Pirates of the Caribbean 3: At Worlds End,"Pirates 3: At Worlds End - Jack, Will, Elizabeth, Barbossa, Davy & Sao",518032212,jack | will | elizabeth | barbossa | davy | sao,"Combination row naming characters that appear nowhere else under this licensor: jack, will, elizabeth, barbossa, davy, sao",
Pirates of the Caribbean 3: At Worlds End,"Pirates 3: At Worlds End - Jack, Will, Elizabeth, Barbossa, Norrington, Bec",518032149,jack | will | elizabeth | barbossa | norrington | bec,"Combination row naming characters that appear nowhere else under this licensor: jack, will, elizabeth, barbossa, norrington, bec",
Pirates of the Caribbean 3: At Worlds End,Pirates 3: At Worlds End - Will & Elizabeth,518032137,will | elizabeth,"Combination row naming characters that appear nowhere else under this licensor: will, elizabeth",
Pirates of the Caribbean 3: At Worlds End,"Pirates 3: At Worlds End -Jack, Will, Elizabeth, Barbossa & Jack the Monkey",518032188,pirates 3 at worlds end jack | will | elizabeth | barbossa | jack the monkey,"Combination row naming characters that appear nowhere else under this licensor: pirates 3 at worlds end jack, will, elizabeth, barbossa, jack the monkey",
Pirates of the Caribbean 3: At Worlds End,"Pirates3:AWE-Jack,Will,Liz,Barbossa,Gibbs,Bill,Tia,JackM,Becket,Pintel,Davy",518032218,pirates3 awe jack | will | liz | barbossa | gibbs | bill | tia | jackm | becket | pintel | davy,"Combination row naming characters that appear nowhere else under this licensor: pirates3 awe jack, will, liz, barbossa, gibbs, bill, tia, jackm, becket, pintel, davy",
Pirates of the Caribbean 4: On Stranger Tides,"Pirates 4: On Stranger Tides - Anjelica, Barbossa and Blackbeard",518032855,anjelica | barbossa | blackbeard,"Combination row naming characters that appear nowhere else under this licensor: anjelica, barbossa, blackbeard",
Pirates of the Caribbean 4: On Stranger Tides,"Pirates 4: On Stranger Tides - Jack Sparrow, Anjelica and Barbossa",518032853,jack sparrow | anjelica | barbossa,"Combination row naming characters that appear nowhere else under this licensor: jack sparrow, anjelica, barbossa",
Pirates of the Caribbean 4: On Stranger Tides,"Pirates 4: On Stranger Tides - Jack Sparrow, Anjelica and Blackbeard",518033998,jack sparrow | anjelica | blackbeard,"Combination row naming characters that appear nowhere else under this licensor: jack sparrow, anjelica, blackbeard",
Pirates of the Caribbean 4: On Stranger Tides,"Pirates 4: On Stranger Tides - Jack Sparrow, Anjelica, Barbossa and Blackbe",518032854,jack sparrow | anjelica | barbossa | blackbe,"Combination row naming characters that appear nowhere else under this licensor: jack sparrow, anjelica, barbossa, blackbe",
Pirates of the Caribbean 5: Dead Men Tell No Tales,"Pirates 5: Dead Men Tell No Tales - General(No Name,Likeness,Voice Royalty)",518035582,general no name | likeness | voice royalty,"Combination row naming characters that appear nowhere else under this licensor: general no name, likeness, voice royalty",
Pirates of the Caribbean 5: Dead Men Tell No Tales,"Pirates 5: Dead Men Tell No Tales - Jack, Barbosa, H Turner, Carina",1159074937,jack | barbosa | h turner | carina,"Combination row naming characters that appear nowhere else under this licensor: jack, barbosa, h turner, carina",
Pirates of the Caribbean 5: Dead Men Tell No Tales,"Pirates 5: Dead Men Tell No Tales - Jack, Barbosa, Salazar, Carina, HTurner",518035987,jack | barbosa | salazar | carina | hturner,"Combination row naming characters that appear nowhere else under this licensor: jack, barbosa, salazar, carina, hturner",
Pirates of the Caribbean 5: Dead Men Tell No Tales,"Pirates 5: Dead Men Tell No Tales - Jack, Salazar, Barb, HT, Carina, Monkey",1159070792,jack | salazar | barb | ht | carina | monkey,"Combination row naming characters that appear nowhere else under this licensor: jack, salazar, barb, ht, carina, monkey",
Pirates of the Caribbean: Curse of the Black Pearl,Pirates of the Caribbean-JDepp & Obloom,518031670,pirates of the caribbean jdepp | obloom,"Combination row naming characters that appear nowhere else under this licensor: pirates of the caribbean jdepp, obloom",
Pixar Collection,"Pixar Collection - A Bugs Life, Finding Nemo, Toy Story, UP",518034620,a bugs life | finding nemo | toy story | up,"Combination row naming characters that appear nowhere else under this licensor: a bugs life, finding nemo, toy story, up",
Pixar Collection,"Pixar Collection - A Bugs Life, Toy Story, UP, Wall-E",518034625,a bugs life | toy story | up | wall e,"Combination row naming characters that appear nowhere else under this licensor: a bugs life, toy story, up, wall e",
Pixar Collection,"Pixar Collection - Finding Nemo, Incredibles, Toy Story",518034618,finding nemo | incredibles | toy story,"Combination row naming characters that appear nowhere else under this licensor: finding nemo, incredibles, toy story",
Pixar Collection,"Pixar Collection - Finding Nemo, Incredibles, Toy Story, Wall-E",518034619,finding nemo | incredibles | toy story | wall e,"Combination row naming characters that appear nowhere else under this licensor: finding nemo, incredibles, toy story, wall e",
Pixar Collection,"Pixar Collection - Good Dino, Cars, Finding Dory, Inside Out, Brave",518035877,good dino | cars | finding dory | inside out | brave,"Combination row naming characters that appear nowhere else under this licensor: good dino, cars, finding dory, inside out, brave",
Pixar Collection,"Pixar Collection - Incredibles, Nemo, Brave, Ratatouille",518035878,incredibles | nemo | brave | ratatouille,"Combination row naming characters that appear nowhere else under this licensor: incredibles, nemo, brave, ratatouille",
Pixar Collection,"Pixar Collection - Rat, WallE, Cars, ToyStory, Mon, Incredi",518035765,rat | walle | cars | toystory | mon | incredi,"Combination row naming characters that appear nowhere else under this licensor: rat, walle, cars, toystory, mon, incredi",
Suite Life of Zack and Cody,"Suite Life of Zack and Cody - Ashely, Brenda, Brian, Cole, Dylan, Kim & Phi",518032154,ashely | brenda | brian | cole | dylan | kim | phi,"Combination row naming characters that appear nowhere else under this licensor: ashely, brenda, brian, cole, dylan, kim, phi",
Suite Life of Zack and Cody,Suite Life of Zack and Cody - Ashley Tisdale & Brenda Song,518032147,ashley tisdale | brenda song,"Combination row naming characters that appear nowhere else under this licensor: ashley tisdale, brenda song",
Suite Life of Zack and Cody,"Suite Life of Zack and Cody - Ashley, Brenda, Cole & Dylan",518032146,ashley | brenda | cole | dylan,"Combination row naming characters that appear nowhere else under this licensor: ashley, brenda, cole, dylan",
Toy Story 3,Toy Story 3 - 3D Slinky Dog & Barbie Car,518032531,3d slinky dog | barbie car,"Combination row naming characters that appear nowhere else under this licensor: 3d slinky dog, barbie car",
Toy Story 3,Toy Story 3 - 3D Slinky Dog & Chatter Phone,518032532,3d slinky dog | chatter phone,"Combination row naming characters that appear nowhere else under this licensor: 3d slinky dog, chatter phone",
Toy Story 3,Toy Story 3 - 3D Slinky Dog & Ken and/or Barbie,518032529,3d slinky dog | ken | or barbie,"Combination row naming characters that appear nowhere else under this licensor: 3d slinky dog, ken, or barbie",
Toy Story 3,Toy Story 3 - 3D Slinky Dog & Mr Potato Head and/or Mrs Potato Head,518032533,3d slinky dog | mr potato head | or mrs potato head,"Combination row naming characters that appear nowhere else under this licensor: 3d slinky dog, mr potato head, or mrs potato head",
Toy Story 3,Toy Story 3 - 3D Slinky Dog Barbie Car Chatter Phone & Mr PH and/or Mrs PH,518032541,3d slinky dog barbie car chatter phone | mr ph | or mrs ph,"Combination row naming characters that appear nowhere else under this licensor: 3d slinky dog barbie car chatter phone, mr ph, or mrs ph",
Toy Story 3,"Toy Story 3 - 3D Slinky Dog, Barbie Car & Chatter Phone",518032539,3d slinky dog | barbie car | chatter phone,"Combination row naming characters that appear nowhere else under this licensor: 3d slinky dog, barbie car, chatter phone",
Toy Story 3,"Toy Story 3 - 3D Slinky Dog, Barbie Car & Mr PH and/or Mrs PH",518032540,3d slinky dog | barbie car | mr ph | or mrs ph,"Combination row naming characters that appear nowhere else under this licensor: 3d slinky dog, barbie car, mr ph, or mrs ph",
Toy Story 3,"Toy Story 3 - 3D Slinky Dog, Chatter Phone & Mr PH and/or Mrs PH",518032542,3d slinky dog | chatter phone | mr ph | or mrs ph,"Combination row naming characters that appear nowhere else under this licensor: 3d slinky dog, chatter phone, mr ph, or mrs ph",
Toy Story 3,"Toy Story 3 - 3D Slinky Dog, Ken and/or Barbie & Barbie Car",518032534,3d slinky dog | ken | or barbie | barbie car,"Combination row naming characters that appear nowhere else under this licensor: 3d slinky dog, ken, or barbie, barbie car",
Toy Story 3,"Toy Story 3 - 3D Slinky Dog, Ken and/or Barbie & Chatter Phone",518032535,3d slinky dog | ken | or barbie | chatter phone,"Combination row naming characters that appear nowhere else under this licensor: 3d slinky dog, ken, or barbie, chatter phone",
Toy Story 3,"Toy Story 3 - 3D Slinky Dog, Ken and/or Barbie & Mr PH and/or Mrs PH",518032536,3d slinky dog | ken | or barbie | mr ph | or mrs ph,"Combination row naming characters that appear nowhere else under this licensor: 3d slinky dog, ken, or barbie, mr ph, or mrs ph",
Toy Story 3,"Toy Story 3 - 3D Slinky Dog, Ken and/or Barbie, Barbie Car & Chatter Phone",518032537,3d slinky dog | ken | or barbie | barbie car | chatter phone,"Combination row naming characters that appear nowhere else under this licensor: 3d slinky dog, ken, or barbie, barbie car, chatter phone",
Toy Story 3,"Toy Story 3 - 3DSlinkyDog, Ken and/or Barbie, BarbieCar & MrPH and/or MrsPH",518032538,3dslinkydog | ken | or barbie | barbiecar | mrph | or mrsph,"Combination row naming characters that appear nowhere else under this licensor: 3dslinkydog, ken, or barbie, barbiecar, mrph, or mrsph",
Toy Story 3,"Toy Story 3 - 3DSlinkyDog, Ken and/or Barbie, ChatPhon & MrPH and/or MrsPH",518032545,3dslinkydog | ken | or barbie | chatphon | mrph | or mrsph,"Combination row naming characters that appear nowhere else under this licensor: 3dslinkydog, ken, or barbie, chatphon, mrph, or mrsph",
Toy Story 3,Toy Story 3 - Barbie Car & Chatter Phone,518032550,barbie car | chatter phone,"Combination row naming characters that appear nowhere else under this licensor: barbie car, chatter phone",
Toy Story 3,Toy Story 3 - Barbie Car & Mr Potato Head and/or Mrs Potato Head,518032551,barbie car | mr potato head | or mrs potato head,"Combination row naming characters that appear nowhere else under this licensor: barbie car, mr potato head, or mrs potato head",
Toy Story 3,"Toy Story 3 - Barbie Car, Chatter Phone & Mr PH and/or Mrs PH",518032552,barbie car | chatter phone | mr ph | or mrs ph,"Combination row naming characters that appear nowhere else under this licensor: barbie car, chatter phone, mr ph, or mrs ph",
Toy Story 3,Toy Story 3 - Chatter Phone & Mr Potato Head and/or Mrs Potato Head,518032553,chatter phone | mr potato head | or mrs potato head,"Combination row naming characters that appear nowhere else under this licensor: chatter phone, mr potato head, or mrs potato head",
Toy Story 3,Toy Story 3 - Ken and/or Barbie & Barbie Car,518032543,ken | or barbie | barbie car,"Combination row naming characters that appear nowhere else under this licensor: ken, or barbie, barbie car",
Toy Story 3,Toy Story 3 - Ken and/or Barbie & Chatter Phone,518032544,ken | or barbie | chatter phone,"Combination row naming characters that appear nowhere else under this licensor: ken, or barbie, chatter phone",
Toy Story 3,Toy Story 3 - Ken and/or Barbie & Mr Potato Head and/or Mrs Potato Head,518032546,ken | or barbie | mr potato head | or mrs potato head,"Combination row naming characters that appear nowhere else under this licensor: ken, or barbie, mr potato head, or mrs potato head",
Toy Story 3,"Toy Story 3 - Ken and/or Barbie, Barbie car & Chatter Phone",518032547,ken | or barbie | barbie car | chatter phone,"Combination row naming characters that appear nowhere else under this licensor: ken, or barbie, barbie car, chatter phone",
Toy Story 3,"Toy Story 3 - Ken and/or Barbie, Barbie Car & MrPH and/or MrsPH",518032549,ken | or barbie | barbie car | mrph | or mrsph,"Combination row naming characters that appear nowhere else under this licensor: ken, or barbie, barbie car, mrph, or mrsph",
Toy Story 3,"Toy Story 3 - Ken and/or Barbie, BarbieCar, ChatterPhon & MrPH and/or MrsPH",518032548,ken | or barbie | barbiecar | chatterphon | mrph | or mrsph,"Combination row naming characters that appear nowhere else under this licensor: ken, or barbie, barbiecar, chatterphon, mrph, or mrsph",
Toy Story 3,"Toy Story 3 - Ken and/or Barbie, Chatter Phone & MrPH and/or MrsPH",518032554,ken | or barbie | chatter phone | mrph | or mrsph,"Combination row naming characters that appear nowhere else under this licensor: ken, or barbie, chatter phone, mrph, or mrsph",
Toy Story 4,Toy Story 4 - Mr. & Mrs. Potato Head Alone,1159090812,mr | mrs potato head alone,"Combination row naming characters that appear nowhere else under this licensor: mr, mrs potato head alone",
Toy Story 4,Toy Story 4 - Mr. & Mrs. Potato Head with Others,1159093187,mr | mrs potato head with others,"Combination row naming characters that appear nowhere else under this licensor: mr, mrs potato head with others",
Tsum Tsum,Tsum Tsum - Chip & Dale with Red Nose and Antlers,518035223,chip | dale with red nose | antlers,"Combination row naming characters that appear nowhere else under this licensor: chip, dale with red nose, antlers",
Tsum Tsum,Tsum Tsum - Phineas & Ferb,518035219,phineas | ferb,"Combination row naming characters that appear nowhere else under this licensor: phineas, ferb",
Wizards of Waverly Place,"Wizards of Waverly Place - Alex, Justin & Max",518032254,alex | justin | max,"Combination row naming characters that appear nowhere else under this licensor: alex, justin, max",
"WWE Superstars, Divas, Legends & Logos","TLC: Tables, Ladders & Chairs",328,tlc tables | ladders | chairs,"Combination row naming characters that appear nowhere else under this licensor: tlc tables, ladders, chairs",
