ref,issue,licensor,style_guide,character,places_used,what_we_have,what_that_code_actually_is,the_problem,what_we_need_from_you,options,YOUR_ANSWER,YOUR_NOTES
A001,MG06 code looks wrong,Warner Bros,"Lost Boys, The (1987)",,20,MG06 code LB,"a real Coldlion code, but it is not set up as a property in our system",LB cannot be used yet because the property does not exist on our side.,"Give the correct MG06 code for this style guide under Warner Bros, or write NONE if POP has never produced against it.",,,
A002,MG06 code looks wrong,Warner Bros,Black Adam (2022),,10,MG06 code BP,BLACK PANTHER (owned by Marvel),"BP is owned by Marvel, but this style guide is Warner Bros. A code cannot cross licensors.","Give the correct MG06 code for this style guide under Warner Bros, or write NONE if POP has never produced against it.",,,
A003,MG06 code looks wrong,Warner Bros,"Exorcist, The (1973)",,2,MG06 code EX,"a real Coldlion code, but it is not set up as a property in our system",EX cannot be used yet because the property does not exist on our side.,"Give the correct MG06 code for this style guide under Warner Bros, or write NONE if POP has never produced against it.",,,
A004,MG06 code looks wrong,Disney,Big Hero 6 TV,,1,MG06 code BK,BIG LEBOWSKI (owned by NBC),"BK is owned by NBC, but this style guide is Disney. A code cannot cross licensors.","Give the correct MG06 code for this style guide under Disney, or write NONE if POP has never produced against it.",,,
A005,MG06 code looks wrong,Disney,Coco,,1,MG06 code CC,COCO (owned by DTR - NO LICENSE (i.e. not licensed)),"CC is owned by DTR - NO LICENSE (i.e. not licensed), but this style guide is Disney. A code cannot cross licensors.","Give the correct MG06 code for this style guide under Disney, or write NONE if POP has never produced against it.",,,
B001,One row names several characters,Disney,Camp Rock,"Camp Rock - Jason, Nate & Shane",1,"Camp Rock - Jason, Nate & Shane",,"This is one row listing more than one character. These names appear nowhere else, so we cannot confirm they are real characters: jason, nate, shane.","Write DROP if this row is just a grouping label and not real characters. Otherwise list the correct full character names, separated by semicolons.",DROP  /  list the real character names,,
B002,One row names several characters,Disney,Camp Rock,"Camp Rock - Jason, Nate, Shane & Mitchie",1,"Camp Rock - Jason, Nate, Shane & Mitchie",,"This is one row listing more than one character. These names appear nowhere else, so we cannot confirm they are real characters: jason, nate, shane, mitchie.","Write DROP if this row is just a grouping label and not real characters. Otherwise list the correct full character names, separated by semicolons.",DROP  /  list the real character names,,
B003,One row names several characters,Disney,Camp Rock,Camp Rock - Shane & Mitchie,1,Camp Rock - Shane & Mitchie,,"This is one row listing more than one character. These names appear nowhere else, so we cannot confirm they are real characters: shane, mitchie.","Write DROP if this row is just a grouping label and not real characters. Otherwise list the correct full character names, separated by semicolons.",DROP  /  list the real character names,,
B004,One row names several characters,Disney,Camp Rock 2,"Camp Rock 2 - Jason, Nate & Shane",1,"Camp Rock 2 - Jason, Nate & Shane",,"This is one row listing more than one character. These names appear nowhere else, so we cannot confirm they are real characters: jason, nate, shane.","Write DROP if this row is just a grouping label and not real characters. Otherwise list the correct full character names, separated by semicolons.",DROP  /  list the real character names,,
B005,One row names several characters,Disney,Camp Rock 2,"Camp Rock 2 - Jason, Nate, Shane & Mitchie",1,"Camp Rock 2 - Jason, Nate, Shane & Mitchie",,"This is one row listing more than one character. These names appear nowhere else, so we cannot confirm they are real characters: jason, nate, shane, mitchie.","Write DROP if this row is just a grouping label and not real characters. Otherwise list the correct full character names, separated by semicolons.",DROP  /  list the real character names,,
B006,One row names several characters,Disney,Camp Rock 2,Camp Rock 2 - Shane & Mitchie,1,Camp Rock 2 - Shane & Mitchie,,"This is one row listing more than one character. These names appear nowhere else, so we cannot confirm they are real characters: shane, mitchie.","Write DROP if this row is just a grouping label and not real characters. Otherwise list the correct full character names, separated by semicolons.",DROP  /  list the real character names,,
B007,One row names several characters,Disney,Cars,"Cars - King, Mario and Ferrari car only",1,"Cars - King, Mario and Ferrari car only",,"This is one row listing more than one character. These names appear nowhere else, so we cannot confirm they are real characters: king, mario, ferrari car only.","Write DROP if this row is just a grouping label and not real characters. Otherwise list the correct full character names, separated by semicolons.",DROP  /  list the real character names,,
B008,One row names several characters,Disney,Cars,Cars - Mia & Tia alone,1,Cars - Mia & Tia alone,,"This is one row listing more than one character. These names appear nowhere else, so we cannot confirm they are real characters: mia, tia alone.","Write DROP if this row is just a grouping label and not real characters. Otherwise list the correct full character names, separated by semicolons.",DROP  /  list the real character names,,
B009,One row names several characters,Disney,Cars 2,"Cars 2 - Doc Hudson,Hudson Hornet Piston Cup, Sarge, Acer - Alone/Together",1,"Cars 2 - Doc Hudson,Hudson Hornet Piston Cup, Sarge, Acer - Alone/Together",,"This is one row listing more than one character. These names appear nowhere else, so we cannot confirm they are real characters: doc hudson, hudson hornet piston cup, sarge, acer alone together.","Write DROP if this row is just a grouping label and not real characters. Otherwise list the correct full character names, separated by semicolons.",DROP  /  list the real character names,,
B010,One row names several characters,Disney,Cars 2,Cars 2 - Jeff Gorvette with 24 & Signature - Alone,1,Cars 2 - Jeff Gorvette with 24 & Signature - Alone,,"This is one row listing more than one character. These names appear nowhere else, so we cannot confirm they are real characters: jeff gorvette with 24, signature alone.","Write DROP if this row is just a grouping label and not real characters. Otherwise list the correct full character names, separated by semicolons.",DROP  /  list the real character names,,
B011,One row names several characters,Disney,Cars 2,"Cars 2 - Nigel Gearsley crew chief, BMW, Mini Cooper - Alone/Together",1,"Cars 2 - Nigel Gearsley crew chief, BMW, Mini Cooper - Alone/Together",,"This is one row listing more than one character. These names appear nowhere else, so we cannot confirm they are real characters: nigel gearsley crew chief, bmw, mini cooper alone together.","Write DROP if this row is just a grouping label and not real characters. Otherwise list the correct full character names, separated by semicolons.",DROP  /  list the real character names,,
B012,One row names several characters,Disney,Cars 2,"Cars 2 - Ramone, Bub Cutlass, Cori Vetta - Alone/Together",1,"Cars 2 - Ramone, Bub Cutlass, Cori Vetta - Alone/Together",,"This is one row listing more than one character. These names appear nowhere else, so we cannot confirm they are real characters: ramone, bub cutlass, cori vetta alone together.","Write DROP if this row is just a grouping label and not real characters. Otherwise list the correct full character names, separated by semicolons.",DROP  /  list the real character names,,
B013,One row names several characters,Disney,Cars 3,Cars 3 - Jeff Gorvette and 24 & Signature,1,Cars 3 - Jeff Gorvette and 24 & Signature,,"This is one row listing more than one character. These names appear nowhere else, so we cannot confirm they are real characters: jeff gorvette, 24, signature.","Write DROP if this row is just a grouping label and not real characters. Otherwise list the correct full character names, separated by semicolons.",DROP  /  list the real character names,,
B014,One row names several characters,Disney,Disney Stitch Franchise,Leroy & Stitch (DSF),1,Leroy & Stitch (DSF),,"This is one row listing more than one character. These names appear nowhere else, so we cannot confirm they are real characters: leroy, stitch dsf.","Write DROP if this row is just a grouping label and not real characters. Otherwise list the correct full character names, separated by semicolons.",DROP  /  list the real character names,,
B015,One row names several characters,Disney,Disney Stitch Franchise,Lilo & Stitch The Series (DSF),1,Lilo & Stitch The Series (DSF),,"This is one row listing more than one character. These names appear nowhere else, so we cannot confirm they are real characters: lilo, stitch the series dsf.","Write DROP if this row is just a grouping label and not real characters. Otherwise list the correct full character names, separated by semicolons.",DROP  /  list the real character names,,
B016,One row names several characters,Disney,Disney Zombies,"Disney Zombies - Addison, Zoey, Eliza, Zed, Bucky, Bonzo",1,"Disney Zombies - Addison, Zoey, Eliza, Zed, Bucky, Bonzo",,"This is one row listing more than one character. These names appear nowhere else, so we cannot confirm they are real characters: addison, zoey, eliza, zed, bucky, bonzo.","Write DROP if this row is just a grouping label and not real characters. Otherwise list the correct full character names, separated by semicolons.",DROP  /  list the real character names,,
B017,One row names several characters,Disney,Disney Zombies,"Disney Zombies - Bonzo, Zed, Eliza",1,"Disney Zombies - Bonzo, Zed, Eliza",,"This is one row listing more than one character. These names appear nowhere else, so we cannot confirm they are real characters: bonzo, zed, eliza.","Write DROP if this row is just a grouping label and not real characters. Otherwise list the correct full character names, separated by semicolons.",DROP  /  list the real character names,,
B018,One row names several characters,Disney,Disney Zombies,"Disney Zombies - Eliza, Zed, Addison, Bonzo",1,"Disney Zombies - Eliza, Zed, Addison, Bonzo",,"This is one row listing more than one character. These names appear nowhere else, so we cannot confirm they are real characters: eliza, zed, addison, bonzo.","Write DROP if this row is just a grouping label and not real characters. Otherwise list the correct full character names, separated by semicolons.",DROP  /  list the real character names,,
B019,One row names several characters,Disney,High School Musical,"High School Musical - Troy, Gabriella, Chad, Taylor, Sharpay, Ryan",1,"High School Musical - Troy, Gabriella, Chad, Taylor, Sharpay, Ryan",,"This is one row listing more than one character. These names appear nowhere else, so we cannot confirm they are real characters: troy, gabriella, chad, taylor, sharpay, ryan.","Write DROP if this row is just a grouping label and not real characters. Otherwise list the correct full character names, separated by semicolons.",DROP  /  list the real character names,,
B020,One row names several characters,Disney,High School Musical 2,"High School Musical 2 - Gabriella, Taylor & Troy",1,"High School Musical 2 - Gabriella, Taylor & Troy",,"This is one row listing more than one character. These names appear nowhere else, so we cannot confirm they are real characters: gabriella, taylor, troy.","Write DROP if this row is just a grouping label and not real characters. Otherwise list the correct full character names, separated by semicolons.",DROP  /  list the real character names,,
B021,One row names several characters,Disney,High School Musical 2,"High School Musical 2 - Troy, Gabriella, Chad, Taylor, Sharpay, Ryan",1,"High School Musical 2 - Troy, Gabriella, Chad, Taylor, Sharpay, Ryan",,"This is one row listing more than one character. These names appear nowhere else, so we cannot confirm they are real characters: troy, gabriella, chad, taylor, sharpay, ryan.","Write DROP if this row is just a grouping label and not real characters. Otherwise list the correct full character names, separated by semicolons.",DROP  /  list the real character names,,
B022,One row names several characters,Disney,High School Musical 2,"High School Musical 2 - Troy, Taylor, Sharpay",1,"High School Musical 2 - Troy, Taylor, Sharpay",,"This is one row listing more than one character. These names appear nowhere else, so we cannot confirm they are real characters: troy, taylor, sharpay.","Write DROP if this row is just a grouping label and not real characters. Otherwise list the correct full character names, separated by semicolons.",DROP  /  list the real character names,,
B023,One row names several characters,Disney,High School Musical 3,"High School Musical 3 - Troy, Gabriella, Chad, Taylor, Sharpay, Ryan",1,"High School Musical 3 - Troy, Gabriella, Chad, Taylor, Sharpay, Ryan",,"This is one row listing more than one character. These names appear nowhere else, so we cannot confirm they are real characters: troy, gabriella, chad, taylor, sharpay, ryan.","Write DROP if this row is just a grouping label and not real characters. Otherwise list the correct full character names, separated by semicolons.",DROP  /  list the real character names,,
B024,One row names several characters,Disney,High School Musical 3,"High School Musical 3 - Troy, Gabrielle, Sharpay, Ryan",1,"High School Musical 3 - Troy, Gabrielle, Sharpay, Ryan",,"This is one row listing more than one character. These names appear nowhere else, so we cannot confirm they are real characters: troy, gabrielle, sharpay, ryan.","Write DROP if this row is just a grouping label and not real characters. Otherwise list the correct full character names, separated by semicolons.",DROP  /  list the real character names,,
B025,One row names several characters,Disney,High School Musical: The Musical: The Series,"High School Musical: The Musical-General (No Name, Likeness, Voice Royalty)",1,"High School Musical: The Musical-General (No Name, Likeness, Voice Royalty)",,"This is one row listing more than one character. These names appear nowhere else, so we cannot confirm they are real characters: high school musical the musical general no name, likeness, voice royalty.","Write DROP if this row is just a grouping label and not real characters. Otherwise list the correct full character names, separated by semicolons.",DROP  /  list the real character names,,
B026,One row names several characters,Warner Bros,Looney Tunes Core,Bugs Bunny & Harley Davidson,1,Bugs Bunny & Harley Davidson,,"This is one row listing more than one character. These names appear nowhere else, so we cannot confirm they are real characters: bugs bunny, harley davidson.","Write DROP if this row is just a grouping label and not real characters. Otherwise list the correct full character names, separated by semicolons.",DROP  /  list the real character names,,
B027,One row names several characters,Warner Bros,Looney Tunes Core,Cottontail Smith & Horse,1,Cottontail Smith & Horse,,"This is one row listing more than one character. These names appear nowhere else, so we cannot confirm they are real characters: cottontail smith, horse.","Write DROP if this row is just a grouping label and not real characters. Otherwise list the correct full character names, separated by semicolons.",DROP  /  list the real character names,,
B028,One row names several characters,Warner Bros,Looney Tunes Core,Daffy Duck & Harley Davidson,1,Daffy Duck & Harley Davidson,,"This is one row listing more than one character. These names appear nowhere else, so we cannot confirm they are real characters: daffy duck, harley davidson.","Write DROP if this row is just a grouping label and not real characters. Otherwise list the correct full character names, separated by semicolons.",DROP  /  list the real character names,,
B029,One row names several characters,Warner Bros,Looney Tunes Core,Goofy Gophers (Mac & Tosh),1,Goofy Gophers (Mac & Tosh),,"This is one row listing more than one character. These names appear nowhere else, so we cannot confirm they are real characters: goofy gophers mac, tosh.","Write DROP if this row is just a grouping label and not real characters. Otherwise list the correct full character names, separated by semicolons.",DROP  /  list the real character names,,
B030,One row names several characters,Warner Bros,Looney Tunes Core,Hatfield & Mccoy (Feudin` Mountain Boys),1,Hatfield & Mccoy (Feudin` Mountain Boys),,"This is one row listing more than one character. These names appear nowhere else, so we cannot confirm they are real characters: hatfield, mccoy feudin mountain boys.","Write DROP if this row is just a grouping label and not real characters. Otherwise list the correct full character names, separated by semicolons.",DROP  /  list the real character names,,
B031,One row names several characters,Warner Bros,Looney Tunes Core,Marvin The Martian & Harley Davidson,1,Marvin The Martian & Harley Davidson,,"This is one row listing more than one character. These names appear nowhere else, so we cannot confirm they are real characters: marvin the martian, harley davidson.","Write DROP if this row is just a grouping label and not real characters. Otherwise list the correct full character names, separated by semicolons.",DROP  /  list the real character names,,
B032,One row names several characters,Warner Bros,Looney Tunes Core,Moth & Honey Bee,1,Moth & Honey Bee,,"This is one row listing more than one character. These names appear nowhere else, so we cannot confirm they are real characters: moth, honey bee.","Write DROP if this row is just a grouping label and not real characters. Otherwise list the correct full character names, separated by semicolons.",DROP  /  list the real character names,,
B033,One row names several characters,Warner Bros,Looney Tunes Core,Road Runner & Harley Davidson,1,Road Runner & Harley Davidson,,"This is one row listing more than one character. These names appear nowhere else, so we cannot confirm they are real characters: road runner, harley davidson.","Write DROP if this row is just a grouping label and not real characters. Otherwise list the correct full character names, separated by semicolons.",DROP  /  list the real character names,,
B034,One row names several characters,Warner Bros,Looney Tunes Core,Sylvester & Harley Davidson,1,Sylvester & Harley Davidson,,"This is one row listing more than one character. These names appear nowhere else, so we cannot confirm they are real characters: sylvester, harley davidson.","Write DROP if this row is just a grouping label and not real characters. Otherwise list the correct full character names, separated by semicolons.",DROP  /  list the real character names,,
B035,One row names several characters,Warner Bros,Looney Tunes Core,Tasmanian Devil & Harley Davidson,1,Tasmanian Devil & Harley Davidson,,"This is one row listing more than one character. These names appear nowhere else, so we cannot confirm they are real characters: tasmanian devil, harley davidson.","Write DROP if this row is just a grouping label and not real characters. Otherwise list the correct full character names, separated by semicolons.",DROP  /  list the real character names,,
B036,One row names several characters,Warner Bros,Looney Tunes Core,Tweety & Harley Davidson,1,Tweety & Harley Davidson,,"This is one row listing more than one character. These names appear nowhere else, so we cannot confirm they are real characters: tweety, harley davidson.","Write DROP if this row is just a grouping label and not real characters. Otherwise list the correct full character names, separated by semicolons.",DROP  /  list the real character names,,
B037,One row names several characters,Warner Bros,Looney Tunes Core,Wile E. Coyote & Harley Davidson,1,Wile E. Coyote & Harley Davidson,,"This is one row listing more than one character. These names appear nowhere else, so we cannot confirm they are real characters: wile e coyote, harley davidson.","Write DROP if this row is just a grouping label and not real characters. Otherwise list the correct full character names, separated by semicolons.",DROP  /  list the real character names,,
B038,One row names several characters,Warner Bros,Looney Tunes Core,Yosemite Sam & Harley Davidson,1,Yosemite Sam & Harley Davidson,,"This is one row listing more than one character. These names appear nowhere else, so we cannot confirm they are real characters: yosemite sam, harley davidson.","Write DROP if this row is just a grouping label and not real characters. Otherwise list the correct full character names, separated by semicolons.",DROP  /  list the real character names,,
B039,One row names several characters,Marvel,Marvel Studios' Ant-Man Wasp Quantumania - No Likeness,Marvel Studios` Ant-Man & Wasp Logo ( Marvel Studios` Ant-Man Wasp Quantuma,1,Marvel Studios` Ant-Man & Wasp Logo ( Marvel Studios` Ant-Man Wasp Quantuma,,"This is one row listing more than one character. These names appear nowhere else, so we cannot confirm they are real characters: marvel studios ant man, wasp logo marvel studios ant man wasp quantuma.","Write DROP if this row is just a grouping label and not real characters. Otherwise list the correct full character names, separated by semicolons.",DROP  /  list the real character names,,
B040,One row names several characters,Marvel,Marvel Studios' Ant-Man Wasp Quantumania - No Likeness,Marvel Studios` Ant-Man & Wasp Logo ( MS` Ant-Man Wasp Quantumania ),1,Marvel Studios` Ant-Man & Wasp Logo ( MS` Ant-Man Wasp Quantumania ),,"This is one row listing more than one character. These names appear nowhere else, so we cannot confirm they are real characters: marvel studios ant man, wasp logo ms ant man wasp quantumania.","Write DROP if this row is just a grouping label and not real characters. Otherwise list the correct full character names, separated by semicolons.",DROP  /  list the real character names,,
B041,One row names several characters,Marvel,Marvel Studios' Ant-Man Wasp Quantumania - With Likeness,Marvel Studios` Ant-Man & Wasp Logo ( MS` Ant-Man Wasp Quantumania ),1,Marvel Studios` Ant-Man & Wasp Logo ( MS` Ant-Man Wasp Quantumania ),,"This is one row listing more than one character. These names appear nowhere else, so we cannot confirm they are real characters: marvel studios ant man, wasp logo ms ant man wasp quantumania.","Write DROP if this row is just a grouping label and not real characters. Otherwise list the correct full character names, separated by semicolons.",DROP  /  list the real character names,,
B042,One row names several characters,Marvel,Marvel's Moon Girl and Devil Dinosaur,Moon Girl & Devil Dinosaur - Gen ( Marvel`s Moon Girl and Devil Dinosaur ),1,Moon Girl & Devil Dinosaur - Gen ( Marvel`s Moon Girl and Devil Dinosaur ),,"This is one row listing more than one character. These names appear nowhere else, so we cannot confirm they are real characters: gen.","Write DROP if this row is just a grouping label and not real characters. Otherwise list the correct full character names, separated by semicolons.",DROP  /  list the real character names,,
B043,One row names several characters,Disney,Mickey Mouse,Mickey & Donald Show,1,Mickey & Donald Show,,"This is one row listing more than one character. These names appear nowhere else, so we cannot confirm they are real characters: mickey, donald show.","Write DROP if this row is just a grouping label and not real characters. Otherwise list the correct full character names, separated by semicolons.",DROP  /  list the real character names,,
B044,One row names several characters,Disney,Mickey Mouse,Mickey & Pluto - Back To School,1,Mickey & Pluto - Back To School,,"This is one row listing more than one character. These names appear nowhere else, so we cannot confirm they are real characters: back to school.","Write DROP if this row is just a grouping label and not real characters. Otherwise list the correct full character names, separated by semicolons.",DROP  /  list the real character names,,
B045,One row names several characters,Disney,Mickey Mouse Family,Morty & Ferdy,1,Morty & Ferdy,,"This is one row listing more than one character. These names appear nowhere else, so we cannot confirm they are real characters: morty, ferdy.","Write DROP if this row is just a grouping label and not real characters. Otherwise list the correct full character names, separated by semicolons.",DROP  /  list the real character names,,
B046,One row names several characters,Disney,Minnie,Minnie & Me,1,Minnie & Me,,"This is one row listing more than one character. These names appear nowhere else, so we cannot confirm they are real characters: minnie, me.","Write DROP if this row is just a grouping label and not real characters. Otherwise list the correct full character names, separated by semicolons.",DROP  /  list the real character names,,
B047,One row names several characters,Disney,Pirates of the Caribbean 2: Dead Man's Chest,Pirates: Dead Man`s Chest - Jack & Davy Jones,1,Pirates: Dead Man`s Chest - Jack & Davy Jones,,"This is one row listing more than one character. These names appear nowhere else, so we cannot confirm they are real characters: jack, davy jones.","Write DROP if this row is just a grouping label and not real characters. Otherwise list the correct full character names, separated by semicolons.",DROP  /  list the real character names,,
B048,One row names several characters,Disney,Pirates of the Caribbean 2: Dead Man's Chest,Pirates: Dead Man`s Chest - Jack & Elizabeth,1,Pirates: Dead Man`s Chest - Jack & Elizabeth,,"This is one row listing more than one character. These names appear nowhere else, so we cannot confirm they are real characters: jack, elizabeth.","Write DROP if this row is just a grouping label and not real characters. Otherwise list the correct full character names, separated by semicolons.",DROP  /  list the real character names,,
B049,One row names several characters,Disney,Pirates of the Caribbean 2: Dead Man's Chest,Pirates: Dead Man`s Chest - Jack & Will,1,Pirates: Dead Man`s Chest - Jack & Will,,"This is one row listing more than one character. These names appear nowhere else, so we cannot confirm they are real characters: jack, will.","Write DROP if this row is just a grouping label and not real characters. Otherwise list the correct full character names, separated by semicolons.",DROP  /  list the real character names,,
B050,One row names several characters,Disney,Pirates of the Caribbean 2: Dead Man's Chest,"Pirates: Dead Man`s Chest - Jack, B Bill, D Jones & Palifico",1,"Pirates: Dead Man`s Chest - Jack, B Bill, D Jones & Palifico",,"This is one row listing more than one character. These names appear nowhere else, so we cannot confirm they are real characters: jack, b bill, d jones, palifico.","Write DROP if this row is just a grouping label and not real characters. Otherwise list the correct full character names, separated by semicolons.",DROP  /  list the real character names,,
B051,One row names several characters,Disney,Pirates of the Caribbean 2: Dead Man's Chest,"Pirates: Dead Man`s Chest - Jack, Elizabeth & Guard",1,"Pirates: Dead Man`s Chest - Jack, Elizabeth & Guard",,"This is one row listing more than one character. These names appear nowhere else, so we cannot confirm they are real characters: jack, elizabeth, guard.","Write DROP if this row is just a grouping label and not real characters. Otherwise list the correct full character names, separated by semicolons.",DROP  /  list the real character names,,
B052,One row names several characters,Disney,Pirates of the Caribbean 2: Dead Man's Chest,"Pirates: Dead Man`s Chest - Jack, Elizabeth, B Bill & Guard",1,"Pirates: Dead Man`s Chest - Jack, Elizabeth, B Bill & Guard",,"This is one row listing more than one character. These names appear nowhere else, so we cannot confirm they are real characters: jack, elizabeth, b bill, guard.","Write DROP if this row is just a grouping label and not real characters. Otherwise list the correct full character names, separated by semicolons.",DROP  /  list the real character names,,
B053,One row names several characters,Disney,Pirates of the Caribbean 2: Dead Man's Chest,"Pirates: Dead Man`s Chest - Jack, Pintel & Cotton",1,"Pirates: Dead Man`s Chest - Jack, Pintel & Cotton",,"This is one row listing more than one character. These names appear nowhere else, so we cannot confirm they are real characters: jack, pintel, cotton.","Write DROP if this row is just a grouping label and not real characters. Otherwise list the correct full character names, separated by semicolons.",DROP  /  list the real character names,,
B054,One row names several characters,Disney,Pirates of the Caribbean 2: Dead Man's Chest,"Pirates: Dead Man`s Chest - Jack, Will & Elizabeth",1,"Pirates: Dead Man`s Chest - Jack, Will & Elizabeth",,"This is one row listing more than one character. These names appear nowhere else, so we cannot confirm they are real characters: jack, will, elizabeth.","Write DROP if this row is just a grouping label and not real characters. Otherwise list the correct full character names, separated by semicolons.",DROP  /  list the real character names,,
B055,One row names several characters,Disney,Pirates of the Caribbean 2: Dead Man's Chest,"Pirates: Dead Man`s Chest - Jack, Will & Gibbs",1,"Pirates: Dead Man`s Chest - Jack, Will & Gibbs",,"This is one row listing more than one character. These names appear nowhere else, so we cannot confirm they are real characters: jack, will, gibbs.","Write DROP if this row is just a grouping label and not real characters. Otherwise list the correct full character names, separated by semicolons.",DROP  /  list the real character names,,
B056,One row names several characters,Disney,Pirates of the Caribbean 2: Dead Man's Chest,"Pirates: Dead Man`s Chest - Jack, Will & Norrington",1,"Pirates: Dead Man`s Chest - Jack, Will & Norrington",,"This is one row listing more than one character. These names appear nowhere else, so we cannot confirm they are real characters: jack, will, norrington.","Write DROP if this row is just a grouping label and not real characters. Otherwise list the correct full character names, separated by semicolons.",DROP  /  list the real character names,,
B057,One row names several characters,Disney,Pirates of the Caribbean 2: Dead Man's Chest,"Pirates: Dead Man`s Chest - Jack, Will & Pintel",1,"Pirates: Dead Man`s Chest - Jack, Will & Pintel",,"This is one row listing more than one character. These names appear nowhere else, so we cannot confirm they are real characters: jack, will, pintel.","Write DROP if this row is just a grouping label and not real characters. Otherwise list the correct full character names, separated by semicolons.",DROP  /  list the real character names,,
B058,One row names several characters,Disney,Pirates of the Caribbean 2: Dead Man's Chest,"Pirates: Dead Man`s Chest - Jack, Will, & Davy",1,"Pirates: Dead Man`s Chest - Jack, Will, & Davy",,"This is one row listing more than one character. These names appear nowhere else, so we cannot confirm they are real characters: jack, will, davy.","Write DROP if this row is just a grouping label and not real characters. Otherwise list the correct full character names, separated by semicolons.",DROP  /  list the real character names,,
B059,One row names several characters,Disney,Pirates of the Caribbean 2: Dead Man's Chest,"Pirates: Dead Man`s Chest - Jack, Will, Bootstrap Bill & Davy",1,"Pirates: Dead Man`s Chest - Jack, Will, Bootstrap Bill & Davy",,"This is one row listing more than one character. These names appear nowhere else, so we cannot confirm they are real characters: jack, will, bootstrap bill, davy.","Write DROP if this row is just a grouping label and not real characters. Otherwise list the correct full character names, separated by semicolons.",DROP  /  list the real character names,,
B060,One row names several characters,Disney,Pirates of the Caribbean 2: Dead Man's Chest,"Pirates: Dead Man`s Chest - Jack, Will, Elizabeth & Barbossa",1,"Pirates: Dead Man`s Chest - Jack, Will, Elizabeth & Barbossa",,"This is one row listing more than one character. These names appear nowhere else, so we cannot confirm they are real characters: jack, will, elizabeth, barbossa.","Write DROP if this row is just a grouping label and not real characters. Otherwise list the correct full character names, separated by semicolons.",DROP  /  list the real character names,,
B061,One row names several characters,Disney,Pirates of the Caribbean 2: Dead Man's Chest,"Pirates: Dead Man`s Chest - Jack, Will, Elizabeth & Jones",1,"Pirates: Dead Man`s Chest - Jack, Will, Elizabeth & Jones",,"This is one row listing more than one character. These names appear nowhere else, so we cannot confirm they are real characters: jack, will, elizabeth, jones.","Write DROP if this row is just a grouping label and not real characters. Otherwise list the correct full character names, separated by semicolons.",DROP  /  list the real character names,,
B062,One row names several characters,Disney,Pirates of the Caribbean 2: Dead Man's Chest,"Pirates: Dead Man`s Chest - Jack, Will, Elizabeth, Jones & Pintel",1,"Pirates: Dead Man`s Chest - Jack, Will, Elizabeth, Jones & Pintel",,"This is one row listing more than one character. These names appear nowhere else, so we cannot confirm they are real characters: jack, will, elizabeth, jones, pintel.","Write DROP if this row is just a grouping label and not real characters. Otherwise list the correct full character names, separated by semicolons.",DROP  /  list the real character names,,
B063,One row names several characters,Disney,Pirates of the Caribbean 2: Dead Man's Chest,"Pirates: Dead Man`s Chest - Jack, Will, Norrington & Pintel",1,"Pirates: Dead Man`s Chest - Jack, Will, Norrington & Pintel",,"This is one row listing more than one character. These names appear nowhere else, so we cannot confirm they are real characters: jack, will, norrington, pintel.","Write DROP if this row is just a grouping label and not real characters. Otherwise list the correct full character names, separated by semicolons.",DROP  /  list the real character names,,
B064,One row names several characters,Disney,Pirates of the Caribbean 2: Dead Man's Chest,"Pirates: Dead Man`s Chest - Jack, Will, Pintel, D Jones, B Bill & Palifico",1,"Pirates: Dead Man`s Chest - Jack, Will, Pintel, D Jones, B Bill & Palifico",,"This is one row listing more than one character. These names appear nowhere else, so we cannot confirm they are real characters: jack, will, pintel, d jones, b bill, palifico.","Write DROP if this row is just a grouping label and not real characters. Otherwise list the correct full character names, separated by semicolons.",DROP  /  list the real character names,,
B065,One row names several characters,Disney,Pirates of the Caribbean 2: Dead Man's Chest,Pirates: Dead Man`s Chest - Will & Davy,1,Pirates: Dead Man`s Chest - Will & Davy,,"This is one row listing more than one character. These names appear nowhere else, so we cannot confirm they are real characters: will, davy.","Write DROP if this row is just a grouping label and not real characters. Otherwise list the correct full character names, separated by semicolons.",DROP  /  list the real character names,,
B066,One row names several characters,Disney,Pirates of the Caribbean 2: Dead Man's Chest,Pirates: Dead Man`s Chest - Will & Elizabeth,1,Pirates: Dead Man`s Chest - Will & Elizabeth,,"This is one row listing more than one character. These names appear nowhere else, so we cannot confirm they are real characters: will, elizabeth.","Write DROP if this row is just a grouping label and not real characters. Otherwise list the correct full character names, separated by semicolons.",DROP  /  list the real character names,,
B067,One row names several characters,Disney,Pirates of the Caribbean 2: Dead Man's Chest,"Pirates: Dead Man`s Chest - Will, Elizabeth & Bellamy",1,"Pirates: Dead Man`s Chest - Will, Elizabeth & Bellamy",,"This is one row listing more than one character. These names appear nowhere else, so we cannot confirm they are real characters: will, elizabeth, bellamy.","Write DROP if this row is just a grouping label and not real characters. Otherwise list the correct full character names, separated by semicolons.",DROP  /  list the real character names,,
B068,One row names several characters,Disney,Pirates of the Caribbean 2: Dead Man's Chest,"Pirates: DMC - Jack, Will, D Jones, B Bill, Pintel & Palifico",1,"Pirates: DMC - Jack, Will, D Jones, B Bill, Pintel & Palifico",,"This is one row listing more than one character. These names appear nowhere else, so we cannot confirm they are real characters: jack, will, d jones, b bill, pintel, palifico.","Write DROP if this row is just a grouping label and not real characters. Otherwise list the correct full character names, separated by semicolons.",DROP  /  list the real character names,,
B069,One row names several characters,Disney,Pirates of the Caribbean 2: Dead Man's Chest,"Pirates: DMC - Jack, Will, Elizabeth, Pintel, Norrington, T Dalma & Guard",1,"Pirates: DMC - Jack, Will, Elizabeth, Pintel, Norrington, T Dalma & Guard",,"This is one row listing more than one character. These names appear nowhere else, so we cannot confirm they are real characters: jack, will, elizabeth, pintel, norrington, t dalma, guard.","Write DROP if this row is just a grouping label and not real characters. Otherwise list the correct full character names, separated by semicolons.",DROP  /  list the real character names,,
B070,One row names several characters,Disney,Pirates of the Caribbean 2: Dead Man's Chest,"Pirates: DMC - Jack, Will, Norrington, D Jones, T Dalma & Guard",1,"Pirates: DMC - Jack, Will, Norrington, D Jones, T Dalma & Guard",,"This is one row listing more than one character. These names appear nowhere else, so we cannot confirm they are real characters: jack, will, norrington, d jones, t dalma, guard.","Write DROP if this row is just a grouping label and not real characters. Otherwise list the correct full character names, separated by semicolons.",DROP  /  list the real character names,,
B071,One row names several characters,Disney,Pirates of the Caribbean 2: Dead Man's Chest,"Pirates: DMC - Jack, Will, Pintel, D Jones, B Bill, Maccus and Palifico",1,"Pirates: DMC - Jack, Will, Pintel, D Jones, B Bill, Maccus and Palifico",,"This is one row listing more than one character. These names appear nowhere else, so we cannot confirm they are real characters: jack, will, pintel, d jones, b bill, maccus, palifico.","Write DROP if this row is just a grouping label and not real characters. Otherwise list the correct full character names, separated by semicolons.",DROP  /  list the real character names,,
B072,One row names several characters,Disney,Pirates of the Caribbean 3: At Worlds End,Pirates 3: At Worlds End - Barbossa & Davy,1,Pirates 3: At Worlds End - Barbossa & Davy,,"This is one row listing more than one character. These names appear nowhere else, so we cannot confirm they are real characters: barbossa, davy.","Write DROP if this row is just a grouping label and not real characters. Otherwise list the correct full character names, separated by semicolons.",DROP  /  list the real character names,,
B073,One row names several characters,Disney,Pirates of the Caribbean 3: At Worlds End,Pirates 3: At Worlds End - Barbossa & Elizabeth,1,Pirates 3: At Worlds End - Barbossa & Elizabeth,,"This is one row listing more than one character. These names appear nowhere else, so we cannot confirm they are real characters: barbossa, elizabeth.","Write DROP if this row is just a grouping label and not real characters. Otherwise list the correct full character names, separated by semicolons.",DROP  /  list the real character names,,
B074,One row names several characters,Disney,Pirates of the Caribbean 3: At Worlds End,Pirates 3: At Worlds End - Barbossa & Jack the Monkey,1,Pirates 3: At Worlds End - Barbossa & Jack the Monkey,,"This is one row listing more than one character. These names appear nowhere else, so we cannot confirm they are real characters: barbossa, jack the monkey.","Write DROP if this row is just a grouping label and not real characters. Otherwise list the correct full character names, separated by semicolons.",DROP  /  list the real character names,,
B075,One row names several characters,Disney,Pirates of the Caribbean 3: At Worlds End,Pirates 3: At Worlds End - Barbossa & Tia,1,Pirates 3: At Worlds End - Barbossa & Tia,,"This is one row listing more than one character. These names appear nowhere else, so we cannot confirm they are real characters: barbossa, tia.","Write DROP if this row is just a grouping label and not real characters. Otherwise list the correct full character names, separated by semicolons.",DROP  /  list the real character names,,
B076,One row names several characters,Disney,Pirates of the Caribbean 3: At Worlds End,Pirates 3: At Worlds End - Barbossa & Will,1,Pirates 3: At Worlds End - Barbossa & Will,,"This is one row listing more than one character. These names appear nowhere else, so we cannot confirm they are real characters: barbossa, will.","Write DROP if this row is just a grouping label and not real characters. Otherwise list the correct full character names, separated by semicolons.",DROP  /  list the real character names,,
B077,One row names several characters,Disney,Pirates of the Caribbean 3: At Worlds End,Pirates 3: At Worlds End - Bootstrap & Davy,1,Pirates 3: At Worlds End - Bootstrap & Davy,,"This is one row listing more than one character. These names appear nowhere else, so we cannot confirm they are real characters: bootstrap, davy.","Write DROP if this row is just a grouping label and not real characters. Otherwise list the correct full character names, separated by semicolons.",DROP  /  list the real character names,,
B078,One row names several characters,Disney,Pirates of the Caribbean 3: At Worlds End,Pirates 3: At Worlds End - Elizabeth & Sao,1,Pirates 3: At Worlds End - Elizabeth & Sao,,"This is one row listing more than one character. These names appear nowhere else, so we cannot confirm they are real characters: elizabeth, sao.","Write DROP if this row is just a grouping label and not real characters. Otherwise list the correct full character names, separated by semicolons.",DROP  /  list the real character names,,
B079,One row names several characters,Disney,Pirates of the Caribbean 3: At Worlds End,"Pirates 3: At Worlds End - Elizabeth, Sao & Norrington",1,"Pirates 3: At Worlds End - Elizabeth, Sao & Norrington",,"This is one row listing more than one character. These names appear nowhere else, so we cannot confirm they are real characters: elizabeth, sao, norrington.","Write DROP if this row is just a grouping label and not real characters. Otherwise list the correct full character names, separated by semicolons.",DROP  /  list the real character names,,
B080,One row names several characters,Disney,Pirates of the Caribbean 3: At Worlds End,Pirates 3: At Worlds End - Jack & Barbossa,1,Pirates 3: At Worlds End - Jack & Barbossa,,"This is one row listing more than one character. These names appear nowhere else, so we cannot confirm they are real characters: jack, barbossa.","Write DROP if this row is just a grouping label and not real characters. Otherwise list the correct full character names, separated by semicolons.",DROP  /  list the real character names,,
B081,One row names several characters,Disney,Pirates of the Caribbean 3: At Worlds End,Pirates 3: At Worlds End - Jack & Bill,1,Pirates 3: At Worlds End - Jack & Bill,,"This is one row listing more than one character. These names appear nowhere else, so we cannot confirm they are real characters: jack, bill.","Write DROP if this row is just a grouping label and not real characters. Otherwise list the correct full character names, separated by semicolons.",DROP  /  list the real character names,,
B082,One row names several characters,Disney,Pirates of the Caribbean 3: At Worlds End,Pirates 3: At Worlds End - Jack & Davy,1,Pirates 3: At Worlds End - Jack & Davy,,"This is one row listing more than one character. These names appear nowhere else, so we cannot confirm they are real characters: jack, davy.","Write DROP if this row is just a grouping label and not real characters. Otherwise list the correct full character names, separated by semicolons.",DROP  /  list the real character names,,
B083,One row names several characters,Disney,Pirates of the Caribbean 3: At Worlds End,Pirates 3: At Worlds End - Jack & Elizabeth,1,Pirates 3: At Worlds End - Jack & Elizabeth,,"This is one row listing more than one character. These names appear nowhere else, so we cannot confirm they are real characters: jack, elizabeth.","Write DROP if this row is just a grouping label and not real characters. Otherwise list the correct full character names, separated by semicolons.",DROP  /  list the real character names,,
B084,One row names several characters,Disney,Pirates of the Caribbean 3: At Worlds End,Pirates 3: At Worlds End - Jack & Gibbs,1,Pirates 3: At Worlds End - Jack & Gibbs,,"This is one row listing more than one character. These names appear nowhere else, so we cannot confirm they are real characters: jack, gibbs.","Write DROP if this row is just a grouping label and not real characters. Otherwise list the correct full character names, separated by semicolons.",DROP  /  list the real character names,,
B085,One row names several characters,Disney,Pirates of the Caribbean 3: At Worlds End,Pirates 3: At Worlds End - Jack & Will,1,Pirates 3: At Worlds End - Jack & Will,,"This is one row listing more than one character. These names appear nowhere else, so we cannot confirm they are real characters: jack, will.","Write DROP if this row is just a grouping label and not real characters. Otherwise list the correct full character names, separated by semicolons.",DROP  /  list the real character names,,
B086,One row names several characters,Disney,Pirates of the Caribbean 3: At Worlds End,"Pirates 3: At Worlds End - Jack, Barbossa & Davy",1,"Pirates 3: At Worlds End - Jack, Barbossa & Davy",,"This is one row listing more than one character. These names appear nowhere else, so we cannot confirm they are real characters: jack, barbossa, davy.","Write DROP if this row is just a grouping label and not real characters. Otherwise list the correct full character names, separated by semicolons.",DROP  /  list the real character names,,
B087,One row names several characters,Disney,Pirates of the Caribbean 3: At Worlds End,"Pirates 3: At Worlds End - Jack, Barbossa & Elizabeth",1,"Pirates 3: At Worlds End - Jack, Barbossa & Elizabeth",,"This is one row listing more than one character. These names appear nowhere else, so we cannot confirm they are real characters: jack, barbossa, elizabeth.","Write DROP if this row is just a grouping label and not real characters. Otherwise list the correct full character names, separated by semicolons.",DROP  /  list the real character names,,
B088,One row names several characters,Disney,Pirates of the Caribbean 3: At Worlds End,"Pirates 3: At Worlds End - Jack, Elizabeth & Barbossa",1,"Pirates 3: At Worlds End - Jack, Elizabeth & Barbossa",,"This is one row listing more than one character. These names appear nowhere else, so we cannot confirm they are real characters: jack, elizabeth, barbossa.","Write DROP if this row is just a grouping label and not real characters. Otherwise list the correct full character names, separated by semicolons.",DROP  /  list the real character names,,
B089,One row names several characters,Disney,Pirates of the Caribbean 3: At Worlds End,"Pirates 3: At Worlds End - Jack, Will & Barbossa",1,"Pirates 3: At Worlds End - Jack, Will & Barbossa",,"This is one row listing more than one character. These names appear nowhere else, so we cannot confirm they are real characters: jack, will, barbossa.","Write DROP if this row is just a grouping label and not real characters. Otherwise list the correct full character names, separated by semicolons.",DROP  /  list the real character names,,
B090,One row names several characters,Disney,Pirates of the Caribbean 3: At Worlds End,"Pirates 3: At Worlds End - Jack, Will & Elizabeth",1,"Pirates 3: At Worlds End - Jack, Will & Elizabeth",,"This is one row listing more than one character. These names appear nowhere else, so we cannot confirm they are real characters: jack, will, elizabeth.","Write DROP if this row is just a grouping label and not real characters. Otherwise list the correct full character names, separated by semicolons.",DROP  /  list the real character names,,
B091,One row names several characters,Disney,Pirates of the Caribbean 3: At Worlds End,"Pirates 3: At Worlds End - Jack, Will & Gibbs",1,"Pirates 3: At Worlds End - Jack, Will & Gibbs",,"This is one row listing more than one character. These names appear nowhere else, so we cannot confirm they are real characters: jack, will, gibbs.","Write DROP if this row is just a grouping label and not real characters. Otherwise list the correct full character names, separated by semicolons.",DROP  /  list the real character names,,
B092,One row names several characters,Disney,Pirates of the Caribbean 3: At Worlds End,"Pirates 3: At Worlds End - Jack, Will, & Davy",1,"Pirates 3: At Worlds End - Jack, Will, & Davy",,"This is one row listing more than one character. These names appear nowhere else, so we cannot confirm they are real characters: jack, will, davy.","Write DROP if this row is just a grouping label and not real characters. Otherwise list the correct full character names, separated by semicolons.",DROP  /  list the real character names,,
B093,One row names several characters,Disney,Pirates of the Caribbean 3: At Worlds End,"Pirates 3: At Worlds End - Jack, Will, Barbossa & Davy",1,"Pirates 3: At Worlds End - Jack, Will, Barbossa & Davy",,"This is one row listing more than one character. These names appear nowhere else, so we cannot confirm they are real characters: jack, will, barbossa, davy.","Write DROP if this row is just a grouping label and not real characters. Otherwise list the correct full character names, separated by semicolons.",DROP  /  list the real character names,,
B094,One row names several characters,Disney,Pirates of the Caribbean 3: At Worlds End,"Pirates 3: At Worlds End - Jack, Will, Barbossa & Jack the Monkey",1,"Pirates 3: At Worlds End - Jack, Will, Barbossa & Jack the Monkey",,"This is one row listing more than one character. These names appear nowhere else, so we cannot confirm they are real characters: jack, will, barbossa, jack the monkey.","Write DROP if this row is just a grouping label and not real characters. Otherwise list the correct full character names, separated by semicolons.",DROP  /  list the real character names,,
B095,One row names several characters,Disney,Pirates of the Caribbean 3: At Worlds End,"Pirates 3: At Worlds End - Jack, Will, Elizabeth & Barbossa",1,"Pirates 3: At Worlds End - Jack, Will, Elizabeth & Barbossa",,"This is one row listing more than one character. These names appear nowhere else, so we cannot confirm they are real characters: jack, will, elizabeth, barbossa.","Write DROP if this row is just a grouping label and not real characters. Otherwise list the correct full character names, separated by semicolons.",DROP  /  list the real character names,,
B096,One row names several characters,Disney,Pirates of the Caribbean 3: At Worlds End,"Pirates 3: At Worlds End - Jack, Will, Elizabeth & Davy",1,"Pirates 3: At Worlds End - Jack, Will, Elizabeth & Davy",,"This is one row listing more than one character. These names appear nowhere else, so we cannot confirm they are real characters: jack, will, elizabeth, davy.","Write DROP if this row is just a grouping label and not real characters. Otherwise list the correct full character names, separated by semicolons.",DROP  /  list the real character names,,
B097,One row names several characters,Disney,Pirates of the Caribbean 3: At Worlds End,"Pirates 3: At Worlds End - Jack, Will, Elizabeth, Barbossa & Davy",1,"Pirates 3: At Worlds End - Jack, Will, Elizabeth, Barbossa & Davy",,"This is one row listing more than one character. These names appear nowhere else, so we cannot confirm they are real characters: jack, will, elizabeth, barbossa, davy.","Write DROP if this row is just a grouping label and not real characters. Otherwise list the correct full character names, separated by semicolons.",DROP  /  list the real character names,,
B098,One row names several characters,Disney,Pirates of the Caribbean 3: At Worlds End,"Pirates 3: At Worlds End - Jack, Will, Elizabeth, Barbossa & Gibbs",1,"Pirates 3: At Worlds End - Jack, Will, Elizabeth, Barbossa & Gibbs",,"This is one row listing more than one character. These names appear nowhere else, so we cannot confirm they are real characters: jack, will, elizabeth, barbossa, gibbs.","Write DROP if this row is just a grouping label and not real characters. Otherwise list the correct full character names, separated by semicolons.",DROP  /  list the real character names,,
B099,One row names several characters,Disney,Pirates of the Caribbean 3: At Worlds End,"Pirates 3: At Worlds End - Jack, Will, Elizabeth, Barbossa & Sao",1,"Pirates 3: At Worlds End - Jack, Will, Elizabeth, Barbossa & Sao",,"This is one row listing more than one character. These names appear nowhere else, so we cannot confirm they are real characters: jack, will, elizabeth, barbossa, sao.","Write DROP if this row is just a grouping label and not real characters. Otherwise list the correct full character names, separated by semicolons.",DROP  /  list the real character names,,
B100,One row names several characters,Disney,Pirates of the Caribbean 3: At Worlds End,"Pirates 3: At Worlds End - Jack, Will, Elizabeth, Barbossa, Davy & Sao",1,"Pirates 3: At Worlds End - Jack, Will, Elizabeth, Barbossa, Davy & Sao",,"This is one row listing more than one character. These names appear nowhere else, so we cannot confirm they are real characters: jack, will, elizabeth, barbossa, davy, sao.","Write DROP if this row is just a grouping label and not real characters. Otherwise list the correct full character names, separated by semicolons.",DROP  /  list the real character names,,
B101,One row names several characters,Disney,Pirates of the Caribbean 3: At Worlds End,"Pirates 3: At Worlds End - Jack, Will, Elizabeth, Barbossa, Norrington, Bec",1,"Pirates 3: At Worlds End - Jack, Will, Elizabeth, Barbossa, Norrington, Bec",,"This is one row listing more than one character. These names appear nowhere else, so we cannot confirm they are real characters: jack, will, elizabeth, barbossa, norrington, bec.","Write DROP if this row is just a grouping label and not real characters. Otherwise list the correct full character names, separated by semicolons.",DROP  /  list the real character names,,
B102,One row names several characters,Disney,Pirates of the Caribbean 3: At Worlds End,Pirates 3: At Worlds End - Will & Elizabeth,1,Pirates 3: At Worlds End - Will & Elizabeth,,"This is one row listing more than one character. These names appear nowhere else, so we cannot confirm they are real characters: will, elizabeth.","Write DROP if this row is just a grouping label and not real characters. Otherwise list the correct full character names, separated by semicolons.",DROP  /  list the real character names,,
B103,One row names several characters,Disney,Pirates of the Caribbean 3: At Worlds End,"Pirates 3: At Worlds End -Jack, Will, Elizabeth, Barbossa & Jack the Monkey",1,"Pirates 3: At Worlds End -Jack, Will, Elizabeth, Barbossa & Jack the Monkey",,"This is one row listing more than one character. These names appear nowhere else, so we cannot confirm they are real characters: pirates 3 at worlds end jack, will, elizabeth, barbossa, jack the monkey.","Write DROP if this row is just a grouping label and not real characters. Otherwise list the correct full character names, separated by semicolons.",DROP  /  list the real character names,,
B104,One row names several characters,Disney,Pirates of the Caribbean 3: At Worlds End,"Pirates3:AWE-Jack,Will,Liz,Barbossa,Gibbs,Bill,Tia,JackM,Becket,Pintel,Davy",1,"Pirates3:AWE-Jack,Will,Liz,Barbossa,Gibbs,Bill,Tia,JackM,Becket,Pintel,Davy",,"This is one row listing more than one character. These names appear nowhere else, so we cannot confirm they are real characters: pirates3 awe jack, will, liz, barbossa, gibbs, bill, tia, jackm, becket, pintel, davy.","Write DROP if this row is just a grouping label and not real characters. Otherwise list the correct full character names, separated by semicolons.",DROP  /  list the real character names,,
B105,One row names several characters,Disney,Pirates of the Caribbean 4: On Stranger Tides,"Pirates 4: On Stranger Tides - Anjelica, Barbossa and Blackbeard",1,"Pirates 4: On Stranger Tides - Anjelica, Barbossa and Blackbeard",,"This is one row listing more than one character. These names appear nowhere else, so we cannot confirm they are real characters: anjelica, barbossa, blackbeard.","Write DROP if this row is just a grouping label and not real characters. Otherwise list the correct full character names, separated by semicolons.",DROP  /  list the real character names,,
B106,One row names several characters,Disney,Pirates of the Caribbean 4: On Stranger Tides,"Pirates 4: On Stranger Tides - Jack Sparrow, Anjelica and Barbossa",1,"Pirates 4: On Stranger Tides - Jack Sparrow, Anjelica and Barbossa",,"This is one row listing more than one character. These names appear nowhere else, so we cannot confirm they are real characters: jack sparrow, anjelica, barbossa.","Write DROP if this row is just a grouping label and not real characters. Otherwise list the correct full character names, separated by semicolons.",DROP  /  list the real character names,,
B107,One row names several characters,Disney,Pirates of the Caribbean 4: On Stranger Tides,"Pirates 4: On Stranger Tides - Jack Sparrow, Anjelica and Blackbeard",1,"Pirates 4: On Stranger Tides - Jack Sparrow, Anjelica and Blackbeard",,"This is one row listing more than one character. These names appear nowhere else, so we cannot confirm they are real characters: jack sparrow, anjelica, blackbeard.","Write DROP if this row is just a grouping label and not real characters. Otherwise list the correct full character names, separated by semicolons.",DROP  /  list the real character names,,
B108,One row names several characters,Disney,Pirates of the Caribbean 4: On Stranger Tides,"Pirates 4: On Stranger Tides - Jack Sparrow, Anjelica, Barbossa and Blackbe",1,"Pirates 4: On Stranger Tides - Jack Sparrow, Anjelica, Barbossa and Blackbe",,"This is one row listing more than one character. These names appear nowhere else, so we cannot confirm they are real characters: jack sparrow, anjelica, barbossa, blackbe.","Write DROP if this row is just a grouping label and not real characters. Otherwise list the correct full character names, separated by semicolons.",DROP  /  list the real character names,,
B109,One row names several characters,Disney,Pirates of the Caribbean 5: Dead Men Tell No Tales,"Pirates 5: Dead Men Tell No Tales - General(No Name,Likeness,Voice Royalty)",1,"Pirates 5: Dead Men Tell No Tales - General(No Name,Likeness,Voice Royalty)",,"This is one row listing more than one character. These names appear nowhere else, so we cannot confirm they are real characters: general no name, likeness, voice royalty.","Write DROP if this row is just a grouping label and not real characters. Otherwise list the correct full character names, separated by semicolons.",DROP  /  list the real character names,,
B110,One row names several characters,Disney,Pirates of the Caribbean 5: Dead Men Tell No Tales,"Pirates 5: Dead Men Tell No Tales - Jack, Barbosa, H Turner, Carina",1,"Pirates 5: Dead Men Tell No Tales - Jack, Barbosa, H Turner, Carina",,"This is one row listing more than one character. These names appear nowhere else, so we cannot confirm they are real characters: jack, barbosa, h turner, carina.","Write DROP if this row is just a grouping label and not real characters. Otherwise list the correct full character names, separated by semicolons.",DROP  /  list the real character names,,
B111,One row names several characters,Disney,Pirates of the Caribbean 5: Dead Men Tell No Tales,"Pirates 5: Dead Men Tell No Tales - Jack, Barbosa, Salazar, Carina, HTurner",1,"Pirates 5: Dead Men Tell No Tales - Jack, Barbosa, Salazar, Carina, HTurner",,"This is one row listing more than one character. These names appear nowhere else, so we cannot confirm they are real characters: jack, barbosa, salazar, carina, hturner.","Write DROP if this row is just a grouping label and not real characters. Otherwise list the correct full character names, separated by semicolons.",DROP  /  list the real character names,,
B112,One row names several characters,Disney,Pirates of the Caribbean 5: Dead Men Tell No Tales,"Pirates 5: Dead Men Tell No Tales - Jack, Salazar, Barb, HT, Carina, Monkey",1,"Pirates 5: Dead Men Tell No Tales - Jack, Salazar, Barb, HT, Carina, Monkey",,"This is one row listing more than one character. These names appear nowhere else, so we cannot confirm they are real characters: jack, salazar, barb, ht, carina, monkey.","Write DROP if this row is just a grouping label and not real characters. Otherwise list the correct full character names, separated by semicolons.",DROP  /  list the real character names,,
B113,One row names several characters,Disney,Pirates of the Caribbean: Curse of the Black Pearl,Pirates of the Caribbean-JDepp & Obloom,1,Pirates of the Caribbean-JDepp & Obloom,,"This is one row listing more than one character. These names appear nowhere else, so we cannot confirm they are real characters: pirates of the caribbean jdepp, obloom.","Write DROP if this row is just a grouping label and not real characters. Otherwise list the correct full character names, separated by semicolons.",DROP  /  list the real character names,,
B114,One row names several characters,Disney,Pixar Collection,"Pixar Collection - A Bugs Life, Finding Nemo, Toy Story, UP",1,"Pixar Collection - A Bugs Life, Finding Nemo, Toy Story, UP",,"This is one row listing more than one character. These names appear nowhere else, so we cannot confirm they are real characters: a bugs life, finding nemo, toy story, up.","Write DROP if this row is just a grouping label and not real characters. Otherwise list the correct full character names, separated by semicolons.",DROP  /  list the real character names,,
B115,One row names several characters,Disney,Pixar Collection,"Pixar Collection - A Bugs Life, Toy Story, UP, Wall-E",1,"Pixar Collection - A Bugs Life, Toy Story, UP, Wall-E",,"This is one row listing more than one character. These names appear nowhere else, so we cannot confirm they are real characters: a bugs life, toy story, up, wall e.","Write DROP if this row is just a grouping label and not real characters. Otherwise list the correct full character names, separated by semicolons.",DROP  /  list the real character names,,
B116,One row names several characters,Disney,Pixar Collection,"Pixar Collection - Finding Nemo, Incredibles, Toy Story",1,"Pixar Collection - Finding Nemo, Incredibles, Toy Story",,"This is one row listing more than one character. These names appear nowhere else, so we cannot confirm they are real characters: finding nemo, incredibles, toy story.","Write DROP if this row is just a grouping label and not real characters. Otherwise list the correct full character names, separated by semicolons.",DROP  /  list the real character names,,
B117,One row names several characters,Disney,Pixar Collection,"Pixar Collection - Finding Nemo, Incredibles, Toy Story, Wall-E",1,"Pixar Collection - Finding Nemo, Incredibles, Toy Story, Wall-E",,"This is one row listing more than one character. These names appear nowhere else, so we cannot confirm they are real characters: finding nemo, incredibles, toy story, wall e.","Write DROP if this row is just a grouping label and not real characters. Otherwise list the correct full character names, separated by semicolons.",DROP  /  list the real character names,,
B118,One row names several characters,Disney,Pixar Collection,"Pixar Collection - Good Dino, Cars, Finding Dory, Inside Out, Brave",1,"Pixar Collection - Good Dino, Cars, Finding Dory, Inside Out, Brave",,"This is one row listing more than one character. These names appear nowhere else, so we cannot confirm they are real characters: good dino, cars, finding dory, inside out, brave.","Write DROP if this row is just a grouping label and not real characters. Otherwise list the correct full character names, separated by semicolons.",DROP  /  list the real character names,,
B119,One row names several characters,Disney,Pixar Collection,"Pixar Collection - Incredibles, Nemo, Brave, Ratatouille",1,"Pixar Collection - Incredibles, Nemo, Brave, Ratatouille",,"This is one row listing more than one character. These names appear nowhere else, so we cannot confirm they are real characters: incredibles, nemo, brave, ratatouille.","Write DROP if this row is just a grouping label and not real characters. Otherwise list the correct full character names, separated by semicolons.",DROP  /  list the real character names,,
B120,One row names several characters,Disney,Pixar Collection,"Pixar Collection - Rat, WallE, Cars, ToyStory, Mon, Incredi",1,"Pixar Collection - Rat, WallE, Cars, ToyStory, Mon, Incredi",,"This is one row listing more than one character. These names appear nowhere else, so we cannot confirm they are real characters: rat, walle, cars, toystory, mon, incredi.","Write DROP if this row is just a grouping label and not real characters. Otherwise list the correct full character names, separated by semicolons.",DROP  /  list the real character names,,
B121,One row names several characters,Disney,Suite Life of Zack and Cody,"Suite Life of Zack and Cody - Ashely, Brenda, Brian, Cole, Dylan, Kim & Phi",1,"Suite Life of Zack and Cody - Ashely, Brenda, Brian, Cole, Dylan, Kim & Phi",,"This is one row listing more than one character. These names appear nowhere else, so we cannot confirm they are real characters: ashely, brenda, brian, cole, dylan, kim, phi.","Write DROP if this row is just a grouping label and not real characters. Otherwise list the correct full character names, separated by semicolons.",DROP  /  list the real character names,,
B122,One row names several characters,Disney,Suite Life of Zack and Cody,Suite Life of Zack and Cody - Ashley Tisdale & Brenda Song,1,Suite Life of Zack and Cody - Ashley Tisdale & Brenda Song,,"This is one row listing more than one character. These names appear nowhere else, so we cannot confirm they are real characters: ashley tisdale, brenda song.","Write DROP if this row is just a grouping label and not real characters. Otherwise list the correct full character names, separated by semicolons.",DROP  /  list the real character names,,
B123,One row names several characters,Disney,Suite Life of Zack and Cody,"Suite Life of Zack and Cody - Ashley, Brenda, Cole & Dylan",1,"Suite Life of Zack and Cody - Ashley, Brenda, Cole & Dylan",,"This is one row listing more than one character. These names appear nowhere else, so we cannot confirm they are real characters: ashley, brenda, cole, dylan.","Write DROP if this row is just a grouping label and not real characters. Otherwise list the correct full character names, separated by semicolons.",DROP  /  list the real character names,,
B124,One row names several characters,Disney,Toy Story 3,Toy Story 3 - 3D Slinky Dog & Barbie Car,1,Toy Story 3 - 3D Slinky Dog & Barbie Car,,"This is one row listing more than one character. These names appear nowhere else, so we cannot confirm they are real characters: 3d slinky dog, barbie car.","Write DROP if this row is just a grouping label and not real characters. Otherwise list the correct full character names, separated by semicolons.",DROP  /  list the real character names,,
B125,One row names several characters,Disney,Toy Story 3,Toy Story 3 - 3D Slinky Dog & Chatter Phone,1,Toy Story 3 - 3D Slinky Dog & Chatter Phone,,"This is one row listing more than one character. These names appear nowhere else, so we cannot confirm they are real characters: 3d slinky dog, chatter phone.","Write DROP if this row is just a grouping label and not real characters. Otherwise list the correct full character names, separated by semicolons.",DROP  /  list the real character names,,
B126,One row names several characters,Disney,Toy Story 3,Toy Story 3 - 3D Slinky Dog & Ken and/or Barbie,1,Toy Story 3 - 3D Slinky Dog & Ken and/or Barbie,,"This is one row listing more than one character. These names appear nowhere else, so we cannot confirm they are real characters: 3d slinky dog, ken, or barbie.","Write DROP if this row is just a grouping label and not real characters. Otherwise list the correct full character names, separated by semicolons.",DROP  /  list the real character names,,
B127,One row names several characters,Disney,Toy Story 3,Toy Story 3 - 3D Slinky Dog & Mr Potato Head and/or Mrs Potato Head,1,Toy Story 3 - 3D Slinky Dog & Mr Potato Head and/or Mrs Potato Head,,"This is one row listing more than one character. These names appear nowhere else, so we cannot confirm they are real characters: 3d slinky dog, mr potato head, or mrs potato head.","Write DROP if this row is just a grouping label and not real characters. Otherwise list the correct full character names, separated by semicolons.",DROP  /  list the real character names,,
B128,One row names several characters,Disney,Toy Story 3,Toy Story 3 - 3D Slinky Dog Barbie Car Chatter Phone & Mr PH and/or Mrs PH,1,Toy Story 3 - 3D Slinky Dog Barbie Car Chatter Phone & Mr PH and/or Mrs PH,,"This is one row listing more than one character. These names appear nowhere else, so we cannot confirm they are real characters: 3d slinky dog barbie car chatter phone, mr ph, or mrs ph.","Write DROP if this row is just a grouping label and not real characters. Otherwise list the correct full character names, separated by semicolons.",DROP  /  list the real character names,,
B129,One row names several characters,Disney,Toy Story 3,"Toy Story 3 - 3D Slinky Dog, Barbie Car & Chatter Phone",1,"Toy Story 3 - 3D Slinky Dog, Barbie Car & Chatter Phone",,"This is one row listing more than one character. These names appear nowhere else, so we cannot confirm they are real characters: 3d slinky dog, barbie car, chatter phone.","Write DROP if this row is just a grouping label and not real characters. Otherwise list the correct full character names, separated by semicolons.",DROP  /  list the real character names,,
B130,One row names several characters,Disney,Toy Story 3,"Toy Story 3 - 3D Slinky Dog, Barbie Car & Mr PH and/or Mrs PH",1,"Toy Story 3 - 3D Slinky Dog, Barbie Car & Mr PH and/or Mrs PH",,"This is one row listing more than one character. These names appear nowhere else, so we cannot confirm they are real characters: 3d slinky dog, barbie car, mr ph, or mrs ph.","Write DROP if this row is just a grouping label and not real characters. Otherwise list the correct full character names, separated by semicolons.",DROP  /  list the real character names,,
B131,One row names several characters,Disney,Toy Story 3,"Toy Story 3 - 3D Slinky Dog, Chatter Phone & Mr PH and/or Mrs PH",1,"Toy Story 3 - 3D Slinky Dog, Chatter Phone & Mr PH and/or Mrs PH",,"This is one row listing more than one character. These names appear nowhere else, so we cannot confirm they are real characters: 3d slinky dog, chatter phone, mr ph, or mrs ph.","Write DROP if this row is just a grouping label and not real characters. Otherwise list the correct full character names, separated by semicolons.",DROP  /  list the real character names,,
B132,One row names several characters,Disney,Toy Story 3,"Toy Story 3 - 3D Slinky Dog, Ken and/or Barbie & Barbie Car",1,"Toy Story 3 - 3D Slinky Dog, Ken and/or Barbie & Barbie Car",,"This is one row listing more than one character. These names appear nowhere else, so we cannot confirm they are real characters: 3d slinky dog, ken, or barbie, barbie car.","Write DROP if this row is just a grouping label and not real characters. Otherwise list the correct full character names, separated by semicolons.",DROP  /  list the real character names,,
B133,One row names several characters,Disney,Toy Story 3,"Toy Story 3 - 3D Slinky Dog, Ken and/or Barbie & Chatter Phone",1,"Toy Story 3 - 3D Slinky Dog, Ken and/or Barbie & Chatter Phone",,"This is one row listing more than one character. These names appear nowhere else, so we cannot confirm they are real characters: 3d slinky dog, ken, or barbie, chatter phone.","Write DROP if this row is just a grouping label and not real characters. Otherwise list the correct full character names, separated by semicolons.",DROP  /  list the real character names,,
B134,One row names several characters,Disney,Toy Story 3,"Toy Story 3 - 3D Slinky Dog, Ken and/or Barbie & Mr PH and/or Mrs PH",1,"Toy Story 3 - 3D Slinky Dog, Ken and/or Barbie & Mr PH and/or Mrs PH",,"This is one row listing more than one character. These names appear nowhere else, so we cannot confirm they are real characters: 3d slinky dog, ken, or barbie, mr ph, or mrs ph.","Write DROP if this row is just a grouping label and not real characters. Otherwise list the correct full character names, separated by semicolons.",DROP  /  list the real character names,,
B135,One row names several characters,Disney,Toy Story 3,"Toy Story 3 - 3D Slinky Dog, Ken and/or Barbie, Barbie Car & Chatter Phone",1,"Toy Story 3 - 3D Slinky Dog, Ken and/or Barbie, Barbie Car & Chatter Phone",,"This is one row listing more than one character. These names appear nowhere else, so we cannot confirm they are real characters: 3d slinky dog, ken, or barbie, barbie car, chatter phone.","Write DROP if this row is just a grouping label and not real characters. Otherwise list the correct full character names, separated by semicolons.",DROP  /  list the real character names,,
B136,One row names several characters,Disney,Toy Story 3,"Toy Story 3 - 3DSlinkyDog, Ken and/or Barbie, BarbieCar & MrPH and/or MrsPH",1,"Toy Story 3 - 3DSlinkyDog, Ken and/or Barbie, BarbieCar & MrPH and/or MrsPH",,"This is one row listing more than one character. These names appear nowhere else, so we cannot confirm they are real characters: 3dslinkydog, ken, or barbie, barbiecar, mrph, or mrsph.","Write DROP if this row is just a grouping label and not real characters. Otherwise list the correct full character names, separated by semicolons.",DROP  /  list the real character names,,
B137,One row names several characters,Disney,Toy Story 3,"Toy Story 3 - 3DSlinkyDog, Ken and/or Barbie, ChatPhon & MrPH and/or MrsPH",1,"Toy Story 3 - 3DSlinkyDog, Ken and/or Barbie, ChatPhon & MrPH and/or MrsPH",,"This is one row listing more than one character. These names appear nowhere else, so we cannot confirm they are real characters: 3dslinkydog, ken, or barbie, chatphon, mrph, or mrsph.","Write DROP if this row is just a grouping label and not real characters. Otherwise list the correct full character names, separated by semicolons.",DROP  /  list the real character names,,
B138,One row names several characters,Disney,Toy Story 3,Toy Story 3 - Barbie Car & Chatter Phone,1,Toy Story 3 - Barbie Car & Chatter Phone,,"This is one row listing more than one character. These names appear nowhere else, so we cannot confirm they are real characters: barbie car, chatter phone.","Write DROP if this row is just a grouping label and not real characters. Otherwise list the correct full character names, separated by semicolons.",DROP  /  list the real character names,,
B139,One row names several characters,Disney,Toy Story 3,Toy Story 3 - Barbie Car & Mr Potato Head and/or Mrs Potato Head,1,Toy Story 3 - Barbie Car & Mr Potato Head and/or Mrs Potato Head,,"This is one row listing more than one character. These names appear nowhere else, so we cannot confirm they are real characters: barbie car, mr potato head, or mrs potato head.","Write DROP if this row is just a grouping label and not real characters. Otherwise list the correct full character names, separated by semicolons.",DROP  /  list the real character names,,
B140,One row names several characters,Disney,Toy Story 3,"Toy Story 3 - Barbie Car, Chatter Phone & Mr PH and/or Mrs PH",1,"Toy Story 3 - Barbie Car, Chatter Phone & Mr PH and/or Mrs PH",,"This is one row listing more than one character. These names appear nowhere else, so we cannot confirm they are real characters: barbie car, chatter phone, mr ph, or mrs ph.","Write DROP if this row is just a grouping label and not real characters. Otherwise list the correct full character names, separated by semicolons.",DROP  /  list the real character names,,
B141,One row names several characters,Disney,Toy Story 3,Toy Story 3 - Chatter Phone & Mr Potato Head and/or Mrs Potato Head,1,Toy Story 3 - Chatter Phone & Mr Potato Head and/or Mrs Potato Head,,"This is one row listing more than one character. These names appear nowhere else, so we cannot confirm they are real characters: chatter phone, mr potato head, or mrs potato head.","Write DROP if this row is just a grouping label and not real characters. Otherwise list the correct full character names, separated by semicolons.",DROP  /  list the real character names,,
B142,One row names several characters,Disney,Toy Story 3,Toy Story 3 - Ken and/or Barbie & Barbie Car,1,Toy Story 3 - Ken and/or Barbie & Barbie Car,,"This is one row listing more than one character. These names appear nowhere else, so we cannot confirm they are real characters: ken, or barbie, barbie car.","Write DROP if this row is just a grouping label and not real characters. Otherwise list the correct full character names, separated by semicolons.",DROP  /  list the real character names,,
B143,One row names several characters,Disney,Toy Story 3,Toy Story 3 - Ken and/or Barbie & Chatter Phone,1,Toy Story 3 - Ken and/or Barbie & Chatter Phone,,"This is one row listing more than one character. These names appear nowhere else, so we cannot confirm they are real characters: ken, or barbie, chatter phone.","Write DROP if this row is just a grouping label and not real characters. Otherwise list the correct full character names, separated by semicolons.",DROP  /  list the real character names,,
B144,One row names several characters,Disney,Toy Story 3,Toy Story 3 - Ken and/or Barbie & Mr Potato Head and/or Mrs Potato Head,1,Toy Story 3 - Ken and/or Barbie & Mr Potato Head and/or Mrs Potato Head,,"This is one row listing more than one character. These names appear nowhere else, so we cannot confirm they are real characters: ken, or barbie, mr potato head, or mrs potato head.","Write DROP if this row is just a grouping label and not real characters. Otherwise list the correct full character names, separated by semicolons.",DROP  /  list the real character names,,
B145,One row names several characters,Disney,Toy Story 3,"Toy Story 3 - Ken and/or Barbie, Barbie car & Chatter Phone",1,"Toy Story 3 - Ken and/or Barbie, Barbie car & Chatter Phone",,"This is one row listing more than one character. These names appear nowhere else, so we cannot confirm they are real characters: ken, or barbie, barbie car, chatter phone.","Write DROP if this row is just a grouping label and not real characters. Otherwise list the correct full character names, separated by semicolons.",DROP  /  list the real character names,,
B146,One row names several characters,Disney,Toy Story 3,"Toy Story 3 - Ken and/or Barbie, Barbie Car & MrPH and/or MrsPH",1,"Toy Story 3 - Ken and/or Barbie, Barbie Car & MrPH and/or MrsPH",,"This is one row listing more than one character. These names appear nowhere else, so we cannot confirm they are real characters: ken, or barbie, barbie car, mrph, or mrsph.","Write DROP if this row is just a grouping label and not real characters. Otherwise list the correct full character names, separated by semicolons.",DROP  /  list the real character names,,
B147,One row names several characters,Disney,Toy Story 3,"Toy Story 3 - Ken and/or Barbie, BarbieCar, ChatterPhon & MrPH and/or MrsPH",1,"Toy Story 3 - Ken and/or Barbie, BarbieCar, ChatterPhon & MrPH and/or MrsPH",,"This is one row listing more than one character. These names appear nowhere else, so we cannot confirm they are real characters: ken, or barbie, barbiecar, chatterphon, mrph, or mrsph.","Write DROP if this row is just a grouping label and not real characters. Otherwise list the correct full character names, separated by semicolons.",DROP  /  list the real character names,,
B148,One row names several characters,Disney,Toy Story 3,"Toy Story 3 - Ken and/or Barbie, Chatter Phone & MrPH and/or MrsPH",1,"Toy Story 3 - Ken and/or Barbie, Chatter Phone & MrPH and/or MrsPH",,"This is one row listing more than one character. These names appear nowhere else, so we cannot confirm they are real characters: ken, or barbie, chatter phone, mrph, or mrsph.","Write DROP if this row is just a grouping label and not real characters. Otherwise list the correct full character names, separated by semicolons.",DROP  /  list the real character names,,
B149,One row names several characters,Disney,Toy Story 4,Toy Story 4 - Mr. & Mrs. Potato Head Alone,1,Toy Story 4 - Mr. & Mrs. Potato Head Alone,,"This is one row listing more than one character. These names appear nowhere else, so we cannot confirm they are real characters: mr, mrs potato head alone.","Write DROP if this row is just a grouping label and not real characters. Otherwise list the correct full character names, separated by semicolons.",DROP  /  list the real character names,,
B150,One row names several characters,Disney,Toy Story 4,Toy Story 4 - Mr. & Mrs. Potato Head with Others,1,Toy Story 4 - Mr. & Mrs. Potato Head with Others,,"This is one row listing more than one character. These names appear nowhere else, so we cannot confirm they are real characters: mr, mrs potato head with others.","Write DROP if this row is just a grouping label and not real characters. Otherwise list the correct full character names, separated by semicolons.",DROP  /  list the real character names,,
B151,One row names several characters,Disney,Tsum Tsum,Tsum Tsum - Chip & Dale with Red Nose and Antlers,1,Tsum Tsum - Chip & Dale with Red Nose and Antlers,,"This is one row listing more than one character. These names appear nowhere else, so we cannot confirm they are real characters: chip, dale with red nose, antlers.","Write DROP if this row is just a grouping label and not real characters. Otherwise list the correct full character names, separated by semicolons.",DROP  /  list the real character names,,
B152,One row names several characters,Disney,Tsum Tsum,Tsum Tsum - Phineas & Ferb,1,Tsum Tsum - Phineas & Ferb,,"This is one row listing more than one character. These names appear nowhere else, so we cannot confirm they are real characters: phineas, ferb.","Write DROP if this row is just a grouping label and not real characters. Otherwise list the correct full character names, separated by semicolons.",DROP  /  list the real character names,,
B153,One row names several characters,Disney,Wizards of Waverly Place,"Wizards of Waverly Place - Alex, Justin & Max",1,"Wizards of Waverly Place - Alex, Justin & Max",,"This is one row listing more than one character. These names appear nowhere else, so we cannot confirm they are real characters: alex, justin, max.","Write DROP if this row is just a grouping label and not real characters. Otherwise list the correct full character names, separated by semicolons.",DROP  /  list the real character names,,
B154,One row names several characters,WWE,"WWE Superstars, Divas, Legends & Logos","TLC: Tables, Ladders & Chairs",1,"TLC: Tables, Ladders & Chairs",,"This is one row listing more than one character. These names appear nowhere else, so we cannot confirm they are real characters: tlc tables, ladders, chairs.","Write DROP if this row is just a grouping label and not real characters. Otherwise list the correct full character names, separated by semicolons.",DROP  /  list the real character names,,
C001,Character sits under two or more MG06 codes,Warner Bros,"Annabelle Comes Home (2019) | Conjuring 2, The (2016)",Judy,2,A9(ANNABELLE COMES HOME 2019)x1  |  C3(THE CONJURING 2013)x1,,"A character can only have one MG06 property. This one is used under more than one, with no clear winner.",Pick the one MG06 code this character belongs to.,A9 / C3,,
C002,Character sits under two or more MG06 codes,Warner Bros,Annabelle: Creation (2017) | IT (2017),Linda,2,A7(ANNABELLE: CREATION 2017)x1  |  T7(IT 2017)x1,,"A character can only have one MG06 property. This one is used under more than one, with no clear winner.",Pick the one MG06 code this character belongs to.,A7 / T7,,
C003,Character sits under two or more MG06 codes,Warner Bros,Aquaman (2018) | Batman Core,Aquaman,2,AQ(AQUAMAN)x1  |  BM(BATMAN)x1,,"A character can only have one MG06 property. This one is used under more than one, with no clear winner.",Pick the one MG06 code this character belongs to.,AQ / BM,,
C004,Character sits under two or more MG06 codes,Marvel,Avengers | Marvel Cross-Franchise Art Packs | Marvel Games | Marvel Universe,Blade,4,MV(MARVEL ASSORTED STYLES)x2  |  AV(AVENGERS GROUP)x1  |  GM(GAMERVERSE)x1,,"A character can only have one MG06 property. This one is used under more than one, with no clear winner.",Pick the one MG06 code this character belongs to.,MV / AV / GM,,
C005,Character sits under two or more MG06 codes,Warner Bros,Batman Core | Batwheels: Animated Series,Batcomputer,2,BA(BATWHEELS)x1  |  BM(BATMAN)x1,,"A character can only have one MG06 property. This one is used under more than one, with no clear winner.",Pick the one MG06 code this character belongs to.,BA / BM,,
C006,Character sits under two or more MG06 codes,Warner Bros,Batman Core | Superman Core | Wonder Woman Core,Other Related Characters,3,BM(BATMAN)x1  |  SM(SUPERMAN)x1  |  WW(WONDER WOMAN)x1,,"A character can only have one MG06 property. This one is used under more than one, with no clear winner.",Pick the one MG06 code this character belongs to.,BM / SM / WW,,
C007,Character sits under two or more MG06 codes,Warner Bros,"Batman Forever (1995)  | Goonies, The (1985) | Looney Tunes Core",OTHER,3,BM(BATMAN)x1  |  LT(LOONEY TUNES)x1,,"A character can only have one MG06 property. This one is used under more than one, with no clear winner.",Pick the one MG06 code this character belongs to.,BM / LT,,
C008,Character sits under two or more MG06 codes,Warner Bros,Batman v Superman: Dawn of Justice (2016) | DC Super Hero Girls: Animated Series | Superman Core,Martha Kent,3,BM(BATMAN)x1  |  SM(SUPERMAN)x1,,"A character can only have one MG06 property. This one is used under more than one, with no clear winner.",Pick the one MG06 code this character belongs to.,BM / SM,,
C009,Character sits under two or more MG06 codes,Warner Bros,Batman v Superman: Dawn of Justice (2016) | Justice League Core | Superman Core,Perry White,3,BM(BATMAN)x1  |  JG(JUSTICE LEAGUE)x1  |  SM(SUPERMAN)x1,,"A character can only have one MG06 property. This one is used under more than one, with no clear winner.",Pick the one MG06 code this character belongs to.,BM / JG / SM,,
C010,Character sits under two or more MG06 codes,Warner Bros,Batman: Television Series (1966)  | Looney Tunes Core,Egghead,2,BM(BATMAN)x1  |  LT(LOONEY TUNES)x1,,"A character can only have one MG06 property. This one is used under more than one, with no clear winner.",Pick the one MG06 code this character belongs to.,BM / LT,,
C011,Character sits under two or more MG06 codes,Warner Bros,Batman: Television Series (1966)  | Looney Tunes Core,The Bookworm,2,BM(BATMAN)x1  |  LT(LOONEY TUNES)x1,,"A character can only have one MG06 property. This one is used under more than one, with no clear winner.",Pick the one MG06 code this character belongs to.,BM / LT,,
C012,Character sits under two or more MG06 codes,Warner Bros,Batwheels: Animated Series | Justice League Core | Superman Core,Toyman,3,BA(BATWHEELS)x1  |  JG(JUSTICE LEAGUE)x1  |  SM(SUPERMAN)x1,,"A character can only have one MG06 property. This one is used under more than one, with no clear winner.",Pick the one MG06 code this character belongs to.,BA / JG / SM,,
C013,Character sits under two or more MG06 codes,Warner Bros,"Conjuring 3: The Devil Made Me Do It, The (2021) | Conjuring, The (2013)",Drew,2,C1(THE CONJURING 3: THE DEVIL MADE ME DO IT)x1  |  C3(THE CONJURING 2013)x1,,"A character can only have one MG06 property. This one is used under more than one, with no clear winner.",Pick the one MG06 code this character belongs to.,C1 / C3,,
C014,Character sits under two or more MG06 codes,Warner Bros,"Conjuring, The (2013) | Nightmare on Elm Street, A (2010)",Nancy,2,C3(THE CONJURING 2013)x1  |  NE(NIGHTMARE ON ELM STREET)x1,,"A character can only have one MG06 property. This one is used under more than one, with no clear winner.",Pick the one MG06 code this character belongs to.,C3 / NE,,
C015,Character sits under two or more MG06 codes,Warner Bros,DC Super Hero Girls: Animated Series | Supergirl: Television Series (2015) | Superman Core,Lena Luthor,3,SG(SUPERGIRL)x1  |  SM(SUPERMAN)x1,,"A character can only have one MG06 property. This one is used under more than one, with no clear winner.",Pick the one MG06 code this character belongs to.,SG / SM,,
C016,Character sits under two or more MG06 codes,Marvel,Deadpool Classic | X-Men Classic,Boom Boom,2,DP(DEADPOOL)x1  |  XM(X-MEN)x1,,"A character can only have one MG06 property. This one is used under more than one, with no clear winner.",Pick the one MG06 code this character belongs to.,DP / XM,,
C017,Character sits under two or more MG06 codes,Marvel,Deadpool Classic | X-Men Classic,Cannonball,2,DP(DEADPOOL)x1  |  XM(X-MEN)x1,,"A character can only have one MG06 property. This one is used under more than one, with no clear winner.",Pick the one MG06 code this character belongs to.,DP / XM,,
C018,Character sits under two or more MG06 codes,Marvel,Deadpool Classic | Marvel Universe | X-Men Classic,Domino,3,DP(DEADPOOL)x1  |  MV(MARVEL ASSORTED STYLES)x1  |  XM(X-MEN)x1,,"A character can only have one MG06 property. This one is used under more than one, with no clear winner.",Pick the one MG06 code this character belongs to.,DP / MV / XM,,
C019,Character sits under two or more MG06 codes,Marvel,Deadpool Classic | X-Men Classic,Headpool,2,DP(DEADPOOL)x1  |  XM(X-MEN)x1,,"A character can only have one MG06 property. This one is used under more than one, with no clear winner.",Pick the one MG06 code this character belongs to.,DP / XM,,
C020,Character sits under two or more MG06 codes,Marvel,Deadpool Classic | X-Men Classic,Lady Deadpool,2,DP(DEADPOOL)x1  |  XM(X-MEN)x1,,"A character can only have one MG06 property. This one is used under more than one, with no clear winner.",Pick the one MG06 code this character belongs to.,DP / XM,,
C021,Character sits under two or more MG06 codes,Marvel,Deadpool Classic | X-Men Classic,Negasonic Teenage Warhead,2,DP(DEADPOOL)x1  |  XM(X-MEN)x1,,"A character can only have one MG06 property. This one is used under more than one, with no clear winner.",Pick the one MG06 code this character belongs to.,DP / XM,,
C022,Character sits under two or more MG06 codes,Marvel,Deadpool Classic | X-Men Classic,Shatterstar,2,DP(DEADPOOL)x1  |  XM(X-MEN)x1,,"A character can only have one MG06 property. This one is used under more than one, with no clear winner.",Pick the one MG06 code this character belongs to.,DP / XM,,
C023,Character sits under two or more MG06 codes,Marvel,Deadpool Classic | X-Men Classic,Warpath,2,DP(DEADPOOL)x1  |  XM(X-MEN)x1,,"A character can only have one MG06 property. This one is used under more than one, with no clear winner.",Pick the one MG06 code this character belongs to.,DP / XM,,
C024,Character sits under two or more MG06 codes,Marvel,Fantastic Four | Marvel Cross-Franchise Art Packs | Marvel Universe | Spider-Man,Mole Man,4,MV(MARVEL ASSORTED STYLES)x2  |  FFF(FANTASTIC FOUR: THE FIRST STEPS MOVIE 25)x1  |  SP(SPIDER MAN)x1,,"A character can only have one MG06 property. This one is used under more than one, with no clear winner.",Pick the one MG06 code this character belongs to.,MV / FFF / SP,,
C025,Character sits under two or more MG06 codes,Marvel,Fantastic Four | Marvel Cross-Franchise Art Packs | Marvel Universe | Spider-Man,Moloid,4,MV(MARVEL ASSORTED STYLES)x2  |  FFF(FANTASTIC FOUR: THE FIRST STEPS MOVIE 25)x1  |  SP(SPIDER MAN)x1,,"A character can only have one MG06 property. This one is used under more than one, with no clear winner.",Pick the one MG06 code this character belongs to.,MV / FFF / SP,,
C026,Character sits under two or more MG06 codes,Marvel,Fantastic Four | Marvel Universe | Marvel's Spidey and His Amazing Friends | Spider-Man,Trapster,4,FFF(FANTASTIC FOUR: THE FIRST STEPS MOVIE 25)x1  |  MV(MARVEL ASSORTED STYLES)x1  |  SP(SPIDER MAN)x1  |  SX(SPIDEY & FRIENDS)x1,,"A character can only have one MG06 property. This one is used under more than one, with no clear winner.",Pick the one MG06 code this character belongs to.,FFF / MV / SP / SX,,
C027,Character sits under two or more MG06 codes,Warner Bros,"Flash, The (2023) | Injustice: Gods Among Us: Video Game | Justice League Core | Scooby-Doo Core | Superman Core",General Zod,5,FS(THE FLASH)x1  |  JG(JUSTICE LEAGUE)x1  |  SM(SUPERMAN)x1,,"A character can only have one MG06 property. This one is used under more than one, with no clear winner.",Pick the one MG06 code this character belongs to.,FS / JG / SM,,
C028,Character sits under two or more MG06 codes,Warner Bros,"Gilmore Girls: Television Series | Nightmare on Elm Street, A (2010)",Dean,2,GGS(GILMORE GIRLS)x1  |  NE(NIGHTMARE ON ELM STREET)x1,,"A character can only have one MG06 property. This one is used under more than one, with no clear winner.",Pick the one MG06 code this character belongs to.,GGS / NE,,
C029,Character sits under two or more MG06 codes,Warner Bros,Green Lantern Core | Supergirl: Television Series (2015),Indigo,2,GN(GREEN LANTERN)x1  |  SG(SUPERGIRL)x1,,"A character can only have one MG06 property. This one is used under more than one, with no clear winner.",Pick the one MG06 code this character belongs to.,GN / SG,,
C030,Character sits under two or more MG06 codes,Warner Bros,Green Lantern Core | Justice League Core | Superman Core,Mongul,3,GN(GREEN LANTERN)x1  |  JG(JUSTICE LEAGUE)x1  |  SM(SUPERMAN)x1,,"A character can only have one MG06 property. This one is used under more than one, with no clear winner.",Pick the one MG06 code this character belongs to.,GN / JG / SM,,
C031,Character sits under two or more MG06 codes,Warner Bros,Harry Potter and the Goblet of Fire (2005) | Supergirl (2026),Cedric,2,HP(HARRY POTTER)x1  |  SG(SUPERGIRL)x1,,"A character can only have one MG06 property. This one is used under more than one, with no clear winner.",Pick the one MG06 code this character belongs to.,HP / SG,,
C032,Character sits under two or more MG06 codes,Warner Bros,IT Chapter Two (2019) | IT: Welcome to Derry: Television Series,Pennywise,2,T9(IT CHAPTER TWO 2019)x1  |  WD(WELCOME TO DERRY: TELEVISION SERIES)x1,,"A character can only have one MG06 property. This one is used under more than one, with no clear winner.",Pick the one MG06 code this character belongs to.,T9 / WD,,
C033,Character sits under two or more MG06 codes,Warner Bros,Justice League Core | Supergirl: Television Series (2015) | Superman (2025) | Wonder Woman 1984 (2020),Maxwell Lord,4,JG(JUSTICE LEAGUE)x1  |  SG(SUPERGIRL)x1  |  SM(SUPERMAN)x1  |  WW(WONDER WOMAN)x1,,"A character can only have one MG06 property. This one is used under more than one, with no clear winner.",Pick the one MG06 code this character belongs to.,JG / SG / SM / WW,,
C034,Character sits under two or more MG06 codes,Marvel,Marvel Comics (Retro) | Marvel Universe | Spider-Man Animated Movie 2022,SP,3,MG(MARVEL RETRO GROUP)x1  |  MV(MARVEL ASSORTED STYLES)x1  |  SP(SPIDER MAN)x1,,"A character can only have one MG06 property. This one is used under more than one, with no clear winner.",Pick the one MG06 code this character belongs to.,MG / MV / SP,,
C035,Character sits under two or more MG06 codes,Marvel,Marvel Cross-Franchise Art Packs | Marvel Games | Marvel Universe | Marvel's Spidey and His Amazing Friends,Ms. Marvel (Kamala Khan),4,MV(MARVEL ASSORTED STYLES)x2  |  GM(GAMERVERSE)x1  |  SX(SPIDEY & FRIENDS)x1,,"A character can only have one MG06 property. This one is used under more than one, with no clear winner.",Pick the one MG06 code this character belongs to.,MV / GM / SX,,
C036,Character sits under two or more MG06 codes,Marvel,Marvel Cross-Franchise Art Packs | Marvel Universe | Marvel's Spidey and His Amazing Friends | Spider-Man,Arnim Zola,4,CA(CAPTAIN AMERICA)x1  |  MV(MARVEL ASSORTED STYLES)x1  |  SP(SPIDER MAN)x1  |  SX(SPIDEY & FRIENDS)x1,,"A character can only have one MG06 property. This one is used under more than one, with no clear winner.",Pick the one MG06 code this character belongs to.,CA / MV / SP / SX,,
