observation_key,licensor_resolution,resolved_licensor_id,resolved_licensor_name,normalized_observed_value,active_file_count,proposal_order,proposed_disposition,target_property_id,target_property_code,target_property_name,target_property_parent_licensor_id,rationale_code,create_candidate_code,create_candidate_name,classification_automatic,owner_activation_required,coldlion_phase5_overlap,coldlion_phase5_divisions,proposed_parent_evidence,current_accepted_relationship_count,currently_tagged_at_risk,cross_parent_proposal,fuzzy_similarity_used_for_selection,proposal_effective
14f2902d-42de-4820-83c5-e4f359a6e0d6|[blank],resolved,14f2902d-42de-4820-83c5-e4f359a6e0d6,STAR WARS,,1,5,non_property,,,,,blank_property_observation,,,false,true,false,,,0,false,false,false,false
14f2902d-42de-4820-83c5-e4f359a6e0d6|2016,resolved,14f2902d-42de-4820-83c5-e4f359a6e0d6,STAR WARS,2016,567,8,deferred,,,,,insufficient_deterministic_evidence,,,false,true,false,,,39,false,false,false,false
14f2902d-42de-4820-83c5-e4f359a6e0d6|2017,resolved,14f2902d-42de-4820-83c5-e4f359a6e0d6,STAR WARS,2017,571,8,deferred,,,,,insufficient_deterministic_evidence,,,false,true,false,,,112,false,false,false,false
14f2902d-42de-4820-83c5-e4f359a6e0d6|2018,resolved,14f2902d-42de-4820-83c5-e4f359a6e0d6,STAR WARS,2018,1326,8,deferred,,,,,insufficient_deterministic_evidence,,,false,true,false,,,332,false,false,false,false
14f2902d-42de-4820-83c5-e4f359a6e0d6|2019,resolved,14f2902d-42de-4820-83c5-e4f359a6e0d6,STAR WARS,2019,896,8,deferred,,,,,insufficient_deterministic_evidence,,,false,true,false,,,74,false,false,false,false
14f2902d-42de-4820-83c5-e4f359a6e0d6|2020,resolved,14f2902d-42de-4820-83c5-e4f359a6e0d6,STAR WARS,2020,831,8,deferred,,,,,insufficient_deterministic_evidence,,,false,true,false,,,49,false,false,false,false
14f2902d-42de-4820-83c5-e4f359a6e0d6|2021,resolved,14f2902d-42de-4820-83c5-e4f359a6e0d6,STAR WARS,2021,342,8,deferred,,,,,insufficient_deterministic_evidence,,,false,true,false,,,2,false,false,false,false
14f2902d-42de-4820-83c5-e4f359a6e0d6|2022,resolved,14f2902d-42de-4820-83c5-e4f359a6e0d6,STAR WARS,2022,113,8,deferred,,,,,insufficient_deterministic_evidence,,,false,true,false,,,0,false,false,false,false
14f2902d-42de-4820-83c5-e4f359a6e0d6|2023,resolved,14f2902d-42de-4820-83c5-e4f359a6e0d6,STAR WARS,2023,373,8,deferred,,,,,insufficient_deterministic_evidence,,,false,true,false,,,0,false,false,false,false
14f2902d-42de-4820-83c5-e4f359a6e0d6|2024,resolved,14f2902d-42de-4820-83c5-e4f359a6e0d6,STAR WARS,2024,114,8,deferred,,,,,insufficient_deterministic_evidence,,,false,true,false,,,0,false,false,false,false
14f2902d-42de-4820-83c5-e4f359a6e0d6|2025,resolved,14f2902d-42de-4820-83c5-e4f359a6e0d6,STAR WARS,2025,210,8,deferred,,,,,insufficient_deterministic_evidence,,,false,true,false,,,0,false,false,false,false
14f2902d-42de-4820-83c5-e4f359a6e0d6|2026,resolved,14f2902d-42de-4820-83c5-e4f359a6e0d6,STAR WARS,2026,208,8,deferred,,,,,insufficient_deterministic_evidence,,,false,true,false,,,0,false,false,false,false
14f2902d-42de-4820-83c5-e4f359a6e0d6|creative rollouts,resolved,14f2902d-42de-4820-83c5-e4f359a6e0d6,STAR WARS,creative rollouts,9,8,deferred,,,,,insufficient_deterministic_evidence,,,false,true,false,,,0,false,false,false,false
14f2902d-42de-4820-83c5-e4f359a6e0d6|disney shows,resolved,14f2902d-42de-4820-83c5-e4f359a6e0d6,STAR WARS,disney shows,2049,8,deferred,,,,,insufficient_deterministic_evidence,,,false,true,false,,,1002,false,false,false,false
14f2902d-42de-4820-83c5-e4f359a6e0d6|ev 3 d toolkit evergreen guide,resolved,14f2902d-42de-4820-83c5-e4f359a6e0d6,STAR WARS,ev 3 d toolkit evergreen guide,289,8,deferred,,,,,insufficient_deterministic_evidence,,,false,true,false,,,168,false,false,false,false
14f2902d-42de-4820-83c5-e4f359a6e0d6|ev line art style guide,resolved,14f2902d-42de-4820-83c5-e4f359a6e0d6,STAR WARS,ev line art style guide,414,5,non_property,,,,,psg1_structural_folder_pattern_candidate,,,false,true,false,,,91,false,false,false,false
14f2902d-42de-4820-83c5-e4f359a6e0d6|ev saga poster style guide,resolved,14f2902d-42de-4820-83c5-e4f359a6e0d6,STAR WARS,ev saga poster style guide,137,5,non_property,,,,,psg1_structural_folder_pattern_candidate,,,false,true,false,,,0,false,false,false,false
14f2902d-42de-4820-83c5-e4f359a6e0d6|ev star wars classics guide product development portfolio,resolved,14f2902d-42de-4820-83c5-e4f359a6e0d6,STAR WARS,ev star wars classics guide product development portfolio,33,8,ambiguous,,,,,multiple_same_parent_or_phase5_review_candidates,,,false,true,false,,,0,false,false,false,false
14f2902d-42de-4820-83c5-e4f359a6e0d6|ev star wars comic book cover style guide,resolved,14f2902d-42de-4820-83c5-e4f359a6e0d6,STAR WARS,ev star wars comic book cover style guide,53,5,non_property,,,,,psg1_structural_folder_pattern_candidate,,,false,true,false,,,0,false,false,false,false
14f2902d-42de-4820-83c5-e4f359a6e0d6|ev star wars comic crush,resolved,14f2902d-42de-4820-83c5-e4f359a6e0d6,STAR WARS,ev star wars comic crush,67,8,ambiguous,,,,,multiple_same_parent_or_phase5_review_candidates,,,false,true,false,,,0,false,false,false,false
14f2902d-42de-4820-83c5-e4f359a6e0d6|ev star wars custom command,resolved,14f2902d-42de-4820-83c5-e4f359a6e0d6,STAR WARS,ev star wars custom command,63,8,ambiguous,,,,,multiple_same_parent_or_phase5_review_candidates,,,false,true,false,,,0,false,false,false,false
14f2902d-42de-4820-83c5-e4f359a6e0d6|ev star wars episode ii attack of the clones,resolved,14f2902d-42de-4820-83c5-e4f359a6e0d6,STAR WARS,ev star wars episode ii attack of the clones,1,8,ambiguous,,,,,multiple_same_parent_or_phase5_review_candidates,,,false,true,false,,,0,false,false,false,false
14f2902d-42de-4820-83c5-e4f359a6e0d6|ev star wars episode iii revenge of the sith,resolved,14f2902d-42de-4820-83c5-e4f359a6e0d6,STAR WARS,ev star wars episode iii revenge of the sith,8,8,ambiguous,,,,,multiple_same_parent_or_phase5_review_candidates,,,false,true,false,,,0,false,false,false,false
14f2902d-42de-4820-83c5-e4f359a6e0d6|ev star wars episode iv a new hope portfolio,resolved,14f2902d-42de-4820-83c5-e4f359a6e0d6,STAR WARS,ev star wars episode iv a new hope portfolio,12,8,ambiguous,,,,,multiple_same_parent_or_phase5_review_candidates,,,false,true,false,,,0,false,false,false,false
14f2902d-42de-4820-83c5-e4f359a6e0d6|ev star wars episode ix rise of skywalker,resolved,14f2902d-42de-4820-83c5-e4f359a6e0d6,STAR WARS,ev star wars episode ix rise of skywalker,5,8,ambiguous,,,,,multiple_same_parent_or_phase5_review_candidates,,,false,true,false,,,0,false,false,false,false
14f2902d-42de-4820-83c5-e4f359a6e0d6|ev star wars episode v the empire strikes back portfolio,resolved,14f2902d-42de-4820-83c5-e4f359a6e0d6,STAR WARS,ev star wars episode v the empire strikes back portfolio,222,8,ambiguous,,,,,multiple_same_parent_or_phase5_review_candidates,,,false,true,false,,,18,false,false,false,false
14f2902d-42de-4820-83c5-e4f359a6e0d6|ev star wars episode vi return of the jedi,resolved,14f2902d-42de-4820-83c5-e4f359a6e0d6,STAR WARS,ev star wars episode vi return of the jedi,5,8,ambiguous,,,,,multiple_same_parent_or_phase5_review_candidates,,,false,true,false,,,0,false,false,false,false
14f2902d-42de-4820-83c5-e4f359a6e0d6|ev star wars episode vii the force awakens,resolved,14f2902d-42de-4820-83c5-e4f359a6e0d6,STAR WARS,ev star wars episode vii the force awakens,6,8,ambiguous,,,,,multiple_same_parent_or_phase5_review_candidates,,,false,true,false,,,0,false,false,false,false
14f2902d-42de-4820-83c5-e4f359a6e0d6|ev terrain,resolved,14f2902d-42de-4820-83c5-e4f359a6e0d6,STAR WARS,ev terrain,60,8,deferred,,,,,insufficient_deterministic_evidence,,,false,true,false,,,0,false,false,false,false
14f2902d-42de-4820-83c5-e4f359a6e0d6|holiday,resolved,14f2902d-42de-4820-83c5-e4f359a6e0d6,STAR WARS,holiday,791,8,deferred,,,,,insufficient_deterministic_evidence,,,false,true,false,,,22,false,false,false,false
14f2902d-42de-4820-83c5-e4f359a6e0d6|mandalorian and grogu movie,resolved,14f2902d-42de-4820-83c5-e4f359a6e0d6,STAR WARS,mandalorian and grogu movie,106,8,deferred,,,,,single_similarity_hint_is_not_deterministic_evidence,,,false,true,false,,,0,false,false,false,false
14f2902d-42de-4820-83c5-e4f359a6e0d6|old,resolved,14f2902d-42de-4820-83c5-e4f359a6e0d6,STAR WARS,old,156,8,deferred,,,,,insufficient_deterministic_evidence,,,false,true,false,,,4,false,false,false,false
14f2902d-42de-4820-83c5-e4f359a6e0d6|packaging,resolved,14f2902d-42de-4820-83c5-e4f359a6e0d6,STAR WARS,packaging,564,8,deferred,,,,,insufficient_deterministic_evidence,,,false,true,false,,,23,false,false,false,false
14f2902d-42de-4820-83c5-e4f359a6e0d6|posters,resolved,14f2902d-42de-4820-83c5-e4f359a6e0d6,STAR WARS,posters,86,8,deferred,,,,,insufficient_deterministic_evidence,,,false,true,false,,,0,false,false,false,false
14f2902d-42de-4820-83c5-e4f359a6e0d6|references,resolved,14f2902d-42de-4820-83c5-e4f359a6e0d6,STAR WARS,references,11,8,deferred,,,,,insufficient_deterministic_evidence,,,false,true,false,,,0,false,false,false,false
14f2902d-42de-4820-83c5-e4f359a6e0d6|unsorted,resolved,14f2902d-42de-4820-83c5-e4f359a6e0d6,STAR WARS,unsorted,307,8,deferred,,,,,insufficient_deterministic_evidence,,,false,true,false,,,0,false,false,false,false
154bf54b-6f7d-4999-b0fb-c2828b12b56a|[blank],resolved,154bf54b-6f7d-4999-b0fb-c2828b12b56a,NBC,,15,5,non_property,,,,,blank_property_observation,,,false,true,false,,,2,false,false,false,false
154bf54b-6f7d-4999-b0fb-c2828b12b56a|8 mile,resolved,154bf54b-6f7d-4999-b0fb-c2828b12b56a,NBC,8 mile,2,8,deferred,,,,,insufficient_deterministic_evidence,,,false,true,false,,,0,false,false,false,false
154bf54b-6f7d-4999-b0fb-c2828b12b56a|an american werewolf in london,resolved,154bf54b-6f7d-4999-b0fb-c2828b12b56a,NBC,an american werewolf in london,18,8,deferred,,,,,insufficient_deterministic_evidence,,,false,true,false,,,0,false,false,false,false
154bf54b-6f7d-4999-b0fb-c2828b12b56a|apollo 13,resolved,154bf54b-6f7d-4999-b0fb-c2828b12b56a,NBC,apollo 13,9,8,deferred,,,,,insufficient_deterministic_evidence,,,false,true,false,,,0,false,false,false,false
154bf54b-6f7d-4999-b0fb-c2828b12b56a|big lebowski,resolved,154bf54b-6f7d-4999-b0fb-c2828b12b56a,NBC,big lebowski,155,1,exact_existing,8140b36b-82d2-4289-b56f-d2cdfbcd1905,BK,BIG LEBOWSKI,154bf54b-6f7d-4999-b0fb-c2828b12b56a,exact_normalized_canonical_name_under_resolved_licensor,,,true,true,false,,,155,false,false,false,false
154bf54b-6f7d-4999-b0fb-c2828b12b56a|bttf,resolved,154bf54b-6f7d-4999-b0fb-c2828b12b56a,NBC,bttf,365,8,deferred,,,,,insufficient_deterministic_evidence,,,false,true,false,,,192,false,false,false,false
154bf54b-6f7d-4999-b0fb-c2828b12b56a|casper,resolved,154bf54b-6f7d-4999-b0fb-c2828b12b56a,NBC,casper,219,8,deferred,,,,,insufficient_deterministic_evidence,,,false,true,false,,,0,false,false,false,false
154bf54b-6f7d-4999-b0fb-c2828b12b56a|cheech chongs next movie,resolved,154bf54b-6f7d-4999-b0fb-c2828b12b56a,NBC,cheech chongs next movie,14,8,deferred,,,,,single_similarity_hint_is_not_deterministic_evidence,,,false,true,false,,,0,false,false,false,false
154bf54b-6f7d-4999-b0fb-c2828b12b56a|chucky,resolved,154bf54b-6f7d-4999-b0fb-c2828b12b56a,NBC,chucky,281,1,exact_existing,41fef4a7-4cd8-43ab-949f-fb19747fd328,CK,CHUCKY,154bf54b-6f7d-4999-b0fb-c2828b12b56a,exact_normalized_canonical_name_under_resolved_licensor,,,true,true,false,,,595,false,false,false,false
154bf54b-6f7d-4999-b0fb-c2828b12b56a|curious george,resolved,154bf54b-6f7d-4999-b0fb-c2828b12b56a,NBC,curious george,831,1,exact_existing,6bb79348-9704-4fba-94e5-48bdef01c3ad,CG,CURIOUS GEORGE,154bf54b-6f7d-4999-b0fb-c2828b12b56a,exact_normalized_canonical_name_under_resolved_licensor,,,true,true,false,,,888,false,false,false,false
154bf54b-6f7d-4999-b0fb-c2828b12b56a|dazed and confused,resolved,154bf54b-6f7d-4999-b0fb-c2828b12b56a,NBC,dazed and confused,53,1,exact_existing,3cd6ee16-8828-49aa-ab13-ca926d156d5c,DZ,DAZED AND CONFUSED,154bf54b-6f7d-4999-b0fb-c2828b12b56a,exact_normalized_canonical_name_under_resolved_licensor,,,true,true,false,,,53,false,false,false,false
154bf54b-6f7d-4999-b0fb-c2828b12b56a|et,resolved,154bf54b-6f7d-4999-b0fb-c2828b12b56a,NBC,et,365,2,exact_existing,bb6b117f-dbf7-4261-9680-84bff7e214bc,ET,E.T. THE EXTRATERRESTRIAL,154bf54b-6f7d-4999-b0fb-c2828b12b56a,exact_canonical_code_under_resolved_licensor,,,true,true,false,,,0,false,false,false,false
154bf54b-6f7d-4999-b0fb-c2828b12b56a|fast and the furious franchise,resolved,154bf54b-6f7d-4999-b0fb-c2828b12b56a,NBC,fast and the furious franchise,619,8,ambiguous,,,,,multiple_same_parent_or_phase5_review_candidates,,,false,true,false,,,0,false,false,false,false
154bf54b-6f7d-4999-b0fb-c2828b12b56a|fast times at ridgemont high,resolved,154bf54b-6f7d-4999-b0fb-c2828b12b56a,NBC,fast times at ridgemont high,40,8,ambiguous,,,,,multiple_same_parent_or_phase5_review_candidates,,,false,true,false,,,0,false,false,false,false
154bf54b-6f7d-4999-b0fb-c2828b12b56a|felix the cat,resolved,154bf54b-6f7d-4999-b0fb-c2828b12b56a,NBC,felix the cat,1998,8,ambiguous,,,,,multiple_same_parent_or_phase5_review_candidates,,,false,true,false,,,125,false,false,false,false
154bf54b-6f7d-4999-b0fb-c2828b12b56a|field of dreams,resolved,154bf54b-6f7d-4999-b0fb-c2828b12b56a,NBC,field of dreams,19,1,exact_existing,f98b536b-8227-4c40-96eb-20be20019221,FD,FIELD OF DREAMS,154bf54b-6f7d-4999-b0fb-c2828b12b56a,exact_normalized_canonical_name_under_resolved_licensor,,,true,true,false,,,23,false,false,false,false
154bf54b-6f7d-4999-b0fb-c2828b12b56a|gabbys dollhouse,resolved,154bf54b-6f7d-4999-b0fb-c2828b12b56a,NBC,gabbys dollhouse,1902,1,exact_existing,dabdc9d7-1556-4d96-abbd-7c6036bc8f2a,GD,GABBY'S DOLLHOUSE,154bf54b-6f7d-4999-b0fb-c2828b12b56a,exact_normalized_canonical_name_under_resolved_licensor,,,true,true,false,,,1902,false,false,false,false
154bf54b-6f7d-4999-b0fb-c2828b12b56a|gam cleared editorial,resolved,154bf54b-6f7d-4999-b0fb-c2828b12b56a,NBC,gam cleared editorial,1,8,deferred,,,,,insufficient_deterministic_evidence,,,false,true,false,,,0,false,false,false,false
154bf54b-6f7d-4999-b0fb-c2828b12b56a|half baked,resolved,154bf54b-6f7d-4999-b0fb-c2828b12b56a,NBC,half baked,67,1,exact_existing,7164dc50-4c3a-42a1-90a1-9f9af1e8c0de,HB,HALF BAKED,154bf54b-6f7d-4999-b0fb-c2828b12b56a,exact_normalized_canonical_name_under_resolved_licensor,,,true,true,false,,,67,false,false,false,false
154bf54b-6f7d-4999-b0fb-c2828b12b56a|halloween ii,resolved,154bf54b-6f7d-4999-b0fb-c2828b12b56a,NBC,halloween ii,176,1,exact_existing,132676c7-6d22-4f76-a8cb-be1928e43979,HN,HALLOWEEN II,154bf54b-6f7d-4999-b0fb-c2828b12b56a,exact_normalized_canonical_name_under_resolved_licensor,,,true,true,false,,,246,false,false,false,false
154bf54b-6f7d-4999-b0fb-c2828b12b56a|happy gilmore,resolved,154bf54b-6f7d-4999-b0fb-c2828b12b56a,NBC,happy gilmore,99,1,exact_existing,9359cb30-a6b7-47ce-8915-7ada4cc8ad21,HG,HAPPY GILMORE,154bf54b-6f7d-4999-b0fb-c2828b12b56a,exact_normalized_canonical_name_under_resolved_licensor,,,true,true,false,,,118,false,false,false,false
154bf54b-6f7d-4999-b0fb-c2828b12b56a|hot stuff,resolved,154bf54b-6f7d-4999-b0fb-c2828b12b56a,NBC,hot stuff,198,8,deferred,,,,,insufficient_deterministic_evidence,,,false,true,false,,,0,false,false,false,false
154bf54b-6f7d-4999-b0fb-c2828b12b56a|how high,resolved,154bf54b-6f7d-4999-b0fb-c2828b12b56a,NBC,how high,9,1,exact_existing,3d6fe703-af55-4ef8-8739-1bb940850853,HH,HOW HIGH,154bf54b-6f7d-4999-b0fb-c2828b12b56a,exact_normalized_canonical_name_under_resolved_licensor,,,true,true,false,,,9,false,false,false,false
154bf54b-6f7d-4999-b0fb-c2828b12b56a|how to train your dragon,resolved,154bf54b-6f7d-4999-b0fb-c2828b12b56a,NBC,how to train your dragon,1535,8,ambiguous,,,,,multiple_same_parent_or_phase5_review_candidates,,,false,true,false,,,0,false,false,false,false
154bf54b-6f7d-4999-b0fb-c2828b12b56a|jaws,resolved,154bf54b-6f7d-4999-b0fb-c2828b12b56a,NBC,jaws,500,1,exact_existing,8f723630-2d55-4a46-a9bd-abaa91d70d40,JW,JAWS,154bf54b-6f7d-4999-b0fb-c2828b12b56a,exact_normalized_canonical_name_under_resolved_licensor,,,true,true,false,,,919,false,false,false,false
154bf54b-6f7d-4999-b0fb-c2828b12b56a|jurassic park,resolved,154bf54b-6f7d-4999-b0fb-c2828b12b56a,NBC,jurassic park,345,8,deferred,,,,,single_similarity_hint_is_not_deterministic_evidence,,,false,true,false,,,0,false,false,false,false
154bf54b-6f7d-4999-b0fb-c2828b12b56a|jurassic world franchise,resolved,154bf54b-6f7d-4999-b0fb-c2828b12b56a,NBC,jurassic world franchise,2091,8,ambiguous,,,,,multiple_same_parent_or_phase5_review_candidates,,,false,true,false,,,0,false,false,false,false
154bf54b-6f7d-4999-b0fb-c2828b12b56a|kung fu panda,resolved,154bf54b-6f7d-4999-b0fb-c2828b12b56a,NBC,kung fu panda,1325,1,exact_existing,5419699d-6dcf-4ed2-b1df-cf2f68591836,KP,KUNG-FU PANDA,154bf54b-6f7d-4999-b0fb-c2828b12b56a,exact_normalized_canonical_name_under_resolved_licensor,,,true,true,false,,,1325,false,false,false,false
154bf54b-6f7d-4999-b0fb-c2828b12b56a|lamb chop,resolved,154bf54b-6f7d-4999-b0fb-c2828b12b56a,NBC,lamb chop,30,8,deferred,,,,,insufficient_deterministic_evidence,,,false,true,false,,,0,false,false,false,false
154bf54b-6f7d-4999-b0fb-c2828b12b56a|lassie,resolved,154bf54b-6f7d-4999-b0fb-c2828b12b56a,NBC,lassie,38,8,deferred,,,,,insufficient_deterministic_evidence,,,false,true,false,,,0,false,false,false,false
154bf54b-6f7d-4999-b0fb-c2828b12b56a|little drummer boy,resolved,154bf54b-6f7d-4999-b0fb-c2828b12b56a,NBC,little drummer boy,120,8,deferred,,,,,single_similarity_hint_is_not_deterministic_evidence,,,false,true,false,,,0,false,false,false,false
154bf54b-6f7d-4999-b0fb-c2828b12b56a|little golden books,resolved,154bf54b-6f7d-4999-b0fb-c2828b12b56a,NBC,little golden books,246,1,exact_existing,79dd7c7b-f654-47f4-8319-8d1d5a594020,GB,LITTLE GOLDEN BOOKS,154bf54b-6f7d-4999-b0fb-c2828b12b56a,exact_normalized_canonical_name_under_resolved_licensor,,,true,true,false,,,246,false,false,false,false
154bf54b-6f7d-4999-b0fb-c2828b12b56a|m3 gan,resolved,154bf54b-6f7d-4999-b0fb-c2828b12b56a,NBC,m3 gan,42,8,deferred,,,,,insufficient_deterministic_evidence,,,false,true,false,,,0,false,false,false,false
154bf54b-6f7d-4999-b0fb-c2828b12b56a|minions,resolved,154bf54b-6f7d-4999-b0fb-c2828b12b56a,NBC,minions,1284,1,exact_existing,eb50f543-5d10-4cc5-bb7e-824b8ad212b5,MN,MINIONS,154bf54b-6f7d-4999-b0fb-c2828b12b56a,exact_normalized_canonical_name_under_resolved_licensor,,,true,true,false,,,1375,false,false,false,false
154bf54b-6f7d-4999-b0fb-c2828b12b56a|nbcu cleared editorial,resolved,154bf54b-6f7d-4999-b0fb-c2828b12b56a,NBC,nbcu cleared editorial,9,8,deferred,,,,,insufficient_deterministic_evidence,,,false,true,false,,,0,false,false,false,false
154bf54b-6f7d-4999-b0fb-c2828b12b56a|office,resolved,154bf54b-6f7d-4999-b0fb-c2828b12b56a,NBC,office,2531,8,deferred,,,,,single_similarity_hint_is_not_deterministic_evidence,,,false,true,false,,,1242,false,false,false,false
154bf54b-6f7d-4999-b0fb-c2828b12b56a|parks rec,resolved,154bf54b-6f7d-4999-b0fb-c2828b12b56a,NBC,parks rec,240,8,deferred,,,,,insufficient_deterministic_evidence,,,false,true,false,,,0,false,false,false,false
154bf54b-6f7d-4999-b0fb-c2828b12b56a|santa claus is coming to town,resolved,154bf54b-6f7d-4999-b0fb-c2828b12b56a,NBC,santa claus is coming to town,47,8,deferred,,,,,single_similarity_hint_is_not_deterministic_evidence,,,false,true,false,,,0,false,false,false,false
154bf54b-6f7d-4999-b0fb-c2828b12b56a|saved by the bell,resolved,154bf54b-6f7d-4999-b0fb-c2828b12b56a,NBC,saved by the bell,589,8,ambiguous,,,,,multiple_same_parent_or_phase5_review_candidates,,,false,true,false,,,0,false,false,false,false
154bf54b-6f7d-4999-b0fb-c2828b12b56a|scarface,resolved,154bf54b-6f7d-4999-b0fb-c2828b12b56a,NBC,scarface,218,1,exact_existing,923af469-f81f-48ec-ae6c-d0c18bf85414,SF,SCARFACE,154bf54b-6f7d-4999-b0fb-c2828b12b56a,exact_normalized_canonical_name_under_resolved_licensor,,,true,true,false,,,422,false,false,false,false
154bf54b-6f7d-4999-b0fb-c2828b12b56a|shrek,resolved,154bf54b-6f7d-4999-b0fb-c2828b12b56a,NBC,shrek,1692,1,exact_existing,7865b410-afb6-4307-9560-4dfa2e5c3165,SH,SHREK,154bf54b-6f7d-4999-b0fb-c2828b12b56a,exact_normalized_canonical_name_under_resolved_licensor,,,true,true,false,,,2720,false,false,false,false
154bf54b-6f7d-4999-b0fb-c2828b12b56a|slapshot,resolved,154bf54b-6f7d-4999-b0fb-c2828b12b56a,NBC,slapshot,9,8,deferred,,,,,insufficient_deterministic_evidence,,,false,true,false,,,0,false,false,false,false
154bf54b-6f7d-4999-b0fb-c2828b12b56a|target,resolved,154bf54b-6f7d-4999-b0fb-c2828b12b56a,NBC,target,174,8,deferred,,,,,insufficient_deterministic_evidence,,,false,true,false,,,53,false,false,false,false
154bf54b-6f7d-4999-b0fb-c2828b12b56a|the exorcist,resolved,154bf54b-6f7d-4999-b0fb-c2828b12b56a,NBC,the exorcist,93,7,canonical_create_candidate,,,,,exact_coldlion_phase5_candidate_with_resolved_popsg_parent_observation,EX,THE EXORCIST,false,true,true,CW001|SP001,resolved PopSG Licensor observation only; ColdLion supplies no parent; owner approval required,0,false,false,false,false
154bf54b-6f7d-4999-b0fb-c2828b12b56a|the land before time,resolved,154bf54b-6f7d-4999-b0fb-c2828b12b56a,NBC,the land before time,266,8,ambiguous,,,,,multiple_same_parent_or_phase5_review_candidates,,,false,true,false,,,0,false,false,false,false
154bf54b-6f7d-4999-b0fb-c2828b12b56a|the lone ranger,resolved,154bf54b-6f7d-4999-b0fb-c2828b12b56a,NBC,the lone ranger,159,8,ambiguous,,,,,multiple_same_parent_or_phase5_review_candidates,,,false,true,false,,,0,false,false,false,false
154bf54b-6f7d-4999-b0fb-c2828b12b56a|the mummy 1999,resolved,154bf54b-6f7d-4999-b0fb-c2828b12b56a,NBC,the mummy 1999,163,8,ambiguous,,,,,multiple_same_parent_or_phase5_review_candidates,,,false,true,false,,,0,false,false,false,false
154bf54b-6f7d-4999-b0fb-c2828b12b56a|trolls,resolved,154bf54b-6f7d-4999-b0fb-c2828b12b56a,NBC,trolls,287,1,exact_existing,64660cdc-0134-48a0-bd28-d325572e7ea1,TR,TROLLS,154bf54b-6f7d-4999-b0fb-c2828b12b56a,exact_normalized_canonical_name_under_resolved_licensor,,,true,true,false,,,288,false,false,false,false
154bf54b-6f7d-4999-b0fb-c2828b12b56a|universal monsters,resolved,154bf54b-6f7d-4999-b0fb-c2828b12b56a,NBC,universal monsters,542,8,deferred,,,,,insufficient_deterministic_evidence,,,false,true,false,,,629,false,false,false,false
154bf54b-6f7d-4999-b0fb-c2828b12b56a|voltron,resolved,154bf54b-6f7d-4999-b0fb-c2828b12b56a,NBC,voltron,580,8,deferred,,,,,insufficient_deterministic_evidence,,,false,true,false,,,0,false,false,false,false
154bf54b-6f7d-4999-b0fb-c2828b12b56a|welcome to extraordinary,resolved,154bf54b-6f7d-4999-b0fb-c2828b12b56a,NBC,welcome to extraordinary,138,8,deferred,,,,,insufficient_deterministic_evidence,,,false,true,false,,,73,false,false,false,false
154bf54b-6f7d-4999-b0fb-c2828b12b56a|wheres waldo,resolved,154bf54b-6f7d-4999-b0fb-c2828b12b56a,NBC,wheres waldo,63,1,exact_existing,89a72f5f-798b-4902-9aab-4f01204720aa,WA,WHERES WALDO,154bf54b-6f7d-4999-b0fb-c2828b12b56a,exact_normalized_canonical_name_under_resolved_licensor,,,true,true,false,,,63,false,false,false,false
154bf54b-6f7d-4999-b0fb-c2828b12b56a|wicked live action movie,resolved,154bf54b-6f7d-4999-b0fb-c2828b12b56a,NBC,wicked live action movie,1229,8,ambiguous,,,,,multiple_same_parent_or_phase5_review_candidates,,,false,true,false,,,0,false,false,false,false
154bf54b-6f7d-4999-b0fb-c2828b12b56a|wicked live action part 2,resolved,154bf54b-6f7d-4999-b0fb-c2828b12b56a,NBC,wicked live action part 2,490,8,ambiguous,,,,,multiple_same_parent_or_phase5_review_candidates,,,false,true,false,,,0,false,false,false,false
154bf54b-6f7d-4999-b0fb-c2828b12b56a|woody woodpecker friends,resolved,154bf54b-6f7d-4999-b0fb-c2828b12b56a,NBC,woody woodpecker friends,1201,8,deferred,,,,,insufficient_deterministic_evidence,,,false,true,false,,,1201,false,false,false,false
1619ecdc-a0ad-4d1e-b8f2-7ea2aa1184fb|[blank],resolved,1619ecdc-a0ad-4d1e-b8f2-7ea2aa1184fb,SESAME STREET,,4,5,non_property,,,,,blank_property_observation,,,false,true,false,,,0,false,false,false,false
1619ecdc-a0ad-4d1e-b8f2-7ea2aa1184fb|baby art styleguides,resolved,1619ecdc-a0ad-4d1e-b8f2-7ea2aa1184fb,SESAME STREET,baby art styleguides,294,5,non_property,,,,,psg1_structural_folder_pattern_candidate,,,false,true,false,,,0,false,false,false,false
1619ecdc-a0ad-4d1e-b8f2-7ea2aa1184fb|core art,resolved,1619ecdc-a0ad-4d1e-b8f2-7ea2aa1184fb,SESAME STREET,core art,475,8,deferred,,,,,insufficient_deterministic_evidence,,,false,true,false,,,65,false,false,false,false
1619ecdc-a0ad-4d1e-b8f2-7ea2aa1184fb|packaging,resolved,1619ecdc-a0ad-4d1e-b8f2-7ea2aa1184fb,SESAME STREET,packaging,189,8,deferred,,,,,insufficient_deterministic_evidence,,,false,true,false,,,10,false,false,false,false
1619ecdc-a0ad-4d1e-b8f2-7ea2aa1184fb|trend guides,resolved,1619ecdc-a0ad-4d1e-b8f2-7ea2aa1184fb,SESAME STREET,trend guides,452,8,deferred,,,,,insufficient_deterministic_evidence,,,false,true,false,,,2,false,false,false,false
1619ecdc-a0ad-4d1e-b8f2-7ea2aa1184fb|vintage and retro collections,resolved,1619ecdc-a0ad-4d1e-b8f2-7ea2aa1184fb,SESAME STREET,vintage and retro collections,216,5,non_property,,,,,psg1_structural_folder_pattern_candidate,,,false,true,false,,,0,false,false,false,false
1c47d63b-bf79-42ff-876e-c5263f323418|[blank],resolved,1c47d63b-bf79-42ff-876e-c5263f323418,NFL,,32,5,non_property,,,,,blank_property_observation,,,false,true,false,,,0,false,false,false,false
23937016-6f26-4a26-a281-da5a9dc15362|ncaa,resolved,23937016-6f26-4a26-a281-da5a9dc15362,NCAA,ncaa,21,8,deferred,,,,,insufficient_deterministic_evidence,,,false,true,false,,,0,false,false,false,false
41b43c61-aaea-4f9d-b84c-abfb04de59f1|budweiser,resolved,41b43c61-aaea-4f9d-b84c-abfb04de59f1,Anheuser Busch,budweiser,131,8,deferred,,,,,insufficient_deterministic_evidence,,,false,true,false,,,0,false,false,false,false
41b43c61-aaea-4f9d-b84c-abfb04de59f1|busch,resolved,41b43c61-aaea-4f9d-b84c-abfb04de59f1,Anheuser Busch,busch,40,8,deferred,,,,,insufficient_deterministic_evidence,,,false,true,false,,,0,false,false,false,false
41b43c61-aaea-4f9d-b84c-abfb04de59f1|michelob,resolved,41b43c61-aaea-4f9d-b84c-abfb04de59f1,Anheuser Busch,michelob,4,8,deferred,,,,,insufficient_deterministic_evidence,,,false,true,false,,,0,false,false,false,false
41b43c61-aaea-4f9d-b84c-abfb04de59f1|michelob ultra,resolved,41b43c61-aaea-4f9d-b84c-abfb04de59f1,Anheuser Busch,michelob ultra,12,8,deferred,,,,,insufficient_deterministic_evidence,,,false,true,false,,,0,false,false,false,false
4dba7d87-54ed-4dee-894b-570326953d92|[blank],resolved,4dba7d87-54ed-4dee-894b-570326953d92,STRAWBERRY SHORTCAKE,,4,5,non_property,,,,,blank_property_observation,,,false,true,false,,,0,false,false,false,false
4dba7d87-54ed-4dee-894b-570326953d92|modern core,resolved,4dba7d87-54ed-4dee-894b-570326953d92,STRAWBERRY SHORTCAKE,modern core,304,8,deferred,,,,,single_similarity_hint_is_not_deterministic_evidence,,,false,true,false,,,0,false,false,false,false
4dba7d87-54ed-4dee-894b-570326953d92|vintage,resolved,4dba7d87-54ed-4dee-894b-570326953d92,STRAWBERRY SHORTCAKE,vintage,1610,8,deferred,,,,,insufficient_deterministic_evidence,,,false,true,false,,,2,false,false,false,false
5f951f5e-aaee-4add-bb51-fea888951405|[blank],resolved,5f951f5e-aaee-4add-bb51-fea888951405,VIACOM MULTI,,3,5,non_property,,,,,blank_property_observation,,,false,true,false,,,0,false,false,false,false
5f951f5e-aaee-4add-bb51-fea888951405|avatar the last airbender,resolved,5f951f5e-aaee-4add-bb51-fea888951405,VIACOM MULTI,avatar the last airbender,855,1,exact_existing,23315dd3-f6a7-41b7-bdbb-ac013dd54165,AT,AVATAR THE LAST AIRBENDER,5f951f5e-aaee-4add-bb51-fea888951405,exact_normalized_canonical_name_under_resolved_licensor,,,true,true,false,,,868,false,false,false,false
5f951f5e-aaee-4add-bb51-fea888951405|beverly hills 90210,resolved,5f951f5e-aaee-4add-bb51-fea888951405,VIACOM MULTI,beverly hills 90210,447,8,deferred,,,,,insufficient_deterministic_evidence,,,false,true,false,,,0,false,false,false,false
5f951f5e-aaee-4add-bb51-fea888951405|brady bunch,resolved,5f951f5e-aaee-4add-bb51-fea888951405,VIACOM MULTI,brady bunch,200,8,deferred,,,,,insufficient_deterministic_evidence,,,false,true,false,,,0,false,false,false,false
5f951f5e-aaee-4add-bb51-fea888951405|cheers,resolved,5f951f5e-aaee-4add-bb51-fea888951405,VIACOM MULTI,cheers,200,7,canonical_create_candidate,,,,,exact_coldlion_phase5_candidate_with_resolved_popsg_parent_observation,CHR,CHEERS,false,true,true,CW001|SP001,resolved PopSG Licensor observation only; ColdLion supplies no parent; owner approval required,0,false,false,false,false
5f951f5e-aaee-4add-bb51-fea888951405|clueless,resolved,5f951f5e-aaee-4add-bb51-fea888951405,VIACOM MULTI,clueless,178,8,deferred,,,,,insufficient_deterministic_evidence,,,false,true,false,,,0,false,false,false,false
5f951f5e-aaee-4add-bb51-fea888951405|ferris buellers day off,resolved,5f951f5e-aaee-4add-bb51-fea888951405,VIACOM MULTI,ferris buellers day off,28,8,deferred,,,,,insufficient_deterministic_evidence,,,false,true,false,,,0,false,false,false,false
5f951f5e-aaee-4add-bb51-fea888951405|footloose,resolved,5f951f5e-aaee-4add-bb51-fea888951405,VIACOM MULTI,footloose,61,8,deferred,,,,,insufficient_deterministic_evidence,,,false,true,false,,,0,false,false,false,false
5f951f5e-aaee-4add-bb51-fea888951405|forrest gump core style guide,resolved,5f951f5e-aaee-4add-bb51-fea888951405,VIACOM MULTI,forrest gump core style guide,15,5,non_property,,,,,psg1_structural_folder_pattern_candidate,,,false,true,false,,,0,false,false,false,false
5f951f5e-aaee-4add-bb51-fea888951405|garfield,resolved,5f951f5e-aaee-4add-bb51-fea888951405,VIACOM MULTI,garfield,611,1,exact_existing,4526a736-7b50-4e7d-bc30-97edc8764e3d,GE,GARFIELD,5f951f5e-aaee-4add-bb51-fea888951405,exact_normalized_canonical_name_under_resolved_licensor,,,true,true,false,,,758,false,false,false,false
5f951f5e-aaee-4add-bb51-fea888951405|grease,resolved,5f951f5e-aaee-4add-bb51-fea888951405,VIACOM MULTI,grease,159,8,deferred,,,,,insufficient_deterministic_evidence,,,false,true,false,,,0,false,false,false,false
5f951f5e-aaee-4add-bb51-fea888951405|happy days,resolved,5f951f5e-aaee-4add-bb51-fea888951405,VIACOM MULTI,happy days,201,8,deferred,,,,,insufficient_deterministic_evidence,,,false,true,false,,,0,false,false,false,false
5f951f5e-aaee-4add-bb51-fea888951405|invader zim,resolved,5f951f5e-aaee-4add-bb51-fea888951405,VIACOM MULTI,invader zim,381,1,exact_existing,6e0beeae-b784-4996-af8b-e06de3cfbfc9,ZM,INVADER ZIM,5f951f5e-aaee-4add-bb51-fea888951405,exact_normalized_canonical_name_under_resolved_licensor,,,true,true,false,,,382,false,false,false,false
5f951f5e-aaee-4add-bb51-fea888951405|its a wonderful life,resolved,5f951f5e-aaee-4add-bb51-fea888951405,VIACOM MULTI,its a wonderful life,8,8,deferred,,,,,insufficient_deterministic_evidence,,,false,true,false,,,0,false,false,false,false
5f951f5e-aaee-4add-bb51-fea888951405|mean girls 2004,resolved,5f951f5e-aaee-4add-bb51-fea888951405,VIACOM MULTI,mean girls 2004,300,8,deferred,,,,,insufficient_deterministic_evidence,,,false,true,false,,,0,false,false,false,false
5f951f5e-aaee-4add-bb51-fea888951405|mighty mouse,resolved,5f951f5e-aaee-4add-bb51-fea888951405,VIACOM MULTI,mighty mouse,242,8,deferred,,,,,insufficient_deterministic_evidence,,,false,true,false,,,0,false,false,false,false
5f951f5e-aaee-4add-bb51-fea888951405|scream franchise,resolved,5f951f5e-aaee-4add-bb51-fea888951405,VIACOM MULTI,scream franchise,92,8,deferred,,,,,single_similarity_hint_is_not_deterministic_evidence,,,false,true,false,,,92,false,false,false,false
5f951f5e-aaee-4add-bb51-fea888951405|spongebob,resolved,5f951f5e-aaee-4add-bb51-fea888951405,VIACOM MULTI,spongebob,2868,1,exact_existing,e26d6839-c6cd-4eee-ac76-f56e1479c4ed,SB,SPONGEBOB,5f951f5e-aaee-4add-bb51-fea888951405,exact_normalized_canonical_name_under_resolved_licensor,,,true,true,false,,,2868,false,false,false,false
5f951f5e-aaee-4add-bb51-fea888951405|the anchorman the legend of ron burgundy,resolved,5f951f5e-aaee-4add-bb51-fea888951405,VIACOM MULTI,the anchorman the legend of ron burgundy,24,8,ambiguous,,,,,multiple_same_parent_or_phase5_review_candidates,,,false,true,false,,,0,false,false,false,false
5f951f5e-aaee-4add-bb51-fea888951405|the godfather,resolved,5f951f5e-aaee-4add-bb51-fea888951405,VIACOM MULTI,the godfather,193,1,exact_existing,41ffb828-ede0-4295-aac9-fd31eaedc840,GH,THE GODFATHER,5f951f5e-aaee-4add-bb51-fea888951405,exact_normalized_canonical_name_under_resolved_licensor,,,true,true,false,,,193,false,false,false,false
5f951f5e-aaee-4add-bb51-fea888951405|the twilight zone,resolved,5f951f5e-aaee-4add-bb51-fea888951405,VIACOM MULTI,the twilight zone,146,8,ambiguous,,,,,multiple_same_parent_or_phase5_review_candidates,,,false,true,false,,,1,false,false,false,false
5f951f5e-aaee-4add-bb51-fea888951405|tmnt,resolved,5f951f5e-aaee-4add-bb51-fea888951405,VIACOM MULTI,tmnt,1147,8,deferred,,,,,insufficient_deterministic_evidence,,,false,true,false,,,0,false,false,false,false
5f951f5e-aaee-4add-bb51-fea888951405|top gun,resolved,5f951f5e-aaee-4add-bb51-fea888951405,VIACOM MULTI,top gun,103,1,exact_existing,f21afc9f-8e64-46f6-875f-757f97664a8b,TU,TOP GUN,5f951f5e-aaee-4add-bb51-fea888951405,exact_normalized_canonical_name_under_resolved_licensor,,,true,true,false,,,139,false,false,false,false
5f951f5e-aaee-4add-bb51-fea888951405|top gun maverick,resolved,5f951f5e-aaee-4add-bb51-fea888951405,VIACOM MULTI,top gun maverick,197,8,deferred,,,,,single_similarity_hint_is_not_deterministic_evidence,,,false,true,false,,,197,false,false,false,false
5f951f5e-aaee-4add-bb51-fea888951405|viacom 2023 rollout,resolved,5f951f5e-aaee-4add-bb51-fea888951405,VIACOM MULTI,viacom 2023 rollout,193,8,deferred,,,,,insufficient_deterministic_evidence,,,false,true,false,,,26,false,false,false,false
5f951f5e-aaee-4add-bb51-fea888951405|yellowstone,resolved,5f951f5e-aaee-4add-bb51-fea888951405,VIACOM MULTI,yellowstone,200,8,deferred,,,,,insufficient_deterministic_evidence,,,false,true,false,,,0,false,false,false,false
7575d1db-dbee-4336-84a9-aa378f05f105|[blank],resolved,7575d1db-dbee-4336-84a9-aa378f05f105,WWE,,8,5,non_property,,,,,blank_property_observation,,,false,true,false,,,0,false,false,false,false
7575d1db-dbee-4336-84a9-aa378f05f105|graphics and logos,resolved,7575d1db-dbee-4336-84a9-aa378f05f105,WWE,graphics and logos,511,8,deferred,,,,,insufficient_deterministic_evidence,,,false,true,false,,,0,false,false,false,false
7575d1db-dbee-4336-84a9-aa378f05f105|key artwork,resolved,7575d1db-dbee-4336-84a9-aa378f05f105,WWE,key artwork,13,5,non_property,,,,,psg1_structural_folder_pattern_candidate,,,false,true,false,,,0,false,false,false,false
7575d1db-dbee-4336-84a9-aa378f05f105|legends,resolved,7575d1db-dbee-4336-84a9-aa378f05f105,WWE,legends,1580,8,deferred,,,,,single_similarity_hint_is_not_deterministic_evidence,,,false,true,false,,,532,false,false,false,false
7575d1db-dbee-4336-84a9-aa378f05f105|premium live events,resolved,7575d1db-dbee-4336-84a9-aa378f05f105,WWE,premium live events,177,8,deferred,,,,,insufficient_deterministic_evidence,,,false,true,false,,,0,false,false,false,false
7575d1db-dbee-4336-84a9-aa378f05f105|summer slam,resolved,7575d1db-dbee-4336-84a9-aa378f05f105,WWE,summer slam,4,8,deferred,,,,,insufficient_deterministic_evidence,,,false,true,false,,,0,false,false,false,false
7575d1db-dbee-4336-84a9-aa378f05f105|superstars,resolved,7575d1db-dbee-4336-84a9-aa378f05f105,WWE,superstars,2,8,deferred,,,,,single_similarity_hint_is_not_deterministic_evidence,,,false,true,false,,,0,false,false,false,false
7575d1db-dbee-4336-84a9-aa378f05f105|wwe championship titles,resolved,7575d1db-dbee-4336-84a9-aa378f05f105,WWE,wwe championship titles,34,8,ambiguous,,,,,multiple_same_parent_or_phase5_review_candidates,,,false,true,false,,,0,false,false,false,false
7575d1db-dbee-4336-84a9-aa378f05f105|wwe corporate logo,resolved,7575d1db-dbee-4336-84a9-aa378f05f105,WWE,wwe corporate logo,9,8,ambiguous,,,,,multiple_same_parent_or_phase5_review_candidates,,,false,true,false,,,0,false,false,false,false
7d141a6f-e229-46a2-b3f5-0ba0c97dd820|[blank],resolved,7d141a6f-e229-46a2-b3f5-0ba0c97dd820,DISNEY,,3,5,non_property,,,,,blank_property_observation,,,false,true,false,,,0,false,false,false,false
7d141a6f-e229-46a2-b3f5-0ba0c97dd820|aladdin,resolved,7d141a6f-e229-46a2-b3f5-0ba0c97dd820,DISNEY,aladdin,235,1,exact_existing,dd952916-072b-4dfb-a536-66bf25f237ae,AD,ALADDIN,7d141a6f-e229-46a2-b3f5-0ba0c97dd820,exact_normalized_canonical_name_under_resolved_licensor,,,true,true,false,,,244,false,false,false,false
7d141a6f-e229-46a2-b3f5-0ba0c97dd820|alice in wonderland,resolved,7d141a6f-e229-46a2-b3f5-0ba0c97dd820,DISNEY,alice in wonderland,769,1,exact_existing,2a51343c-6ed0-4c8f-9f1a-d193d4a6a573,AW,ALICE IN WONDERLAND,7d141a6f-e229-46a2-b3f5-0ba0c97dd820,exact_normalized_canonical_name_under_resolved_licensor,,,true,true,false,,,772,false,false,false,false
7d141a6f-e229-46a2-b3f5-0ba0c97dd820|cars,resolved,7d141a6f-e229-46a2-b3f5-0ba0c97dd820,DISNEY,cars,2594,1,exact_existing,af20b0b0-d5e1-4741-b2bc-890fd7938954,CAR,CARS,7d141a6f-e229-46a2-b3f5-0ba0c97dd820,exact_normalized_canonical_name_under_resolved_licensor,,,true,true,false,,,2651,false,false,false,false
7d141a6f-e229-46a2-b3f5-0ba0c97dd820|creative rollouts,resolved,7d141a6f-e229-46a2-b3f5-0ba0c97dd820,DISNEY,creative rollouts,255,8,deferred,,,,,insufficient_deterministic_evidence,,,false,true,false,,,48,false,false,false,false
7d141a6f-e229-46a2-b3f5-0ba0c97dd820|disney channel,resolved,7d141a6f-e229-46a2-b3f5-0ba0c97dd820,DISNEY,disney channel,2865,8,ambiguous,,,,,multiple_same_parent_or_phase5_review_candidates,,,false,true,false,,,1641,false,false,false,false
7d141a6f-e229-46a2-b3f5-0ba0c97dd820|disney classics,resolved,7d141a6f-e229-46a2-b3f5-0ba0c97dd820,DISNEY,disney classics,5124,8,ambiguous,,,,,multiple_same_parent_or_phase5_review_candidates,,,false,true,false,,,659,false,false,false,false
7d141a6f-e229-46a2-b3f5-0ba0c97dd820|frozen,resolved,7d141a6f-e229-46a2-b3f5-0ba0c97dd820,DISNEY,frozen,2692,1,exact_existing,b3486141-9ed4-40f5-9aec-878f48a1ff16,FZ,FROZEN,7d141a6f-e229-46a2-b3f5-0ba0c97dd820,exact_normalized_canonical_name_under_resolved_licensor,,,true,true,false,,,3239,false,false,false,false
7d141a6f-e229-46a2-b3f5-0ba0c97dd820|frozen ii,resolved,7d141a6f-e229-46a2-b3f5-0ba0c97dd820,DISNEY,frozen ii,917,8,ambiguous,,,,,multiple_same_parent_or_phase5_review_candidates,,,false,true,false,,,1294,false,false,false,false
7d141a6f-e229-46a2-b3f5-0ba0c97dd820|hercules,resolved,7d141a6f-e229-46a2-b3f5-0ba0c97dd820,DISNEY,hercules,1208,1,exact_existing,7e21920e-1790-45bf-850c-33a16d815578,HE,HERCULES,7d141a6f-e229-46a2-b3f5-0ba0c97dd820,exact_normalized_canonical_name_under_resolved_licensor,,,true,true,false,,,1231,false,false,false,false
7d141a6f-e229-46a2-b3f5-0ba0c97dd820|hocus pocus,resolved,7d141a6f-e229-46a2-b3f5-0ba0c97dd820,DISNEY,hocus pocus,264,1,exact_existing,b4a1e988-7b93-4877-a50d-6f80f9ff3b30,HPS,HOCUS POCUS,7d141a6f-e229-46a2-b3f5-0ba0c97dd820,exact_normalized_canonical_name_under_resolved_licensor,,,true,true,false,,,273,false,false,false,false
7d141a6f-e229-46a2-b3f5-0ba0c97dd820|holiday,resolved,7d141a6f-e229-46a2-b3f5-0ba0c97dd820,DISNEY,holiday,10293,8,deferred,,,,,insufficient_deterministic_evidence,,,false,true,false,,,3408,false,false,false,false
7d141a6f-e229-46a2-b3f5-0ba0c97dd820|mickey,resolved,7d141a6f-e229-46a2-b3f5-0ba0c97dd820,DISNEY,mickey,16835,8,deferred,,,,,single_similarity_hint_is_not_deterministic_evidence,,,false,true,false,,,10185,false,false,false,false
7d141a6f-e229-46a2-b3f5-0ba0c97dd820|moana live action,resolved,7d141a6f-e229-46a2-b3f5-0ba0c97dd820,DISNEY,moana live action,276,8,ambiguous,,,,,multiple_same_parent_or_phase5_review_candidates,,,false,true,false,,,0,false,false,false,false
7d141a6f-e229-46a2-b3f5-0ba0c97dd820|multi property,resolved,7d141a6f-e229-46a2-b3f5-0ba0c97dd820,DISNEY,multi property,2870,8,deferred,,,,,insufficient_deterministic_evidence,,,false,true,false,,,431,false,false,false,false
7d141a6f-e229-46a2-b3f5-0ba0c97dd820|muppets,resolved,7d141a6f-e229-46a2-b3f5-0ba0c97dd820,DISNEY,muppets,460,1,exact_existing,53f35a43-3719-411a-a818-1c0ef31726f5,MU,MUPPETS,7d141a6f-e229-46a2-b3f5-0ba0c97dd820,exact_normalized_canonical_name_under_resolved_licensor,,,true,true,false,,,475,false,false,false,false
7d141a6f-e229-46a2-b3f5-0ba0c97dd820|nightmare before xmas,resolved,7d141a6f-e229-46a2-b3f5-0ba0c97dd820,DISNEY,nightmare before xmas,2469,8,deferred,,,,,single_similarity_hint_is_not_deterministic_evidence,,,false,true,false,,,1907,false,false,false,false
7d141a6f-e229-46a2-b3f5-0ba0c97dd820|packaging,resolved,7d141a6f-e229-46a2-b3f5-0ba0c97dd820,DISNEY,packaging,1937,8,deferred,,,,,insufficient_deterministic_evidence,,,false,true,false,,,680,false,false,false,false
7d141a6f-e229-46a2-b3f5-0ba0c97dd820|peter pan,resolved,7d141a6f-e229-46a2-b3f5-0ba0c97dd820,DISNEY,peter pan,1236,1,exact_existing,282ee9db-10f6-4a46-b066-918866b33de3,PA,PETER PAN,7d141a6f-e229-46a2-b3f5-0ba0c97dd820,exact_normalized_canonical_name_under_resolved_licensor,,,true,true,false,,,1436,false,false,false,false
7d141a6f-e229-46a2-b3f5-0ba0c97dd820|pixar,resolved,7d141a6f-e229-46a2-b3f5-0ba0c97dd820,DISNEY,pixar,2018,8,deferred,,,,,single_similarity_hint_is_not_deterministic_evidence,,,false,true,false,,,635,false,false,false,false
7d141a6f-e229-46a2-b3f5-0ba0c97dd820|planes,resolved,7d141a6f-e229-46a2-b3f5-0ba0c97dd820,DISNEY,planes,6,8,deferred,,,,,single_similarity_hint_is_not_deterministic_evidence,,,false,true,false,,,0,false,false,false,false
7d141a6f-e229-46a2-b3f5-0ba0c97dd820|posters,resolved,7d141a6f-e229-46a2-b3f5-0ba0c97dd820,DISNEY,posters,195,8,deferred,,,,,insufficient_deterministic_evidence,,,false,true,false,,,0,false,false,false,false
7d141a6f-e229-46a2-b3f5-0ba0c97dd820|princess,resolved,7d141a6f-e229-46a2-b3f5-0ba0c97dd820,DISNEY,princess,16603,8,deferred,,,,,insufficient_deterministic_evidence,,,false,true,false,,,940,false,false,false,false
7d141a6f-e229-46a2-b3f5-0ba0c97dd820|retail guides,resolved,7d141a6f-e229-46a2-b3f5-0ba0c97dd820,DISNEY,retail guides,3,8,deferred,,,,,insufficient_deterministic_evidence,,,false,true,false,,,0,false,false,false,false
7d141a6f-e229-46a2-b3f5-0ba0c97dd820|robin hood,resolved,7d141a6f-e229-46a2-b3f5-0ba0c97dd820,DISNEY,robin hood,37,8,deferred,,,,,insufficient_deterministic_evidence,,,false,true,false,,,0,false,false,false,false
7d141a6f-e229-46a2-b3f5-0ba0c97dd820|stitch,resolved,7d141a6f-e229-46a2-b3f5-0ba0c97dd820,DISNEY,stitch,5376,8,ambiguous,,,,,multiple_same_parent_or_phase5_review_candidates,,,false,true,false,,,914,false,false,false,false
7d141a6f-e229-46a2-b3f5-0ba0c97dd820|the lion king,resolved,7d141a6f-e229-46a2-b3f5-0ba0c97dd820,DISNEY,the lion king,521,8,ambiguous,,,,,multiple_same_parent_or_phase5_review_candidates,,,false,true,false,,,31,false,false,false,false
7d141a6f-e229-46a2-b3f5-0ba0c97dd820|the little mermaid,resolved,7d141a6f-e229-46a2-b3f5-0ba0c97dd820,DISNEY,the little mermaid,814,8,deferred,,,,,single_similarity_hint_is_not_deterministic_evidence,,,false,true,false,,,36,false,false,false,false
7d141a6f-e229-46a2-b3f5-0ba0c97dd820|toy story 4,resolved,7d141a6f-e229-46a2-b3f5-0ba0c97dd820,DISNEY,toy story 4,1019,1,exact_existing,74a90714-2926-4beb-a70c-c5570b963296,TS,TOY STORY 4,7d141a6f-e229-46a2-b3f5-0ba0c97dd820,exact_normalized_canonical_name_under_resolved_licensor,,,true,true,false,,,1076,false,false,false,false
7d141a6f-e229-46a2-b3f5-0ba0c97dd820|toy story 5,resolved,7d141a6f-e229-46a2-b3f5-0ba0c97dd820,DISNEY,toy story 5,607,8,deferred,,,,,single_similarity_hint_is_not_deterministic_evidence,,,false,true,false,,,0,false,false,false,false
7d141a6f-e229-46a2-b3f5-0ba0c97dd820|toy story classic,resolved,7d141a6f-e229-46a2-b3f5-0ba0c97dd820,DISNEY,toy story classic,1260,8,ambiguous,,,,,multiple_same_parent_or_phase5_review_candidates,,,false,true,false,,,220,false,false,false,false
7d141a6f-e229-46a2-b3f5-0ba0c97dd820|villains,resolved,7d141a6f-e229-46a2-b3f5-0ba0c97dd820,DISNEY,villains,1273,8,ambiguous,,,,,multiple_same_parent_or_phase5_review_candidates,,,false,true,false,,,682,false,false,false,false
7d141a6f-e229-46a2-b3f5-0ba0c97dd820|winnie the pooh,resolved,7d141a6f-e229-46a2-b3f5-0ba0c97dd820,DISNEY,winnie the pooh,6887,1,exact_existing,b3f195f8-61f9-42ba-b7c9-1932a0ebcf78,WP,WINNIE THE POOH,7d141a6f-e229-46a2-b3f5-0ba0c97dd820,exact_normalized_canonical_name_under_resolved_licensor,,,true,true,false,,,7615,false,false,false,false
88313675-0089-4072-87be-5b989df8a3fc|[blank],resolved,88313675-0089-4072-87be-5b989df8a3fc,WARNER BROS,,14,5,non_property,,,,,blank_property_observation,,,false,true,false,,,0,false,false,false,false
88313675-0089-4072-87be-5b989df8a3fc|beetlejuice,resolved,88313675-0089-4072-87be-5b989df8a3fc,WARNER BROS,beetlejuice,751,1,exact_existing,4e41dcdf-a2cb-4ddd-ad03-f447ab73615a,BJ,BEETLEJUICE,88313675-0089-4072-87be-5b989df8a3fc,exact_normalized_canonical_name_under_resolved_licensor,,,true,true,false,,,754,false,false,false,false
88313675-0089-4072-87be-5b989df8a3fc|beetlejuice 2,resolved,88313675-0089-4072-87be-5b989df8a3fc,WARNER BROS,beetlejuice 2,91,8,deferred,,,,,single_similarity_hint_is_not_deterministic_evidence,,,false,true,false,,,91,false,false,false,false
88313675-0089-4072-87be-5b989df8a3fc|corpse bride,resolved,88313675-0089-4072-87be-5b989df8a3fc,WARNER BROS,corpse bride,575,1,exact_existing,01e61839-32ad-4eaf-b9e4-14b97cbd86b1,CD,CORPSE BRIDE,88313675-0089-4072-87be-5b989df8a3fc,exact_normalized_canonical_name_under_resolved_licensor,,,true,true,false,,,575,false,false,false,false
88313675-0089-4072-87be-5b989df8a3fc|dc,resolved,88313675-0089-4072-87be-5b989df8a3fc,WARNER BROS,dc,14164,8,deferred,,,,,insufficient_deterministic_evidence,,,false,true,false,,,10185,false,false,false,false
88313675-0089-4072-87be-5b989df8a3fc|friends,resolved,88313675-0089-4072-87be-5b989df8a3fc,WARNER BROS,friends,288,1,exact_existing,95c1c2a5-da7b-4e69-b275-bc57e0298396,FN,FRIENDS,88313675-0089-4072-87be-5b989df8a3fc,exact_normalized_canonical_name_under_resolved_licensor,,,true,true,false,,,288,false,false,false,false
88313675-0089-4072-87be-5b989df8a3fc|game of thrones,resolved,88313675-0089-4072-87be-5b989df8a3fc,WARNER BROS,game of thrones,476,1,exact_existing,be51fe30-87a9-409e-bf62-43d5c18e039f,GT,GAME OF THRONES,88313675-0089-4072-87be-5b989df8a3fc,exact_normalized_canonical_name_under_resolved_licensor,,,true,true,false,,,478,false,false,false,false
88313675-0089-4072-87be-5b989df8a3fc|gilmore girls,resolved,88313675-0089-4072-87be-5b989df8a3fc,WARNER BROS,gilmore girls,306,1,exact_existing,c8d1dd59-7c9a-4a58-ac46-63789df04286,GGS,GILMORE GIRLS,88313675-0089-4072-87be-5b989df8a3fc,exact_normalized_canonical_name_under_resolved_licensor,,,true,true,false,,,307,false,false,false,false
88313675-0089-4072-87be-5b989df8a3fc|gremlins,resolved,88313675-0089-4072-87be-5b989df8a3fc,WARNER BROS,gremlins,415,8,deferred,,,,,insufficient_deterministic_evidence,,,false,true,false,,,0,false,false,false,false
88313675-0089-4072-87be-5b989df8a3fc|harry potter,resolved,88313675-0089-4072-87be-5b989df8a3fc,WARNER BROS,harry potter,6961,8,deferred,,,,,insufficient_deterministic_evidence,,,false,true,false,,,7182,true,false,false,false
88313675-0089-4072-87be-5b989df8a3fc|house of the dragon,resolved,88313675-0089-4072-87be-5b989df8a3fc,WARNER BROS,house of the dragon,102,8,ambiguous,,,,,multiple_same_parent_or_phase5_review_candidates,,,false,true,false,,,0,false,false,false,false
88313675-0089-4072-87be-5b989df8a3fc|looney tunes,resolved,88313675-0089-4072-87be-5b989df8a3fc,WARNER BROS,looney tunes,3402,1,exact_existing,b2bf31a7-f69a-46c8-8819-eda0605dc07a,LT,LOONEY TUNES,88313675-0089-4072-87be-5b989df8a3fc,exact_normalized_canonical_name_under_resolved_licensor,,,true,true,false,,,3403,false,false,false,false
88313675-0089-4072-87be-5b989df8a3fc|lord of the rings,resolved,88313675-0089-4072-87be-5b989df8a3fc,WARNER BROS,lord of the rings,1006,1,exact_existing,abf71e62-7598-4b34-b07f-364eea7cac07,LR,LORD OF THE RINGS,88313675-0089-4072-87be-5b989df8a3fc,exact_normalized_canonical_name_under_resolved_licensor,,,true,true,false,,,1006,false,false,false,false
88313675-0089-4072-87be-5b989df8a3fc|lotr the hobbit,resolved,88313675-0089-4072-87be-5b989df8a3fc,WARNER BROS,lotr the hobbit,467,8,ambiguous,,,,,multiple_same_parent_or_phase5_review_candidates,,,false,true,false,,,0,false,false,false,false
88313675-0089-4072-87be-5b989df8a3fc|mortal kombat,resolved,88313675-0089-4072-87be-5b989df8a3fc,WARNER BROS,mortal kombat,157,1,exact_existing,c0873079-36a4-4ab1-9aa0-1e8bedc6b274,MB,MORTAL KOMBAT,88313675-0089-4072-87be-5b989df8a3fc,exact_normalized_canonical_name_under_resolved_licensor,,,true,true,false,,,157,false,false,false,false
88313675-0089-4072-87be-5b989df8a3fc|power puff girls,resolved,88313675-0089-4072-87be-5b989df8a3fc,WARNER BROS,power puff girls,2413,8,ambiguous,,,,,multiple_same_parent_or_phase5_review_candidates,,,false,true,false,,,2,false,false,false,false
88313675-0089-4072-87be-5b989df8a3fc|rick and morty,resolved,88313675-0089-4072-87be-5b989df8a3fc,WARNER BROS,rick and morty,1940,8,deferred,,,,,single_similarity_hint_is_not_deterministic_evidence,,,false,true,false,,,10,false,false,false,false
88313675-0089-4072-87be-5b989df8a3fc|scooby doo,resolved,88313675-0089-4072-87be-5b989df8a3fc,WARNER BROS,scooby doo,12,8,deferred,,,,,insufficient_deterministic_evidence,,,false,true,false,,,0,false,false,false,false
88313675-0089-4072-87be-5b989df8a3fc|seinfeld,resolved,88313675-0089-4072-87be-5b989df8a3fc,WARNER BROS,seinfeld,360,1,exact_existing,9981838d-f7b5-491a-bf4b-7b994ba3ef41,SN,SEINFELD,88313675-0089-4072-87be-5b989df8a3fc,exact_normalized_canonical_name_under_resolved_licensor,,,true,true,false,,,360,false,false,false,false
88313675-0089-4072-87be-5b989df8a3fc|ted lasso,resolved,88313675-0089-4072-87be-5b989df8a3fc,WARNER BROS,ted lasso,89,1,exact_existing,6035073f-3993-45b1-baa9-594db3b634da,TL,TED LASSO,88313675-0089-4072-87be-5b989df8a3fc,exact_normalized_canonical_name_under_resolved_licensor,,,true,true,false,,,89,false,false,false,false
88313675-0089-4072-87be-5b989df8a3fc|the goodfellas,resolved,88313675-0089-4072-87be-5b989df8a3fc,WARNER BROS,the goodfellas,12,8,ambiguous,,,,,multiple_same_parent_or_phase5_review_candidates,,,false,true,false,,,12,false,false,false,false
88313675-0089-4072-87be-5b989df8a3fc|the goonies,resolved,88313675-0089-4072-87be-5b989df8a3fc,WARNER BROS,the goonies,265,8,ambiguous,,,,,multiple_same_parent_or_phase5_review_candidates,,,false,true,false,,,0,false,false,false,false
88313675-0089-4072-87be-5b989df8a3fc|tom and jerry,resolved,88313675-0089-4072-87be-5b989df8a3fc,WARNER BROS,tom and jerry,2552,8,deferred,,,,,single_similarity_hint_is_not_deterministic_evidence,,,false,true,false,,,1735,false,false,false,false
88313675-0089-4072-87be-5b989df8a3fc|wb 100,resolved,88313675-0089-4072-87be-5b989df8a3fc,WARNER BROS,wb 100,187,8,deferred,,,,,insufficient_deterministic_evidence,,,false,true,false,,,26,false,false,false,false
88313675-0089-4072-87be-5b989df8a3fc|wb christmas,resolved,88313675-0089-4072-87be-5b989df8a3fc,WARNER BROS,wb christmas,1435,8,deferred,,,,,single_similarity_hint_is_not_deterministic_evidence,,,false,true,false,,,1077,false,false,false,false
88313675-0089-4072-87be-5b989df8a3fc|wb horror,resolved,88313675-0089-4072-87be-5b989df8a3fc,WARNER BROS,wb horror,862,8,deferred,,,,,insufficient_deterministic_evidence,,,false,true,false,,,134,false,false,false,false
88313675-0089-4072-87be-5b989df8a3fc|where the wild things are,resolved,88313675-0089-4072-87be-5b989df8a3fc,WARNER BROS,where the wild things are,548,1,exact_existing,387bd16b-3cfe-4aec-b2d6-0550e7a3a54c,WT,WHERE THE WILD THINGS ARE,88313675-0089-4072-87be-5b989df8a3fc,exact_normalized_canonical_name_under_resolved_licensor,,,true,true,false,,,548,false,false,false,false
88313675-0089-4072-87be-5b989df8a3fc|wizard of oz,resolved,88313675-0089-4072-87be-5b989df8a3fc,WARNER BROS,wizard of oz,424,1,exact_existing,1ed0a814-bc1e-4874-9850-9d6dcf297ad6,WZ,WIZARD OF OZ,88313675-0089-4072-87be-5b989df8a3fc,exact_normalized_canonical_name_under_resolved_licensor,,,true,true,false,,,424,false,false,false,false
88313675-0089-4072-87be-5b989df8a3fc|wonka 2023,resolved,88313675-0089-4072-87be-5b989df8a3fc,WARNER BROS,wonka 2023,17,8,deferred,,,,,single_similarity_hint_is_not_deterministic_evidence,,,false,true,false,,,0,false,false,false,false
a06658c6-7fed-40ac-84e2-7f4802cdd086|[blank],resolved,a06658c6-7fed-40ac-84e2-7f4802cdd086,Miller Coors,,1,5,non_property,,,,,blank_property_observation,,,false,true,false,,,0,false,false,false,false
a06658c6-7fed-40ac-84e2-7f4802cdd086|coors,resolved,a06658c6-7fed-40ac-84e2-7f4802cdd086,Miller Coors,coors,9,8,deferred,,,,,insufficient_deterministic_evidence,,,false,true,false,,,0,false,false,false,false
a06658c6-7fed-40ac-84e2-7f4802cdd086|hamms,resolved,a06658c6-7fed-40ac-84e2-7f4802cdd086,Miller Coors,hamms,2,8,deferred,,,,,insufficient_deterministic_evidence,,,false,true,false,,,0,false,false,false,false
a06658c6-7fed-40ac-84e2-7f4802cdd086|miller lite assets,resolved,a06658c6-7fed-40ac-84e2-7f4802cdd086,Miller Coors,miller lite assets,33,5,non_property,,,,,psg1_structural_folder_pattern_candidate,,,false,true,false,,,0,false,false,false,false
a06658c6-7fed-40ac-84e2-7f4802cdd086|pabst,resolved,a06658c6-7fed-40ac-84e2-7f4802cdd086,Miller Coors,pabst,238,8,deferred,,,,,insufficient_deterministic_evidence,,,false,true,false,,,0,false,false,false,false
afff41a6-df31-4a9a-aea5-b919d1daff54|[blank],resolved,afff41a6-df31-4a9a-aea5-b919d1daff54,PEANUTS WORLDWIDE,,13,5,non_property,,,,,blank_property_observation,,,false,true,false,,,14,false,false,false,false
afff41a6-df31-4a9a-aea5-b919d1daff54|2022,resolved,afff41a6-df31-4a9a-aea5-b919d1daff54,PEANUTS WORLDWIDE,2022,141,8,deferred,,,,,insufficient_deterministic_evidence,,,false,true,false,,,152,false,false,false,false
afff41a6-df31-4a9a-aea5-b919d1daff54|3 d turnarounds,resolved,afff41a6-df31-4a9a-aea5-b919d1daff54,PEANUTS WORLDWIDE,3 d turnarounds,12,8,deferred,,,,,insufficient_deterministic_evidence,,,false,true,false,,,12,false,false,false,false
afff41a6-df31-4a9a-aea5-b919d1daff54|70th anniversary paper,resolved,afff41a6-df31-4a9a-aea5-b919d1daff54,PEANUTS WORLDWIDE,70th anniversary paper,78,8,deferred,,,,,insufficient_deterministic_evidence,,,false,true,false,,,78,false,false,false,false
afff41a6-df31-4a9a-aea5-b919d1daff54|70th anniversary peanuts logo,resolved,afff41a6-df31-4a9a-aea5-b919d1daff54,PEANUTS WORLDWIDE,70th anniversary peanuts logo,81,8,deferred,,,,,single_similarity_hint_is_not_deterministic_evidence,,,false,true,false,,,81,false,false,false,false
afff41a6-df31-4a9a-aea5-b919d1daff54|70th anniversary then and now,resolved,afff41a6-df31-4a9a-aea5-b919d1daff54,PEANUTS WORLDWIDE,70th anniversary then and now,16,8,deferred,,,,,insufficient_deterministic_evidence,,,false,true,false,,,16,false,false,false,false
afff41a6-df31-4a9a-aea5-b919d1daff54|75th anniversary comfort and security style guide,resolved,afff41a6-df31-4a9a-aea5-b919d1daff54,PEANUTS WORLDWIDE,75th anniversary comfort and security style guide,46,5,non_property,,,,,psg1_structural_folder_pattern_candidate,,,false,true,false,,,46,false,false,false,false
afff41a6-df31-4a9a-aea5-b919d1daff54|75th anniversary persistence style guide,resolved,afff41a6-df31-4a9a-aea5-b919d1daff54,PEANUTS WORLDWIDE,75th anniversary persistence style guide,25,5,non_property,,,,,psg1_structural_folder_pattern_candidate,,,false,true,false,,,25,false,false,false,false
afff41a6-df31-4a9a-aea5-b919d1daff54|aloha disco,resolved,afff41a6-df31-4a9a-aea5-b919d1daff54,PEANUTS WORLDWIDE,aloha disco,18,8,deferred,,,,,insufficient_deterministic_evidence,,,false,true,false,,,18,false,false,false,false
afff41a6-df31-4a9a-aea5-b919d1daff54|american summer,resolved,afff41a6-df31-4a9a-aea5-b919d1daff54,PEANUTS WORLDWIDE,american summer,25,8,deferred,,,,,insufficient_deterministic_evidence,,,false,true,false,,,25,false,false,false,false
afff41a6-df31-4a9a-aea5-b919d1daff54|americana,resolved,afff41a6-df31-4a9a-aea5-b919d1daff54,PEANUTS WORLDWIDE,americana,13,8,deferred,,,,,insufficient_deterministic_evidence,,,false,true,false,,,13,false,false,false,false
afff41a6-df31-4a9a-aea5-b919d1daff54|apres ski,resolved,afff41a6-df31-4a9a-aea5-b919d1daff54,PEANUTS WORLDWIDE,apres ski,8,8,deferred,,,,,insufficient_deterministic_evidence,,,false,true,false,,,8,false,false,false,false
afff41a6-df31-4a9a-aea5-b919d1daff54|astronaut pose art volume 1,resolved,afff41a6-df31-4a9a-aea5-b919d1daff54,PEANUTS WORLDWIDE,astronaut pose art volume 1,39,8,deferred,,,,,insufficient_deterministic_evidence,,,false,true,false,,,106,false,false,false,false
afff41a6-df31-4a9a-aea5-b919d1daff54|astronaut pose art volume 2,resolved,afff41a6-df31-4a9a-aea5-b919d1daff54,PEANUTS WORLDWIDE,astronaut pose art volume 2,16,8,deferred,,,,,insufficient_deterministic_evidence,,,false,true,false,,,49,false,false,false,false
afff41a6-df31-4a9a-aea5-b919d1daff54|astronomy geometry,resolved,afff41a6-df31-4a9a-aea5-b919d1daff54,PEANUTS WORLDWIDE,astronomy geometry,24,8,deferred,,,,,insufficient_deterministic_evidence,,,false,true,false,,,24,false,false,false,false
afff41a6-df31-4a9a-aea5-b919d1daff54|au bord de la mer,resolved,afff41a6-df31-4a9a-aea5-b919d1daff54,PEANUTS WORLDWIDE,au bord de la mer,43,8,deferred,,,,,insufficient_deterministic_evidence,,,false,true,false,,,43,false,false,false,false
afff41a6-df31-4a9a-aea5-b919d1daff54|baseball,resolved,afff41a6-df31-4a9a-aea5-b919d1daff54,PEANUTS WORLDWIDE,baseball,47,8,deferred,,,,,insufficient_deterministic_evidence,,,false,true,false,,,47,false,false,false,false
afff41a6-df31-4a9a-aea5-b919d1daff54|be yourself,resolved,afff41a6-df31-4a9a-aea5-b919d1daff54,PEANUTS WORLDWIDE,be yourself,49,8,deferred,,,,,insufficient_deterministic_evidence,,,false,true,false,,,49,false,false,false,false
afff41a6-df31-4a9a-aea5-b919d1daff54|beach vibes,resolved,afff41a6-df31-4a9a-aea5-b919d1daff54,PEANUTS WORLDWIDE,beach vibes,21,8,deferred,,,,,insufficient_deterministic_evidence,,,false,true,false,,,21,false,false,false,false
afff41a6-df31-4a9a-aea5-b919d1daff54|beagle scouts,resolved,afff41a6-df31-4a9a-aea5-b919d1daff54,PEANUTS WORLDWIDE,beagle scouts,20,8,deferred,,,,,insufficient_deterministic_evidence,,,false,true,false,,,20,false,false,false,false
afff41a6-df31-4a9a-aea5-b919d1daff54|black and white,resolved,afff41a6-df31-4a9a-aea5-b919d1daff54,PEANUTS WORLDWIDE,black and white,19,8,deferred,,,,,insufficient_deterministic_evidence,,,false,true,false,,,19,false,false,false,false
afff41a6-df31-4a9a-aea5-b919d1daff54|boardwalk airbrush,resolved,afff41a6-df31-4a9a-aea5-b919d1daff54,PEANUTS WORLDWIDE,boardwalk airbrush,13,8,deferred,,,,,insufficient_deterministic_evidence,,,false,true,false,,,13,false,false,false,false
afff41a6-df31-4a9a-aea5-b919d1daff54|british invasion,resolved,afff41a6-df31-4a9a-aea5-b919d1daff54,PEANUTS WORLDWIDE,british invasion,30,8,deferred,,,,,insufficient_deterministic_evidence,,,false,true,false,,,30,false,false,false,false
afff41a6-df31-4a9a-aea5-b919d1daff54|brooklyn beach,resolved,afff41a6-df31-4a9a-aea5-b919d1daff54,PEANUTS WORLDWIDE,brooklyn beach,36,8,deferred,,,,,insufficient_deterministic_evidence,,,false,true,false,,,36,false,false,false,false
afff41a6-df31-4a9a-aea5-b919d1daff54|calypso beach,resolved,afff41a6-df31-4a9a-aea5-b919d1daff54,PEANUTS WORLDWIDE,calypso beach,14,8,deferred,,,,,insufficient_deterministic_evidence,,,false,true,false,,,14,false,false,false,false
afff41a6-df31-4a9a-aea5-b919d1daff54|campus fashion,resolved,afff41a6-df31-4a9a-aea5-b919d1daff54,PEANUTS WORLDWIDE,campus fashion,17,8,deferred,,,,,insufficient_deterministic_evidence,,,false,true,false,,,17,false,false,false,false
afff41a6-df31-4a9a-aea5-b919d1daff54|catch a wave,resolved,afff41a6-df31-4a9a-aea5-b919d1daff54,PEANUTS WORLDWIDE,catch a wave,21,8,deferred,,,,,insufficient_deterministic_evidence,,,false,true,false,,,21,false,false,false,false
afff41a6-df31-4a9a-aea5-b919d1daff54|character art,resolved,afff41a6-df31-4a9a-aea5-b919d1daff54,PEANUTS WORLDWIDE,character art,15,8,deferred,,,,,insufficient_deterministic_evidence,,,false,true,false,,,15,false,false,false,false
afff41a6-df31-4a9a-aea5-b919d1daff54|circus,resolved,afff41a6-df31-4a9a-aea5-b919d1daff54,PEANUTS WORLDWIDE,circus,20,8,deferred,,,,,insufficient_deterministic_evidence,,,false,true,false,,,20,false,false,false,false
afff41a6-df31-4a9a-aea5-b919d1daff54|classic comics,resolved,afff41a6-df31-4a9a-aea5-b919d1daff54,PEANUTS WORLDWIDE,classic comics,50,8,deferred,,,,,insufficient_deterministic_evidence,,,false,true,false,,,50,false,false,false,false
afff41a6-df31-4a9a-aea5-b919d1daff54|cozy snoopy,resolved,afff41a6-df31-4a9a-aea5-b919d1daff54,PEANUTS WORLDWIDE,cozy snoopy,14,8,deferred,,,,,insufficient_deterministic_evidence,,,false,true,false,,,14,false,false,false,false
afff41a6-df31-4a9a-aea5-b919d1daff54|cute cuddly gray,resolved,afff41a6-df31-4a9a-aea5-b919d1daff54,PEANUTS WORLDWIDE,cute cuddly gray,14,8,deferred,,,,,insufficient_deterministic_evidence,,,false,true,false,,,14,false,false,false,false
afff41a6-df31-4a9a-aea5-b919d1daff54|day of the dog,resolved,afff41a6-df31-4a9a-aea5-b919d1daff54,PEANUTS WORLDWIDE,day of the dog,17,8,deferred,,,,,insufficient_deterministic_evidence,,,false,true,false,,,17,false,false,false,false
afff41a6-df31-4a9a-aea5-b919d1daff54|deco dreams,resolved,afff41a6-df31-4a9a-aea5-b919d1daff54,PEANUTS WORLDWIDE,deco dreams,22,8,deferred,,,,,insufficient_deterministic_evidence,,,false,true,false,,,22,false,false,false,false
afff41a6-df31-4a9a-aea5-b919d1daff54|deep space,resolved,afff41a6-df31-4a9a-aea5-b919d1daff54,PEANUTS WORLDWIDE,deep space,20,8,deferred,,,,,insufficient_deterministic_evidence,,,false,true,false,,,20,false,false,false,false
afff41a6-df31-4a9a-aea5-b919d1daff54|doodles,resolved,afff41a6-df31-4a9a-aea5-b919d1daff54,PEANUTS WORLDWIDE,doodles,32,8,deferred,,,,,insufficient_deterministic_evidence,,,false,true,false,,,32,false,false,false,false
afff41a6-df31-4a9a-aea5-b919d1daff54|dreams in wonderland,resolved,afff41a6-df31-4a9a-aea5-b919d1daff54,PEANUTS WORLDWIDE,dreams in wonderland,17,8,deferred,,,,,insufficient_deterministic_evidence,,,false,true,false,,,17,false,false,false,false
afff41a6-df31-4a9a-aea5-b919d1daff54|editorial,resolved,afff41a6-df31-4a9a-aea5-b919d1daff54,PEANUTS WORLDWIDE,editorial,1,8,deferred,,,,,insufficient_deterministic_evidence,,,false,true,false,,,2,false,false,false,false
afff41a6-df31-4a9a-aea5-b919d1daff54|flair,resolved,afff41a6-df31-4a9a-aea5-b919d1daff54,PEANUTS WORLDWIDE,flair,113,8,deferred,,,,,insufficient_deterministic_evidence,,,false,true,false,,,113,false,false,false,false
afff41a6-df31-4a9a-aea5-b919d1daff54|graffiti,resolved,afff41a6-df31-4a9a-aea5-b919d1daff54,PEANUTS WORLDWIDE,graffiti,27,8,deferred,,,,,insufficient_deterministic_evidence,,,false,true,false,,,27,false,false,false,false
afff41a6-df31-4a9a-aea5-b919d1daff54|groovy vibes,resolved,afff41a6-df31-4a9a-aea5-b919d1daff54,PEANUTS WORLDWIDE,groovy vibes,17,8,deferred,,,,,insufficient_deterministic_evidence,,,false,true,false,,,17,false,false,false,false
afff41a6-df31-4a9a-aea5-b919d1daff54|half laugh,resolved,afff41a6-df31-4a9a-aea5-b919d1daff54,PEANUTS WORLDWIDE,half laugh,26,8,deferred,,,,,insufficient_deterministic_evidence,,,false,true,false,,,26,false,false,false,false
afff41a6-df31-4a9a-aea5-b919d1daff54|holiday,resolved,afff41a6-df31-4a9a-aea5-b919d1daff54,PEANUTS WORLDWIDE,holiday,598,8,deferred,,,,,insufficient_deterministic_evidence,,,false,true,false,,,626,false,false,false,false
afff41a6-df31-4a9a-aea5-b919d1daff54|i am charlie brown,resolved,afff41a6-df31-4a9a-aea5-b919d1daff54,PEANUTS WORLDWIDE,i am charlie brown,53,8,deferred,,,,,insufficient_deterministic_evidence,,,false,true,false,,,53,false,false,false,false
afff41a6-df31-4a9a-aea5-b919d1daff54|idea box,resolved,afff41a6-df31-4a9a-aea5-b919d1daff54,PEANUTS WORLDWIDE,idea box,123,8,deferred,,,,,insufficient_deterministic_evidence,,,false,true,false,,,123,false,false,false,false
afff41a6-df31-4a9a-aea5-b919d1daff54|illustrating nature,resolved,afff41a6-df31-4a9a-aea5-b919d1daff54,PEANUTS WORLDWIDE,illustrating nature,29,8,deferred,,,,,insufficient_deterministic_evidence,,,false,true,false,,,29,false,false,false,false
afff41a6-df31-4a9a-aea5-b919d1daff54|in bloom,resolved,afff41a6-df31-4a9a-aea5-b919d1daff54,PEANUTS WORLDWIDE,in bloom,12,8,deferred,,,,,insufficient_deterministic_evidence,,,false,true,false,,,12,false,false,false,false
afff41a6-df31-4a9a-aea5-b919d1daff54|joe cool 50 years,resolved,afff41a6-df31-4a9a-aea5-b919d1daff54,PEANUTS WORLDWIDE,joe cool 50 years,18,8,deferred,,,,,insufficient_deterministic_evidence,,,false,true,false,,,18,false,false,false,false
afff41a6-df31-4a9a-aea5-b919d1daff54|jungle adventure,resolved,afff41a6-df31-4a9a-aea5-b919d1daff54,PEANUTS WORLDWIDE,jungle adventure,14,8,deferred,,,,,insufficient_deterministic_evidence,,,false,true,false,,,14,false,false,false,false
afff41a6-df31-4a9a-aea5-b919d1daff54|just add sprinkles,resolved,afff41a6-df31-4a9a-aea5-b919d1daff54,PEANUTS WORLDWIDE,just add sprinkles,18,8,deferred,,,,,insufficient_deterministic_evidence,,,false,true,false,,,18,false,false,false,false
afff41a6-df31-4a9a-aea5-b919d1daff54|little painters,resolved,afff41a6-df31-4a9a-aea5-b919d1daff54,PEANUTS WORLDWIDE,little painters,18,8,deferred,,,,,insufficient_deterministic_evidence,,,false,true,false,,,18,false,false,false,false
afff41a6-df31-4a9a-aea5-b919d1daff54|love is in bloom,resolved,afff41a6-df31-4a9a-aea5-b919d1daff54,PEANUTS WORLDWIDE,love is in bloom,35,8,deferred,,,,,insufficient_deterministic_evidence,,,false,true,false,,,35,false,false,false,false
afff41a6-df31-4a9a-aea5-b919d1daff54|many faces of snoopy beagle scout,resolved,afff41a6-df31-4a9a-aea5-b919d1daff54,PEANUTS WORLDWIDE,many faces of snoopy beagle scout,22,8,deferred,,,,,insufficient_deterministic_evidence,,,false,true,false,,,22,false,false,false,false
afff41a6-df31-4a9a-aea5-b919d1daff54|many faces of snoopy fierce pirate,resolved,afff41a6-df31-4a9a-aea5-b919d1daff54,PEANUTS WORLDWIDE,many faces of snoopy fierce pirate,24,8,deferred,,,,,insufficient_deterministic_evidence,,,false,true,false,,,24,false,false,false,false
afff41a6-df31-4a9a-aea5-b919d1daff54|many faces of snoopy flash beagle,resolved,afff41a6-df31-4a9a-aea5-b919d1daff54,PEANUTS WORLDWIDE,many faces of snoopy flash beagle,23,8,deferred,,,,,insufficient_deterministic_evidence,,,false,true,false,,,23,false,false,false,false
afff41a6-df31-4a9a-aea5-b919d1daff54|many faces of snoopy flying ace,resolved,afff41a6-df31-4a9a-aea5-b919d1daff54,PEANUTS WORLDWIDE,many faces of snoopy flying ace,28,8,deferred,,,,,insufficient_deterministic_evidence,,,false,true,false,,,28,false,false,false,false
afff41a6-df31-4a9a-aea5-b919d1daff54|many faces of snoopy joe cool,resolved,afff41a6-df31-4a9a-aea5-b919d1daff54,PEANUTS WORLDWIDE,many faces of snoopy joe cool,20,8,deferred,,,,,insufficient_deterministic_evidence,,,false,true,false,,,20,false,false,false,false
afff41a6-df31-4a9a-aea5-b919d1daff54|many faces of snoopy joe preppy,resolved,afff41a6-df31-4a9a-aea5-b919d1daff54,PEANUTS WORLDWIDE,many faces of snoopy joe preppy,27,8,deferred,,,,,insufficient_deterministic_evidence,,,false,true,false,,,27,false,false,false,false
afff41a6-df31-4a9a-aea5-b919d1daff54|many faces of snoopy masked marvel,resolved,afff41a6-df31-4a9a-aea5-b919d1daff54,PEANUTS WORLDWIDE,many faces of snoopy masked marvel,20,8,deferred,,,,,insufficient_deterministic_evidence,,,false,true,false,,,20,false,false,false,false
afff41a6-df31-4a9a-aea5-b919d1daff54|many faces of snoopy secret agent,resolved,afff41a6-df31-4a9a-aea5-b919d1daff54,PEANUTS WORLDWIDE,many faces of snoopy secret agent,19,8,deferred,,,,,insufficient_deterministic_evidence,,,false,true,false,,,19,false,false,false,false
afff41a6-df31-4a9a-aea5-b919d1daff54|mod for you,resolved,afff41a6-df31-4a9a-aea5-b919d1daff54,PEANUTS WORLDWIDE,mod for you,23,8,deferred,,,,,insufficient_deterministic_evidence,,,false,true,false,,,23,false,false,false,false
afff41a6-df31-4a9a-aea5-b919d1daff54|naturally sweet,resolved,afff41a6-df31-4a9a-aea5-b919d1daff54,PEANUTS WORLDWIDE,naturally sweet,17,8,deferred,,,,,insufficient_deterministic_evidence,,,false,true,false,,,17,false,false,false,false
afff41a6-df31-4a9a-aea5-b919d1daff54|nautical,resolved,afff41a6-df31-4a9a-aea5-b919d1daff54,PEANUTS WORLDWIDE,nautical,18,8,deferred,,,,,insufficient_deterministic_evidence,,,false,true,false,,,18,false,false,false,false
afff41a6-df31-4a9a-aea5-b919d1daff54|nautical snoopy,resolved,afff41a6-df31-4a9a-aea5-b919d1daff54,PEANUTS WORLDWIDE,nautical snoopy,26,8,deferred,,,,,insufficient_deterministic_evidence,,,false,true,false,,,26,false,false,false,false
afff41a6-df31-4a9a-aea5-b919d1daff54|neon static,resolved,afff41a6-df31-4a9a-aea5-b919d1daff54,PEANUTS WORLDWIDE,neon static,34,8,deferred,,,,,insufficient_deterministic_evidence,,,false,true,false,,,34,false,false,false,false
afff41a6-df31-4a9a-aea5-b919d1daff54|nestled in the mountains,resolved,afff41a6-df31-4a9a-aea5-b919d1daff54,PEANUTS WORLDWIDE,nestled in the mountains,20,8,deferred,,,,,insufficient_deterministic_evidence,,,false,true,false,,,20,false,false,false,false
afff41a6-df31-4a9a-aea5-b919d1daff54|new formations,resolved,afff41a6-df31-4a9a-aea5-b919d1daff54,PEANUTS WORLDWIDE,new formations,19,8,deferred,,,,,insufficient_deterministic_evidence,,,false,true,false,,,19,false,false,false,false
afff41a6-df31-4a9a-aea5-b919d1daff54|ok to be,resolved,afff41a6-df31-4a9a-aea5-b919d1daff54,PEANUTS WORLDWIDE,ok to be,8,8,deferred,,,,,insufficient_deterministic_evidence,,,false,true,false,,,8,false,false,false,false
afff41a6-df31-4a9a-aea5-b919d1daff54|out west,resolved,afff41a6-df31-4a9a-aea5-b919d1daff54,PEANUTS WORLDWIDE,out west,18,8,deferred,,,,,insufficient_deterministic_evidence,,,false,true,false,,,18,false,false,false,false
afff41a6-df31-4a9a-aea5-b919d1daff54|outdoor fun,resolved,afff41a6-df31-4a9a-aea5-b919d1daff54,PEANUTS WORLDWIDE,outdoor fun,14,8,deferred,,,,,insufficient_deterministic_evidence,,,false,true,false,,,14,false,false,false,false
afff41a6-df31-4a9a-aea5-b919d1daff54|packaging,resolved,afff41a6-df31-4a9a-aea5-b919d1daff54,PEANUTS WORLDWIDE,packaging,39,8,deferred,,,,,insufficient_deterministic_evidence,,,false,true,false,,,77,false,false,false,false
afff41a6-df31-4a9a-aea5-b919d1daff54|party animal,resolved,afff41a6-df31-4a9a-aea5-b919d1daff54,PEANUTS WORLDWIDE,party animal,2,8,deferred,,,,,insufficient_deterministic_evidence,,,false,true,false,,,2,false,false,false,false
afff41a6-df31-4a9a-aea5-b919d1daff54|peanuts records,resolved,afff41a6-df31-4a9a-aea5-b919d1daff54,PEANUTS WORLDWIDE,peanuts records,17,8,deferred,,,,,single_similarity_hint_is_not_deterministic_evidence,,,false,true,false,,,34,false,false,false,false
afff41a6-df31-4a9a-aea5-b919d1daff54|pink rebelion,resolved,afff41a6-df31-4a9a-aea5-b919d1daff54,PEANUTS WORLDWIDE,pink rebelion,20,8,deferred,,,,,insufficient_deterministic_evidence,,,false,true,false,,,20,false,false,false,false
afff41a6-df31-4a9a-aea5-b919d1daff54|play dream giggle,resolved,afff41a6-df31-4a9a-aea5-b919d1daff54,PEANUTS WORLDWIDE,play dream giggle,25,8,deferred,,,,,insufficient_deterministic_evidence,,,false,true,false,,,25,false,false,false,false
afff41a6-df31-4a9a-aea5-b919d1daff54|playtime,resolved,afff41a6-df31-4a9a-aea5-b919d1daff54,PEANUTS WORLDWIDE,playtime,42,8,deferred,,,,,insufficient_deterministic_evidence,,,false,true,false,,,42,false,false,false,false
afff41a6-df31-4a9a-aea5-b919d1daff54|playtime naptime,resolved,afff41a6-df31-4a9a-aea5-b919d1daff54,PEANUTS WORLDWIDE,playtime naptime,35,8,deferred,,,,,insufficient_deterministic_evidence,,,false,true,false,,,35,false,false,false,false
afff41a6-df31-4a9a-aea5-b919d1daff54|posh sports,resolved,afff41a6-df31-4a9a-aea5-b919d1daff54,PEANUTS WORLDWIDE,posh sports,29,8,deferred,,,,,insufficient_deterministic_evidence,,,false,true,false,,,29,false,false,false,false
afff41a6-df31-4a9a-aea5-b919d1daff54|progressive sequence,resolved,afff41a6-df31-4a9a-aea5-b919d1daff54,PEANUTS WORLDWIDE,progressive sequence,30,8,deferred,,,,,insufficient_deterministic_evidence,,,false,true,false,,,30,false,false,false,false
afff41a6-df31-4a9a-aea5-b919d1daff54|psychedelic pop,resolved,afff41a6-df31-4a9a-aea5-b919d1daff54,PEANUTS WORLDWIDE,psychedelic pop,4,8,deferred,,,,,insufficient_deterministic_evidence,,,false,true,false,,,4,false,false,false,false
afff41a6-df31-4a9a-aea5-b919d1daff54|rainbow riot,resolved,afff41a6-df31-4a9a-aea5-b919d1daff54,PEANUTS WORLDWIDE,rainbow riot,41,8,deferred,,,,,insufficient_deterministic_evidence,,,false,true,false,,,41,false,false,false,false
afff41a6-df31-4a9a-aea5-b919d1daff54|rebel with paws,resolved,afff41a6-df31-4a9a-aea5-b919d1daff54,PEANUTS WORLDWIDE,rebel with paws,34,8,deferred,,,,,insufficient_deterministic_evidence,,,false,true,false,,,34,false,false,false,false
afff41a6-df31-4a9a-aea5-b919d1daff54|repetition distortion,resolved,afff41a6-df31-4a9a-aea5-b919d1daff54,PEANUTS WORLDWIDE,repetition distortion,28,8,deferred,,,,,insufficient_deterministic_evidence,,,false,true,false,,,28,false,false,false,false
afff41a6-df31-4a9a-aea5-b919d1daff54|road trip,resolved,afff41a6-df31-4a9a-aea5-b919d1daff54,PEANUTS WORLDWIDE,road trip,35,8,deferred,,,,,insufficient_deterministic_evidence,,,false,true,false,,,35,false,false,false,false
afff41a6-df31-4a9a-aea5-b919d1daff54|road trippin style guide,resolved,afff41a6-df31-4a9a-aea5-b919d1daff54,PEANUTS WORLDWIDE,road trippin style guide,9,5,non_property,,,,,psg1_structural_folder_pattern_candidate,,,false,true,false,,,9,false,false,false,false
afff41a6-df31-4a9a-aea5-b919d1daff54|rock on,resolved,afff41a6-df31-4a9a-aea5-b919d1daff54,PEANUTS WORLDWIDE,rock on,34,8,deferred,,,,,insufficient_deterministic_evidence,,,false,true,false,,,34,false,false,false,false
afff41a6-df31-4a9a-aea5-b919d1daff54|rock tees,resolved,afff41a6-df31-4a9a-aea5-b919d1daff54,PEANUTS WORLDWIDE,rock tees,30,8,deferred,,,,,insufficient_deterministic_evidence,,,false,true,false,,,30,false,false,false,false
afff41a6-df31-4a9a-aea5-b919d1daff54|rock the fest style guide,resolved,afff41a6-df31-4a9a-aea5-b919d1daff54,PEANUTS WORLDWIDE,rock the fest style guide,11,5,non_property,,,,,psg1_structural_folder_pattern_candidate,,,false,true,false,,,11,false,false,false,false
afff41a6-df31-4a9a-aea5-b919d1daff54|romantical,resolved,afff41a6-df31-4a9a-aea5-b919d1daff54,PEANUTS WORLDWIDE,romantical,16,8,deferred,,,,,insufficient_deterministic_evidence,,,false,true,false,,,16,false,false,false,false
afff41a6-df31-4a9a-aea5-b919d1daff54|smile giggle laugh,resolved,afff41a6-df31-4a9a-aea5-b919d1daff54,PEANUTS WORLDWIDE,smile giggle laugh,15,8,deferred,,,,,insufficient_deterministic_evidence,,,false,true,false,,,15,false,false,false,false
afff41a6-df31-4a9a-aea5-b919d1daff54|snoopy mustachios,resolved,afff41a6-df31-4a9a-aea5-b919d1daff54,PEANUTS WORLDWIDE,snoopy mustachios,20,8,deferred,,,,,insufficient_deterministic_evidence,,,false,true,false,,,20,false,false,false,false
afff41a6-df31-4a9a-aea5-b919d1daff54|space cowboy,resolved,afff41a6-df31-4a9a-aea5-b919d1daff54,PEANUTS WORLDWIDE,space cowboy,16,8,deferred,,,,,insufficient_deterministic_evidence,,,false,true,false,,,16,false,false,false,false
afff41a6-df31-4a9a-aea5-b919d1daff54|space traveler,resolved,afff41a6-df31-4a9a-aea5-b919d1daff54,PEANUTS WORLDWIDE,space traveler,39,8,deferred,,,,,insufficient_deterministic_evidence,,,false,true,false,,,39,false,false,false,false
afff41a6-df31-4a9a-aea5-b919d1daff54|text montage,resolved,afff41a6-df31-4a9a-aea5-b919d1daff54,PEANUTS WORLDWIDE,text montage,24,8,deferred,,,,,insufficient_deterministic_evidence,,,false,true,false,,,24,false,false,false,false
afff41a6-df31-4a9a-aea5-b919d1daff54|the great outdoors,resolved,afff41a6-df31-4a9a-aea5-b919d1daff54,PEANUTS WORLDWIDE,the great outdoors,23,8,deferred,,,,,insufficient_deterministic_evidence,,,false,true,false,,,23,false,false,false,false
afff41a6-df31-4a9a-aea5-b919d1daff54|tokyo time,resolved,afff41a6-df31-4a9a-aea5-b919d1daff54,PEANUTS WORLDWIDE,tokyo time,37,8,deferred,,,,,insufficient_deterministic_evidence,,,false,true,false,,,37,false,false,false,false
afff41a6-df31-4a9a-aea5-b919d1daff54|tv specials,resolved,afff41a6-df31-4a9a-aea5-b919d1daff54,PEANUTS WORLDWIDE,tv specials,246,8,deferred,,,,,insufficient_deterministic_evidence,,,false,true,false,,,246,false,false,false,false
afff41a6-df31-4a9a-aea5-b919d1daff54|woodstock 50th,resolved,afff41a6-df31-4a9a-aea5-b919d1daff54,PEANUTS WORLDWIDE,woodstock 50th,20,8,deferred,,,,,insufficient_deterministic_evidence,,,false,true,false,,,20,false,false,false,false
c345beff-5ed3-4f2f-b952-4b6db245c37c|bronco,resolved,c345beff-5ed3-4f2f-b952-4b6db245c37c,Ford,bronco,7,8,deferred,,,,,insufficient_deterministic_evidence,,,false,true,false,,,0,false,false,false,false
c345beff-5ed3-4f2f-b952-4b6db245c37c|files for panama mat doormat coir set,resolved,c345beff-5ed3-4f2f-b952-4b6db245c37c,Ford,files for panama mat doormat coir set,5,8,deferred,,,,,insufficient_deterministic_evidence,,,false,true,false,,,0,false,false,false,false
c345beff-5ed3-4f2f-b952-4b6db245c37c|files for wall art hl group 27,resolved,c345beff-5ed3-4f2f-b952-4b6db245c37c,Ford,files for wall art hl group 27,2,8,deferred,,,,,insufficient_deterministic_evidence,,,false,true,false,,,0,false,false,false,false
c345beff-5ed3-4f2f-b952-4b6db245c37c|ford,resolved,c345beff-5ed3-4f2f-b952-4b6db245c37c,Ford,ford,5,8,deferred,,,,,insufficient_deterministic_evidence,,,false,true,false,,,0,false,false,false,false
c345beff-5ed3-4f2f-b952-4b6db245c37c|mustang,resolved,c345beff-5ed3-4f2f-b952-4b6db245c37c,Ford,mustang,3,8,deferred,,,,,insufficient_deterministic_evidence,,,false,true,false,,,0,false,false,false,false
c70e095c-2baf-404e-a2a3-c198a259a3e6|[blank],resolved,c70e095c-2baf-404e-a2a3-c198a259a3e6,COCA COLA,,12,5,non_property,,,,,blank_property_observation,,,false,true,false,,,0,false,false,false,false
c70e095c-2baf-404e-a2a3-c198a259a3e6|26 ss coca cola resort,resolved,c70e095c-2baf-404e-a2a3-c198a259a3e6,COCA COLA,26 ss coca cola resort,4,8,ambiguous,,,,,multiple_same_parent_or_phase5_review_candidates,,,false,true,false,,,0,false,false,false,false
c70e095c-2baf-404e-a2a3-c198a259a3e6|27 ss seasonal broadcast,resolved,c70e095c-2baf-404e-a2a3-c198a259a3e6,COCA COLA,27 ss seasonal broadcast,9,8,deferred,,,,,insufficient_deterministic_evidence,,,false,true,false,,,0,false,false,false,false
c70e095c-2baf-404e-a2a3-c198a259a3e6|3 d turns,resolved,c70e095c-2baf-404e-a2a3-c198a259a3e6,COCA COLA,3 d turns,6,8,deferred,,,,,insufficient_deterministic_evidence,,,false,true,false,,,1,false,false,false,false
c70e095c-2baf-404e-a2a3-c198a259a3e6|americana,resolved,c70e095c-2baf-404e-a2a3-c198a259a3e6,COCA COLA,americana,2,8,deferred,,,,,insufficient_deterministic_evidence,,,false,true,false,,,0,false,false,false,false
c70e095c-2baf-404e-a2a3-c198a259a3e6|athletic club,resolved,c70e095c-2baf-404e-a2a3-c198a259a3e6,COCA COLA,athletic club,2,8,deferred,,,,,insufficient_deterministic_evidence,,,false,true,false,,,0,false,false,false,false
c70e095c-2baf-404e-a2a3-c198a259a3e6|cherry coke,resolved,c70e095c-2baf-404e-a2a3-c198a259a3e6,COCA COLA,cherry coke,2,8,ambiguous,,,,,multiple_same_parent_or_phase5_review_candidates,,,false,true,false,,,3,false,false,false,false
c70e095c-2baf-404e-a2a3-c198a259a3e6|christmas,resolved,c70e095c-2baf-404e-a2a3-c198a259a3e6,COCA COLA,christmas,3,8,deferred,,,,,insufficient_deterministic_evidence,,,false,true,false,,,0,false,false,false,false
c70e095c-2baf-404e-a2a3-c198a259a3e6|coca cola packaging one sheet 2023 update folder,resolved,c70e095c-2baf-404e-a2a3-c198a259a3e6,COCA COLA,coca cola packaging one sheet 2023 update folder,9,5,non_property,,,,,psg1_structural_folder_pattern_candidate,,,false,true,false,,,0,false,false,false,false
c70e095c-2baf-404e-a2a3-c198a259a3e6|design immersion video please watch,resolved,c70e095c-2baf-404e-a2a3-c198a259a3e6,COCA COLA,design immersion video please watch,1,8,deferred,,,,,insufficient_deterministic_evidence,,,false,true,false,,,1,false,false,false,false
c70e095c-2baf-404e-a2a3-c198a259a3e6|diet coke,resolved,c70e095c-2baf-404e-a2a3-c198a259a3e6,COCA COLA,diet coke,8,1,exact_existing,f8d43f7d-3e49-402e-8fa4-09638bd56c69,CDC,DIET COKE,c70e095c-2baf-404e-a2a3-c198a259a3e6,exact_normalized_canonical_name_under_resolved_licensor,,,true,true,false,,,20,false,false,false,false
c70e095c-2baf-404e-a2a3-c198a259a3e6|football fanatic,resolved,c70e095c-2baf-404e-a2a3-c198a259a3e6,COCA COLA,football fanatic,2,8,deferred,,,,,insufficient_deterministic_evidence,,,false,true,false,,,0,false,false,false,false
c70e095c-2baf-404e-a2a3-c198a259a3e6|graffiti refresh,resolved,c70e095c-2baf-404e-a2a3-c198a259a3e6,COCA COLA,graffiti refresh,5,8,deferred,,,,,insufficient_deterministic_evidence,,,false,true,false,,,0,false,false,false,false
c70e095c-2baf-404e-a2a3-c198a259a3e6|graphics legacy evergreen icons,resolved,c70e095c-2baf-404e-a2a3-c198a259a3e6,COCA COLA,graphics legacy evergreen icons,21,8,deferred,,,,,insufficient_deterministic_evidence,,,false,true,false,,,0,false,false,false,false
c70e095c-2baf-404e-a2a3-c198a259a3e6|graphics polar bear ad art,resolved,c70e095c-2baf-404e-a2a3-c198a259a3e6,COCA COLA,graphics polar bear ad art,12,8,deferred,,,,,insufficient_deterministic_evidence,,,false,true,false,,,0,false,false,false,false
c70e095c-2baf-404e-a2a3-c198a259a3e6|graphics varsity style guide,resolved,c70e095c-2baf-404e-a2a3-c198a259a3e6,COCA COLA,graphics varsity style guide,20,5,non_property,,,,,psg1_structural_folder_pattern_candidate,,,false,true,false,,,0,false,false,false,false
c70e095c-2baf-404e-a2a3-c198a259a3e6|holiday caravan,resolved,c70e095c-2baf-404e-a2a3-c198a259a3e6,COCA COLA,holiday caravan,3,8,deferred,,,,,insufficient_deterministic_evidence,,,false,true,false,,,0,false,false,false,false
c70e095c-2baf-404e-a2a3-c198a259a3e6|holiday gift tag,resolved,c70e095c-2baf-404e-a2a3-c198a259a3e6,COCA COLA,holiday gift tag,3,8,deferred,,,,,insufficient_deterministic_evidence,,,false,true,false,,,0,false,false,false,false
c70e095c-2baf-404e-a2a3-c198a259a3e6|holiday joy ornament,resolved,c70e095c-2baf-404e-a2a3-c198a259a3e6,COCA COLA,holiday joy ornament,3,8,deferred,,,,,insufficient_deterministic_evidence,,,false,true,false,,,0,false,false,false,false
c70e095c-2baf-404e-a2a3-c198a259a3e6|legacy imagery all channels,resolved,c70e095c-2baf-404e-a2a3-c198a259a3e6,COCA COLA,legacy imagery all channels,205,8,deferred,,,,,insufficient_deterministic_evidence,,,false,true,false,,,23,false,false,false,false
c70e095c-2baf-404e-a2a3-c198a259a3e6|mid tier channels seasonal broadcast ss22 the pause that refreshes new prep sport utility optimistic escape,resolved,c70e095c-2baf-404e-a2a3-c198a259a3e6,COCA COLA,mid tier channels seasonal broadcast ss22 the pause that refreshes new prep sport utility optimistic escape,8,8,deferred,,,,,insufficient_deterministic_evidence,,,false,true,false,,,0,false,false,false,false
c70e095c-2baf-404e-a2a3-c198a259a3e6|new nostalgia mass,resolved,c70e095c-2baf-404e-a2a3-c198a259a3e6,COCA COLA,new nostalgia mass,1,8,deferred,,,,,insufficient_deterministic_evidence,,,false,true,false,,,0,false,false,false,false
c70e095c-2baf-404e-a2a3-c198a259a3e6|polar bear line art,resolved,c70e095c-2baf-404e-a2a3-c198a259a3e6,COCA COLA,polar bear line art,2,8,deferred,,,,,insufficient_deterministic_evidence,,,false,true,false,,,0,false,false,false,false
c70e095c-2baf-404e-a2a3-c198a259a3e6|red white heritage 2 0,resolved,c70e095c-2baf-404e-a2a3-c198a259a3e6,COCA COLA,red white heritage 2 0,11,8,deferred,,,,,insufficient_deterministic_evidence,,,false,true,false,,,0,false,false,false,false
c70e095c-2baf-404e-a2a3-c198a259a3e6|santa hi res 1,resolved,c70e095c-2baf-404e-a2a3-c198a259a3e6,COCA COLA,santa hi res 1,19,8,deferred,,,,,insufficient_deterministic_evidence,,,false,true,false,,,0,false,false,false,false
c70e095c-2baf-404e-a2a3-c198a259a3e6|santa hi res 2,resolved,c70e095c-2baf-404e-a2a3-c198a259a3e6,COCA COLA,santa hi res 2,20,8,deferred,,,,,insufficient_deterministic_evidence,,,false,true,false,,,0,false,false,false,false
c70e095c-2baf-404e-a2a3-c198a259a3e6|seasonal broadcast fw21 22 highway to anywhere perfect harmony mid,resolved,c70e095c-2baf-404e-a2a3-c198a259a3e6,COCA COLA,seasonal broadcast fw21 22 highway to anywhere perfect harmony mid,2,8,deferred,,,,,insufficient_deterministic_evidence,,,false,true,false,,,0,false,false,false,false
c70e095c-2baf-404e-a2a3-c198a259a3e6|seasonal broadcast ss21 highway to anywhere route 66 urban nomads perfect harmony mass,resolved,c70e095c-2baf-404e-a2a3-c198a259a3e6,COCA COLA,seasonal broadcast ss21 highway to anywhere route 66 urban nomads perfect harmony mass,7,8,deferred,,,,,insufficient_deterministic_evidence,,,false,true,false,,,0,false,false,false,false
c70e095c-2baf-404e-a2a3-c198a259a3e6|sportcore,resolved,c70e095c-2baf-404e-a2a3-c198a259a3e6,COCA COLA,sportcore,2,8,deferred,,,,,insufficient_deterministic_evidence,,,false,true,false,,,0,false,false,false,false
c70e095c-2baf-404e-a2a3-c198a259a3e6|style guide pdfs,resolved,c70e095c-2baf-404e-a2a3-c198a259a3e6,COCA COLA,style guide pdfs,24,5,non_property,,,,,psg1_structural_folder_pattern_candidate,,,false,true,false,,,2,false,false,false,false
dd9d7be2-6f77-4183-8e41-3e57a7a20f8b|[blank],resolved,dd9d7be2-6f77-4183-8e41-3e57a7a20f8b,NASA,,98,5,non_property,,,,,blank_property_observation,,,false,true,false,,,0,false,false,false,false
dd9d7be2-6f77-4183-8e41-3e57a7a20f8b|apollo 11,resolved,dd9d7be2-6f77-4183-8e41-3e57a7a20f8b,NASA,apollo 11,10,8,deferred,,,,,insufficient_deterministic_evidence,,,false,true,false,,,0,false,false,false,false
dd9d7be2-6f77-4183-8e41-3e57a7a20f8b|apollo 12,resolved,dd9d7be2-6f77-4183-8e41-3e57a7a20f8b,NASA,apollo 12,5,8,deferred,,,,,insufficient_deterministic_evidence,,,false,true,false,,,0,false,false,false,false
dd9d7be2-6f77-4183-8e41-3e57a7a20f8b|apollo 14,resolved,dd9d7be2-6f77-4183-8e41-3e57a7a20f8b,NASA,apollo 14,3,8,deferred,,,,,insufficient_deterministic_evidence,,,false,true,false,,,0,false,false,false,false
dd9d7be2-6f77-4183-8e41-3e57a7a20f8b|apollo 15,resolved,dd9d7be2-6f77-4183-8e41-3e57a7a20f8b,NASA,apollo 15,4,8,deferred,,,,,insufficient_deterministic_evidence,,,false,true,false,,,0,false,false,false,false
dd9d7be2-6f77-4183-8e41-3e57a7a20f8b|apollo 17,resolved,dd9d7be2-6f77-4183-8e41-3e57a7a20f8b,NASA,apollo 17,8,8,deferred,,,,,insufficient_deterministic_evidence,,,false,true,false,,,0,false,false,false,false
dd9d7be2-6f77-4183-8e41-3e57a7a20f8b|apollo 4,resolved,dd9d7be2-6f77-4183-8e41-3e57a7a20f8b,NASA,apollo 4,1,8,deferred,,,,,insufficient_deterministic_evidence,,,false,true,false,,,0,false,false,false,false
dd9d7be2-6f77-4183-8e41-3e57a7a20f8b|james webb,resolved,dd9d7be2-6f77-4183-8e41-3e57a7a20f8b,NASA,james webb,21,8,deferred,,,,,insufficient_deterministic_evidence,,,false,true,false,,,0,false,false,false,false
dd9d7be2-6f77-4183-8e41-3e57a7a20f8b|logos,resolved,dd9d7be2-6f77-4183-8e41-3e57a7a20f8b,NASA,logos,2,8,deferred,,,,,insufficient_deterministic_evidence,,,false,true,false,,,0,false,false,false,false
dd9d7be2-6f77-4183-8e41-3e57a7a20f8b|style guide pdf,resolved,dd9d7be2-6f77-4183-8e41-3e57a7a20f8b,NASA,style guide pdf,1,5,non_property,,,,,psg1_structural_folder_pattern_candidate,,,false,true,false,,,0,false,false,false,false
e5f1686c-700c-42f6-bbc6-98aaa9ce1634|sega,resolved,e5f1686c-700c-42f6-bbc6-98aaa9ce1634,SEGA,sega,104,1,exact_existing,30414503-8d60-4bd9-bf40-80378d2f518d,GA,SEGA,e5f1686c-700c-42f6-bbc6-98aaa9ce1634,exact_normalized_canonical_name_under_resolved_licensor,,,true,true,false,,,0,false,false,false,false
e5f1686c-700c-42f6-bbc6-98aaa9ce1634|sonic,resolved,e5f1686c-700c-42f6-bbc6-98aaa9ce1634,SEGA,sonic,2686,8,ambiguous,,,,,multiple_same_parent_or_phase5_review_candidates,,,false,true,false,,,34,false,false,false,false
e90c3124-e66d-404f-b777-0dae9a5ee4f3|[blank],resolved,e90c3124-e66d-404f-b777-0dae9a5ee4f3,AARDMAN ANIMATIONS,,1,5,non_property,,,,,blank_property_observation,,,false,true,false,,,0,false,false,false,false
e90c3124-e66d-404f-b777-0dae9a5ee4f3|shaun the sheep,resolved,e90c3124-e66d-404f-b777-0dae9a5ee4f3,AARDMAN ANIMATIONS,shaun the sheep,2657,1,exact_existing,5fa35966-05b3-4096-8098-86651031e9de,SSE,SHAUN THE SHEEP,e90c3124-e66d-404f-b777-0dae9a5ee4f3,exact_normalized_canonical_name_under_resolved_licensor,,,true,true,false,,,2705,false,false,false,false
e90c3124-e66d-404f-b777-0dae9a5ee4f3|wallace and gromit,resolved,e90c3124-e66d-404f-b777-0dae9a5ee4f3,AARDMAN ANIMATIONS,wallace and gromit,1427,8,deferred,,,,,single_similarity_hint_is_not_deterministic_evidence,,,false,true,false,,,4,false,false,false,false
f143c083-2dfd-48b9-ac9b-43d2290a4e4c|2025 ss marvel creative rollout,resolved,f143c083-2dfd-48b9-ac9b-43d2290a4e4c,MARVEL,2025 ss marvel creative rollout,2,8,ambiguous,,,,,multiple_same_parent_or_phase5_review_candidates,,,false,true,false,,,0,false,false,false,false
f143c083-2dfd-48b9-ac9b-43d2290a4e4c|avengers,resolved,f143c083-2dfd-48b9-ac9b-43d2290a4e4c,MARVEL,avengers,1381,8,deferred,,,,,single_similarity_hint_is_not_deterministic_evidence,,,false,true,false,,,0,false,false,false,false
f143c083-2dfd-48b9-ac9b-43d2290a4e4c|disney shows,resolved,f143c083-2dfd-48b9-ac9b-43d2290a4e4c,MARVEL,disney shows,260,8,deferred,,,,,insufficient_deterministic_evidence,,,false,true,false,,,218,false,false,false,false
f143c083-2dfd-48b9-ac9b-43d2290a4e4c|holiday,resolved,f143c083-2dfd-48b9-ac9b-43d2290a4e4c,MARVEL,holiday,544,8,deferred,,,,,insufficient_deterministic_evidence,,,false,true,false,,,93,false,false,false,false
f143c083-2dfd-48b9-ac9b-43d2290a4e4c|marvel universe publishing art archive,resolved,f143c083-2dfd-48b9-ac9b-43d2290a4e4c,MARVEL,marvel universe publishing art archive,2048,5,non_property,,,,,psg1_structural_folder_pattern_candidate,,,false,true,false,,,721,false,false,false,false
f143c083-2dfd-48b9-ac9b-43d2290a4e4c|spider man,resolved,f143c083-2dfd-48b9-ac9b-43d2290a4e4c,MARVEL,spider man,1233,1,exact_existing,b8f98eb8-4d09-41f0-bc64-67cd8726f19a,SP,SPIDER MAN,f143c083-2dfd-48b9-ac9b-43d2290a4e4c,exact_normalized_canonical_name_under_resolved_licensor,,,true,true,false,,,1437,false,false,false,false
f143c083-2dfd-48b9-ac9b-43d2290a4e4c|ss 25 marvel brand logo update,resolved,f143c083-2dfd-48b9-ac9b-43d2290a4e4c,MARVEL,ss 25 marvel brand logo update,37,8,ambiguous,,,,,multiple_same_parent_or_phase5_review_candidates,,,false,true,false,,,0,false,false,false,false
f143c083-2dfd-48b9-ac9b-43d2290a4e4c|style guide case by case,resolved,f143c083-2dfd-48b9-ac9b-43d2290a4e4c,MARVEL,style guide case by case,1014,5,non_property,,,,,psg1_structural_folder_pattern_candidate,,,false,true,false,,,9,false,false,false,false
f143c083-2dfd-48b9-ac9b-43d2290a4e4c|style guide evergreen priorities,resolved,f143c083-2dfd-48b9-ac9b-43d2290a4e4c,MARVEL,style guide evergreen priorities,2015,5,non_property,,,,,psg1_structural_folder_pattern_candidate,,,false,true,false,,,1386,false,false,false,false
f143c083-2dfd-48b9-ac9b-43d2290a4e4c|style guide opportunity,resolved,f143c083-2dfd-48b9-ac9b-43d2290a4e4c,MARVEL,style guide opportunity,5327,5,non_property,,,,,psg1_structural_folder_pattern_candidate,,,false,true,false,,,3091,false,false,false,false
f143c083-2dfd-48b9-ac9b-43d2290a4e4c|theatrical releases,resolved,f143c083-2dfd-48b9-ac9b-43d2290a4e4c,MARVEL,theatrical releases,775,8,deferred,,,,,insufficient_deterministic_evidence,,,false,true,false,,,519,false,false,false,false
f39fe07e-e438-46b2-9e17-fb711358e790|[blank],resolved,f39fe07e-e438-46b2-9e17-fb711358e790,TOEI - ONE PIECE,,6,5,non_property,,,,,blank_property_observation,,,false,true,false,,,0,false,false,false,false
f39fe07e-e438-46b2-9e17-fb711358e790|copyright,resolved,f39fe07e-e438-46b2-9e17-fb711358e790,TOEI - ONE PIECE,copyright,1,8,deferred,,,,,insufficient_deterministic_evidence,,,false,true,false,,,0,false,false,false,false
f39fe07e-e438-46b2-9e17-fb711358e790|logo,resolved,f39fe07e-e438-46b2-9e17-fb711358e790,TOEI - ONE PIECE,logo,6,8,deferred,,,,,insufficient_deterministic_evidence,,,false,true,false,,,0,false,false,false,false
f39fe07e-e438-46b2-9e17-fb711358e790|style guide,resolved,f39fe07e-e438-46b2-9e17-fb711358e790,TOEI - ONE PIECE,style guide,8370,5,non_property,,,,,psg1_structural_folder_pattern_candidate,,,false,true,false,,,2471,false,false,false,false
licensor_unresolved|seafile ignore txt|[blank],licensor_unresolved,,,,1,0,licensor_unresolved,,,,,parent_licensor_unresolved,,,true,true,false,,,0,false,false,false,false
