observation_key,resolved_licensor_id,resolved_licensor_name,normalized_observed_value,candidate_property_id,candidate_property_name,candidate_property_code,candidate_property_status,match_type,shared_token_score,automatic_mapping_allowed,coldlion_exact_evidence,designflow_exact_evidence
14f2902d-42de-4820-83c5-e4f359a6e0d6|ev star wars classics guide product development portfolio,14f2902d-42de-4820-83c5-e4f359a6e0d6,STAR WARS,ev star wars classics guide product development portfolio,02de0fab-dd7e-4082-ac99-659c46c77296,STAR WARS DROIDS GROUP,SD,active,shared_token_review_evidence,0.285714,false,false,false
14f2902d-42de-4820-83c5-e4f359a6e0d6|ev star wars classics guide product development portfolio,14f2902d-42de-4820-83c5-e4f359a6e0d6,STAR WARS,ev star wars classics guide product development portfolio,9243cc30-1292-46a8-a331-6a2a719bf65e,STAR WARS GROUP,SW,active,shared_token_review_evidence,0.285714,false,false,false
14f2902d-42de-4820-83c5-e4f359a6e0d6|ev star wars classics guide product development portfolio,14f2902d-42de-4820-83c5-e4f359a6e0d6,STAR WARS,ev star wars classics guide product development portfolio,d8cc13f9-0d06-4a21-a789-88015d5ec15a,STAR WARS VEHICLES GROUP,SV,active,shared_token_review_evidence,0.285714,false,false,false
14f2902d-42de-4820-83c5-e4f359a6e0d6|ev star wars classics guide product development portfolio,14f2902d-42de-4820-83c5-e4f359a6e0d6,STAR WARS,ev star wars classics guide product development portfolio,1744fc41-cbc6-46ab-83f2-17c6c269548c,DEATH STAR,DS,active,shared_token_review_evidence,0.142857,false,false,false
14f2902d-42de-4820-83c5-e4f359a6e0d6|ev star wars comic book cover style guide,14f2902d-42de-4820-83c5-e4f359a6e0d6,STAR WARS,ev star wars comic book cover style guide,02de0fab-dd7e-4082-ac99-659c46c77296,STAR WARS DROIDS GROUP,SD,active,shared_token_review_evidence,0.285714,false,false,false
14f2902d-42de-4820-83c5-e4f359a6e0d6|ev star wars comic book cover style guide,14f2902d-42de-4820-83c5-e4f359a6e0d6,STAR WARS,ev star wars comic book cover style guide,9243cc30-1292-46a8-a331-6a2a719bf65e,STAR WARS GROUP,SW,active,shared_token_review_evidence,0.285714,false,false,false
14f2902d-42de-4820-83c5-e4f359a6e0d6|ev star wars comic book cover style guide,14f2902d-42de-4820-83c5-e4f359a6e0d6,STAR WARS,ev star wars comic book cover style guide,d8cc13f9-0d06-4a21-a789-88015d5ec15a,STAR WARS VEHICLES GROUP,SV,active,shared_token_review_evidence,0.285714,false,false,false
14f2902d-42de-4820-83c5-e4f359a6e0d6|ev star wars comic book cover style guide,14f2902d-42de-4820-83c5-e4f359a6e0d6,STAR WARS,ev star wars comic book cover style guide,1744fc41-cbc6-46ab-83f2-17c6c269548c,DEATH STAR,DS,active,shared_token_review_evidence,0.142857,false,false,false
14f2902d-42de-4820-83c5-e4f359a6e0d6|ev star wars comic crush,14f2902d-42de-4820-83c5-e4f359a6e0d6,STAR WARS,ev star wars comic crush,02de0fab-dd7e-4082-ac99-659c46c77296,STAR WARS DROIDS GROUP,SD,active,shared_token_review_evidence,0.500000,false,false,false
14f2902d-42de-4820-83c5-e4f359a6e0d6|ev star wars comic crush,14f2902d-42de-4820-83c5-e4f359a6e0d6,STAR WARS,ev star wars comic crush,9243cc30-1292-46a8-a331-6a2a719bf65e,STAR WARS GROUP,SW,active,shared_token_review_evidence,0.500000,false,false,false
14f2902d-42de-4820-83c5-e4f359a6e0d6|ev star wars comic crush,14f2902d-42de-4820-83c5-e4f359a6e0d6,STAR WARS,ev star wars comic crush,d8cc13f9-0d06-4a21-a789-88015d5ec15a,STAR WARS VEHICLES GROUP,SV,active,shared_token_review_evidence,0.500000,false,false,false
14f2902d-42de-4820-83c5-e4f359a6e0d6|ev star wars comic crush,14f2902d-42de-4820-83c5-e4f359a6e0d6,STAR WARS,ev star wars comic crush,1744fc41-cbc6-46ab-83f2-17c6c269548c,DEATH STAR,DS,active,shared_token_review_evidence,0.250000,false,false,false
14f2902d-42de-4820-83c5-e4f359a6e0d6|ev star wars custom command,14f2902d-42de-4820-83c5-e4f359a6e0d6,STAR WARS,ev star wars custom command,02de0fab-dd7e-4082-ac99-659c46c77296,STAR WARS DROIDS GROUP,SD,active,shared_token_review_evidence,0.500000,false,false,false
14f2902d-42de-4820-83c5-e4f359a6e0d6|ev star wars custom command,14f2902d-42de-4820-83c5-e4f359a6e0d6,STAR WARS,ev star wars custom command,9243cc30-1292-46a8-a331-6a2a719bf65e,STAR WARS GROUP,SW,active,shared_token_review_evidence,0.500000,false,false,false
14f2902d-42de-4820-83c5-e4f359a6e0d6|ev star wars custom command,14f2902d-42de-4820-83c5-e4f359a6e0d6,STAR WARS,ev star wars custom command,d8cc13f9-0d06-4a21-a789-88015d5ec15a,STAR WARS VEHICLES GROUP,SV,active,shared_token_review_evidence,0.500000,false,false,false
14f2902d-42de-4820-83c5-e4f359a6e0d6|ev star wars custom command,14f2902d-42de-4820-83c5-e4f359a6e0d6,STAR WARS,ev star wars custom command,1744fc41-cbc6-46ab-83f2-17c6c269548c,DEATH STAR,DS,active,shared_token_review_evidence,0.250000,false,false,false
14f2902d-42de-4820-83c5-e4f359a6e0d6|ev star wars episode ii attack of the clones,14f2902d-42de-4820-83c5-e4f359a6e0d6,STAR WARS,ev star wars episode ii attack of the clones,02de0fab-dd7e-4082-ac99-659c46c77296,STAR WARS DROIDS GROUP,SD,active,shared_token_review_evidence,0.333333,false,false,false
14f2902d-42de-4820-83c5-e4f359a6e0d6|ev star wars episode ii attack of the clones,14f2902d-42de-4820-83c5-e4f359a6e0d6,STAR WARS,ev star wars episode ii attack of the clones,9243cc30-1292-46a8-a331-6a2a719bf65e,STAR WARS GROUP,SW,active,shared_token_review_evidence,0.333333,false,false,false
14f2902d-42de-4820-83c5-e4f359a6e0d6|ev star wars episode ii attack of the clones,14f2902d-42de-4820-83c5-e4f359a6e0d6,STAR WARS,ev star wars episode ii attack of the clones,d8cc13f9-0d06-4a21-a789-88015d5ec15a,STAR WARS VEHICLES GROUP,SV,active,shared_token_review_evidence,0.333333,false,false,false
14f2902d-42de-4820-83c5-e4f359a6e0d6|ev star wars episode ii attack of the clones,14f2902d-42de-4820-83c5-e4f359a6e0d6,STAR WARS,ev star wars episode ii attack of the clones,1744fc41-cbc6-46ab-83f2-17c6c269548c,DEATH STAR,DS,active,shared_token_review_evidence,0.166667,false,false,false
14f2902d-42de-4820-83c5-e4f359a6e0d6|ev star wars episode ii attack of the clones,14f2902d-42de-4820-83c5-e4f359a6e0d6,STAR WARS,ev star wars episode ii attack of the clones,c0b68009-954c-4cee-8f66-b2138ddb8308,EPISODE 9 CHARACTER GROUP,E9,active,shared_token_review_evidence,0.166667,false,false,false
14f2902d-42de-4820-83c5-e4f359a6e0d6|ev star wars episode ii attack of the clones,14f2902d-42de-4820-83c5-e4f359a6e0d6,STAR WARS,ev star wars episode ii attack of the clones,d7638191-2b1f-4660-84cc-5838b3cf6778,THE MANDALORIAN,MD,active,shared_token_review_evidence,0.166667,false,false,false
14f2902d-42de-4820-83c5-e4f359a6e0d6|ev star wars episode iii revenge of the sith,14f2902d-42de-4820-83c5-e4f359a6e0d6,STAR WARS,ev star wars episode iii revenge of the sith,02de0fab-dd7e-4082-ac99-659c46c77296,STAR WARS DROIDS GROUP,SD,active,shared_token_review_evidence,0.285714,false,false,false
14f2902d-42de-4820-83c5-e4f359a6e0d6|ev star wars episode iii revenge of the sith,14f2902d-42de-4820-83c5-e4f359a6e0d6,STAR WARS,ev star wars episode iii revenge of the sith,9243cc30-1292-46a8-a331-6a2a719bf65e,STAR WARS GROUP,SW,active,shared_token_review_evidence,0.285714,false,false,false
14f2902d-42de-4820-83c5-e4f359a6e0d6|ev star wars episode iii revenge of the sith,14f2902d-42de-4820-83c5-e4f359a6e0d6,STAR WARS,ev star wars episode iii revenge of the sith,d8cc13f9-0d06-4a21-a789-88015d5ec15a,STAR WARS VEHICLES GROUP,SV,active,shared_token_review_evidence,0.285714,false,false,false
14f2902d-42de-4820-83c5-e4f359a6e0d6|ev star wars episode iii revenge of the sith,14f2902d-42de-4820-83c5-e4f359a6e0d6,STAR WARS,ev star wars episode iii revenge of the sith,1744fc41-cbc6-46ab-83f2-17c6c269548c,DEATH STAR,DS,active,shared_token_review_evidence,0.142857,false,false,false
14f2902d-42de-4820-83c5-e4f359a6e0d6|ev star wars episode iii revenge of the sith,14f2902d-42de-4820-83c5-e4f359a6e0d6,STAR WARS,ev star wars episode iii revenge of the sith,c0b68009-954c-4cee-8f66-b2138ddb8308,EPISODE 9 CHARACTER GROUP,E9,active,shared_token_review_evidence,0.142857,false,false,false
14f2902d-42de-4820-83c5-e4f359a6e0d6|ev star wars episode iii revenge of the sith,14f2902d-42de-4820-83c5-e4f359a6e0d6,STAR WARS,ev star wars episode iii revenge of the sith,d7638191-2b1f-4660-84cc-5838b3cf6778,THE MANDALORIAN,MD,active,shared_token_review_evidence,0.142857,false,false,false
14f2902d-42de-4820-83c5-e4f359a6e0d6|ev star wars episode iv a new hope portfolio,14f2902d-42de-4820-83c5-e4f359a6e0d6,STAR WARS,ev star wars episode iv a new hope portfolio,02de0fab-dd7e-4082-ac99-659c46c77296,STAR WARS DROIDS GROUP,SD,active,shared_token_review_evidence,0.333333,false,false,false
14f2902d-42de-4820-83c5-e4f359a6e0d6|ev star wars episode iv a new hope portfolio,14f2902d-42de-4820-83c5-e4f359a6e0d6,STAR WARS,ev star wars episode iv a new hope portfolio,9243cc30-1292-46a8-a331-6a2a719bf65e,STAR WARS GROUP,SW,active,shared_token_review_evidence,0.333333,false,false,false
14f2902d-42de-4820-83c5-e4f359a6e0d6|ev star wars episode iv a new hope portfolio,14f2902d-42de-4820-83c5-e4f359a6e0d6,STAR WARS,ev star wars episode iv a new hope portfolio,d8cc13f9-0d06-4a21-a789-88015d5ec15a,STAR WARS VEHICLES GROUP,SV,active,shared_token_review_evidence,0.333333,false,false,false
14f2902d-42de-4820-83c5-e4f359a6e0d6|ev star wars episode iv a new hope portfolio,14f2902d-42de-4820-83c5-e4f359a6e0d6,STAR WARS,ev star wars episode iv a new hope portfolio,1744fc41-cbc6-46ab-83f2-17c6c269548c,DEATH STAR,DS,active,shared_token_review_evidence,0.166667,false,false,false
14f2902d-42de-4820-83c5-e4f359a6e0d6|ev star wars episode iv a new hope portfolio,14f2902d-42de-4820-83c5-e4f359a6e0d6,STAR WARS,ev star wars episode iv a new hope portfolio,c0b68009-954c-4cee-8f66-b2138ddb8308,EPISODE 9 CHARACTER GROUP,E9,active,shared_token_review_evidence,0.166667,false,false,false
14f2902d-42de-4820-83c5-e4f359a6e0d6|ev star wars episode ix rise of skywalker,14f2902d-42de-4820-83c5-e4f359a6e0d6,STAR WARS,ev star wars episode ix rise of skywalker,02de0fab-dd7e-4082-ac99-659c46c77296,STAR WARS DROIDS GROUP,SD,active,shared_token_review_evidence,0.400000,false,false,false
14f2902d-42de-4820-83c5-e4f359a6e0d6|ev star wars episode ix rise of skywalker,14f2902d-42de-4820-83c5-e4f359a6e0d6,STAR WARS,ev star wars episode ix rise of skywalker,9243cc30-1292-46a8-a331-6a2a719bf65e,STAR WARS GROUP,SW,active,shared_token_review_evidence,0.400000,false,false,false
14f2902d-42de-4820-83c5-e4f359a6e0d6|ev star wars episode ix rise of skywalker,14f2902d-42de-4820-83c5-e4f359a6e0d6,STAR WARS,ev star wars episode ix rise of skywalker,d8cc13f9-0d06-4a21-a789-88015d5ec15a,STAR WARS VEHICLES GROUP,SV,active,shared_token_review_evidence,0.400000,false,false,false
14f2902d-42de-4820-83c5-e4f359a6e0d6|ev star wars episode ix rise of skywalker,14f2902d-42de-4820-83c5-e4f359a6e0d6,STAR WARS,ev star wars episode ix rise of skywalker,1744fc41-cbc6-46ab-83f2-17c6c269548c,DEATH STAR,DS,active,shared_token_review_evidence,0.200000,false,false,false
14f2902d-42de-4820-83c5-e4f359a6e0d6|ev star wars episode ix rise of skywalker,14f2902d-42de-4820-83c5-e4f359a6e0d6,STAR WARS,ev star wars episode ix rise of skywalker,c0b68009-954c-4cee-8f66-b2138ddb8308,EPISODE 9 CHARACTER GROUP,E9,active,shared_token_review_evidence,0.200000,false,false,false
14f2902d-42de-4820-83c5-e4f359a6e0d6|ev star wars episode ix rise of skywalker,14f2902d-42de-4820-83c5-e4f359a6e0d6,STAR WARS,ev star wars episode ix rise of skywalker,4fb06294-3b3e-459e-87e9-1c6bf5911503,LUKE SKYWALKER,UK,active,shared_token_review_evidence,0.200000,false,false,false
14f2902d-42de-4820-83c5-e4f359a6e0d6|ev star wars episode v the empire strikes back portfolio,14f2902d-42de-4820-83c5-e4f359a6e0d6,STAR WARS,ev star wars episode v the empire strikes back portfolio,02de0fab-dd7e-4082-ac99-659c46c77296,STAR WARS DROIDS GROUP,SD,active,shared_token_review_evidence,0.250000,false,false,false
14f2902d-42de-4820-83c5-e4f359a6e0d6|ev star wars episode v the empire strikes back portfolio,14f2902d-42de-4820-83c5-e4f359a6e0d6,STAR WARS,ev star wars episode v the empire strikes back portfolio,9243cc30-1292-46a8-a331-6a2a719bf65e,STAR WARS GROUP,SW,active,shared_token_review_evidence,0.250000,false,false,false
14f2902d-42de-4820-83c5-e4f359a6e0d6|ev star wars episode v the empire strikes back portfolio,14f2902d-42de-4820-83c5-e4f359a6e0d6,STAR WARS,ev star wars episode v the empire strikes back portfolio,d8cc13f9-0d06-4a21-a789-88015d5ec15a,STAR WARS VEHICLES GROUP,SV,active,shared_token_review_evidence,0.250000,false,false,false
14f2902d-42de-4820-83c5-e4f359a6e0d6|ev star wars episode v the empire strikes back portfolio,14f2902d-42de-4820-83c5-e4f359a6e0d6,STAR WARS,ev star wars episode v the empire strikes back portfolio,1744fc41-cbc6-46ab-83f2-17c6c269548c,DEATH STAR,DS,active,shared_token_review_evidence,0.125000,false,false,false
14f2902d-42de-4820-83c5-e4f359a6e0d6|ev star wars episode v the empire strikes back portfolio,14f2902d-42de-4820-83c5-e4f359a6e0d6,STAR WARS,ev star wars episode v the empire strikes back portfolio,7a671efa-7bda-4f4b-8b7f-9c78c68912f4,EMPIRE ICON,EM,active,shared_token_review_evidence,0.125000,false,false,false
14f2902d-42de-4820-83c5-e4f359a6e0d6|ev star wars episode v the empire strikes back portfolio,14f2902d-42de-4820-83c5-e4f359a6e0d6,STAR WARS,ev star wars episode v the empire strikes back portfolio,c0b68009-954c-4cee-8f66-b2138ddb8308,EPISODE 9 CHARACTER GROUP,E9,active,shared_token_review_evidence,0.125000,false,false,false
14f2902d-42de-4820-83c5-e4f359a6e0d6|ev star wars episode v the empire strikes back portfolio,14f2902d-42de-4820-83c5-e4f359a6e0d6,STAR WARS,ev star wars episode v the empire strikes back portfolio,d7638191-2b1f-4660-84cc-5838b3cf6778,THE MANDALORIAN,MD,active,shared_token_review_evidence,0.125000,false,false,false
14f2902d-42de-4820-83c5-e4f359a6e0d6|ev star wars episode vi return of the jedi,14f2902d-42de-4820-83c5-e4f359a6e0d6,STAR WARS,ev star wars episode vi return of the jedi,02de0fab-dd7e-4082-ac99-659c46c77296,STAR WARS DROIDS GROUP,SD,active,shared_token_review_evidence,0.333333,false,false,false
14f2902d-42de-4820-83c5-e4f359a6e0d6|ev star wars episode vi return of the jedi,14f2902d-42de-4820-83c5-e4f359a6e0d6,STAR WARS,ev star wars episode vi return of the jedi,9243cc30-1292-46a8-a331-6a2a719bf65e,STAR WARS GROUP,SW,active,shared_token_review_evidence,0.333333,false,false,false
14f2902d-42de-4820-83c5-e4f359a6e0d6|ev star wars episode vi return of the jedi,14f2902d-42de-4820-83c5-e4f359a6e0d6,STAR WARS,ev star wars episode vi return of the jedi,d8cc13f9-0d06-4a21-a789-88015d5ec15a,STAR WARS VEHICLES GROUP,SV,active,shared_token_review_evidence,0.333333,false,false,false
14f2902d-42de-4820-83c5-e4f359a6e0d6|ev star wars episode vi return of the jedi,14f2902d-42de-4820-83c5-e4f359a6e0d6,STAR WARS,ev star wars episode vi return of the jedi,1744fc41-cbc6-46ab-83f2-17c6c269548c,DEATH STAR,DS,active,shared_token_review_evidence,0.166667,false,false,false
14f2902d-42de-4820-83c5-e4f359a6e0d6|ev star wars episode vi return of the jedi,14f2902d-42de-4820-83c5-e4f359a6e0d6,STAR WARS,ev star wars episode vi return of the jedi,c0b68009-954c-4cee-8f66-b2138ddb8308,EPISODE 9 CHARACTER GROUP,E9,active,shared_token_review_evidence,0.166667,false,false,false
14f2902d-42de-4820-83c5-e4f359a6e0d6|ev star wars episode vi return of the jedi,14f2902d-42de-4820-83c5-e4f359a6e0d6,STAR WARS,ev star wars episode vi return of the jedi,d7638191-2b1f-4660-84cc-5838b3cf6778,THE MANDALORIAN,MD,active,shared_token_review_evidence,0.166667,false,false,false
14f2902d-42de-4820-83c5-e4f359a6e0d6|ev star wars episode vii the force awakens,14f2902d-42de-4820-83c5-e4f359a6e0d6,STAR WARS,ev star wars episode vii the force awakens,02de0fab-dd7e-4082-ac99-659c46c77296,STAR WARS DROIDS GROUP,SD,active,shared_token_review_evidence,0.285714,false,false,false
14f2902d-42de-4820-83c5-e4f359a6e0d6|ev star wars episode vii the force awakens,14f2902d-42de-4820-83c5-e4f359a6e0d6,STAR WARS,ev star wars episode vii the force awakens,9243cc30-1292-46a8-a331-6a2a719bf65e,STAR WARS GROUP,SW,active,shared_token_review_evidence,0.285714,false,false,false
14f2902d-42de-4820-83c5-e4f359a6e0d6|ev star wars episode vii the force awakens,14f2902d-42de-4820-83c5-e4f359a6e0d6,STAR WARS,ev star wars episode vii the force awakens,d8cc13f9-0d06-4a21-a789-88015d5ec15a,STAR WARS VEHICLES GROUP,SV,active,shared_token_review_evidence,0.285714,false,false,false
14f2902d-42de-4820-83c5-e4f359a6e0d6|ev star wars episode vii the force awakens,14f2902d-42de-4820-83c5-e4f359a6e0d6,STAR WARS,ev star wars episode vii the force awakens,1744fc41-cbc6-46ab-83f2-17c6c269548c,DEATH STAR,DS,active,shared_token_review_evidence,0.142857,false,false,false
14f2902d-42de-4820-83c5-e4f359a6e0d6|ev star wars episode vii the force awakens,14f2902d-42de-4820-83c5-e4f359a6e0d6,STAR WARS,ev star wars episode vii the force awakens,c0b68009-954c-4cee-8f66-b2138ddb8308,EPISODE 9 CHARACTER GROUP,E9,active,shared_token_review_evidence,0.142857,false,false,false
14f2902d-42de-4820-83c5-e4f359a6e0d6|ev star wars episode vii the force awakens,14f2902d-42de-4820-83c5-e4f359a6e0d6,STAR WARS,ev star wars episode vii the force awakens,d7638191-2b1f-4660-84cc-5838b3cf6778,THE MANDALORIAN,MD,active,shared_token_review_evidence,0.142857,false,false,false
14f2902d-42de-4820-83c5-e4f359a6e0d6|mandalorian and grogu movie,14f2902d-42de-4820-83c5-e4f359a6e0d6,STAR WARS,mandalorian and grogu movie,d7638191-2b1f-4660-84cc-5838b3cf6778,THE MANDALORIAN,MD,active,shared_token_review_evidence,0.250000,false,false,false
154bf54b-6f7d-4999-b0fb-c2828b12b56a|big lebowski,154bf54b-6f7d-4999-b0fb-c2828b12b56a,NBC,big lebowski,8140b36b-82d2-4289-b56f-d2cdfbcd1905,BIG LEBOWSKI,BK,active,exact_name,1.000000,false,true,true
154bf54b-6f7d-4999-b0fb-c2828b12b56a|cheech chongs next movie,154bf54b-6f7d-4999-b0fb-c2828b12b56a,NBC,cheech chongs next movie,9e7ff2c4-4986-48ac-a68c-05bb5f6a647b,CHEECH & CHONG,CE,active,shared_token_review_evidence,0.250000,false,false,false
154bf54b-6f7d-4999-b0fb-c2828b12b56a|chucky,154bf54b-6f7d-4999-b0fb-c2828b12b56a,NBC,chucky,41fef4a7-4cd8-43ab-949f-fb19747fd328,CHUCKY,CK,active,exact_name,1.000000,false,true,true
154bf54b-6f7d-4999-b0fb-c2828b12b56a|curious george,154bf54b-6f7d-4999-b0fb-c2828b12b56a,NBC,curious george,6bb79348-9704-4fba-94e5-48bdef01c3ad,CURIOUS GEORGE,CG,active,exact_name,1.000000,false,true,true
154bf54b-6f7d-4999-b0fb-c2828b12b56a|dazed and confused,154bf54b-6f7d-4999-b0fb-c2828b12b56a,NBC,dazed and confused,3cd6ee16-8828-49aa-ab13-ca926d156d5c,DAZED AND CONFUSED,DZ,active,exact_name,1.000000,false,true,true
154bf54b-6f7d-4999-b0fb-c2828b12b56a|dazed and confused,154bf54b-6f7d-4999-b0fb-c2828b12b56a,NBC,dazed and confused,b62f91c3-d0fb-43f6-97a1-49a41519bb82,FAST AND FURIOUS X,FX,active,shared_token_review_evidence,0.333333,false,false,false
154bf54b-6f7d-4999-b0fb-c2828b12b56a|dazed and confused,154bf54b-6f7d-4999-b0fb-c2828b12b56a,NBC,dazed and confused,cc45c29a-9e47-42cf-b0ba-91dbe37bd24d,THE FAST AND THE FURIOUS,FF,active,shared_token_review_evidence,0.250000,false,false,false
154bf54b-6f7d-4999-b0fb-c2828b12b56a|et,154bf54b-6f7d-4999-b0fb-c2828b12b56a,NBC,et,bb6b117f-dbf7-4261-9680-84bff7e214bc,E.T. THE EXTRATERRESTRIAL,ET,active,exact_code,0.000000,false,true,true
154bf54b-6f7d-4999-b0fb-c2828b12b56a|fast and the furious franchise,154bf54b-6f7d-4999-b0fb-c2828b12b56a,NBC,fast and the furious franchise,cc45c29a-9e47-42cf-b0ba-91dbe37bd24d,THE FAST AND THE FURIOUS,FF,active,shared_token_review_evidence,0.800000,false,false,false
154bf54b-6f7d-4999-b0fb-c2828b12b56a|fast and the furious franchise,154bf54b-6f7d-4999-b0fb-c2828b12b56a,NBC,fast and the furious franchise,b62f91c3-d0fb-43f6-97a1-49a41519bb82,FAST AND FURIOUS X,FX,active,shared_token_review_evidence,0.600000,false,false,false
154bf54b-6f7d-4999-b0fb-c2828b12b56a|fast and the furious franchise,154bf54b-6f7d-4999-b0fb-c2828b12b56a,NBC,fast and the furious franchise,9db1ae70-8bdb-40a3-a8a8-66e54b1edced,BACK TO THE FUTURE,BTF,active,shared_token_review_evidence,0.200000,false,false,false
154bf54b-6f7d-4999-b0fb-c2828b12b56a|fast and the furious franchise,154bf54b-6f7d-4999-b0fb-c2828b12b56a,NBC,fast and the furious franchise,3cd6ee16-8828-49aa-ab13-ca926d156d5c,DAZED AND CONFUSED,DZ,active,shared_token_review_evidence,0.200000,false,false,false
154bf54b-6f7d-4999-b0fb-c2828b12b56a|fast and the furious franchise,154bf54b-6f7d-4999-b0fb-c2828b12b56a,NBC,fast and the furious franchise,bb6b117f-dbf7-4261-9680-84bff7e214bc,E.T. THE EXTRATERRESTRIAL,ET,active,shared_token_review_evidence,0.200000,false,false,false
154bf54b-6f7d-4999-b0fb-c2828b12b56a|fast and the furious franchise,154bf54b-6f7d-4999-b0fb-c2828b12b56a,NBC,fast and the furious franchise,b5592e78-7782-41b5-8298-8ec5a93059a7,HOW TO TRAIN YOUR DRAGON FRANCHISE,HD,active,shared_token_review_evidence,0.200000,false,false,false
154bf54b-6f7d-4999-b0fb-c2828b12b56a|fast and the furious franchise,154bf54b-6f7d-4999-b0fb-c2828b12b56a,NBC,fast and the furious franchise,a28c4295-29dd-4728-be2c-50a39a0eadfb,THE OFFICE,FC,active,shared_token_review_evidence,0.200000,false,false,false
154bf54b-6f7d-4999-b0fb-c2828b12b56a|fast times at ridgemont high,154bf54b-6f7d-4999-b0fb-c2828b12b56a,NBC,fast times at ridgemont high,b62f91c3-d0fb-43f6-97a1-49a41519bb82,FAST AND FURIOUS X,FX,active,shared_token_review_evidence,0.250000,false,false,false
154bf54b-6f7d-4999-b0fb-c2828b12b56a|fast times at ridgemont high,154bf54b-6f7d-4999-b0fb-c2828b12b56a,NBC,fast times at ridgemont high,3d6fe703-af55-4ef8-8739-1bb940850853,HOW HIGH,HH,active,shared_token_review_evidence,0.250000,false,false,false
154bf54b-6f7d-4999-b0fb-c2828b12b56a|fast times at ridgemont high,154bf54b-6f7d-4999-b0fb-c2828b12b56a,NBC,fast times at ridgemont high,cc45c29a-9e47-42cf-b0ba-91dbe37bd24d,THE FAST AND THE FURIOUS,FF,active,shared_token_review_evidence,0.250000,false,false,false
154bf54b-6f7d-4999-b0fb-c2828b12b56a|felix the cat,154bf54b-6f7d-4999-b0fb-c2828b12b56a,NBC,felix the cat,9db1ae70-8bdb-40a3-a8a8-66e54b1edced,BACK TO THE FUTURE,BTF,active,shared_token_review_evidence,0.333333,false,false,false
154bf54b-6f7d-4999-b0fb-c2828b12b56a|felix the cat,154bf54b-6f7d-4999-b0fb-c2828b12b56a,NBC,felix the cat,bb6b117f-dbf7-4261-9680-84bff7e214bc,E.T. THE EXTRATERRESTRIAL,ET,active,shared_token_review_evidence,0.333333,false,false,false
154bf54b-6f7d-4999-b0fb-c2828b12b56a|felix the cat,154bf54b-6f7d-4999-b0fb-c2828b12b56a,NBC,felix the cat,a28c4295-29dd-4728-be2c-50a39a0eadfb,THE OFFICE,FC,active,shared_token_review_evidence,0.333333,false,false,false
154bf54b-6f7d-4999-b0fb-c2828b12b56a|felix the cat,154bf54b-6f7d-4999-b0fb-c2828b12b56a,NBC,felix the cat,cc45c29a-9e47-42cf-b0ba-91dbe37bd24d,THE FAST AND THE FURIOUS,FF,active,shared_token_review_evidence,0.250000,false,false,false
154bf54b-6f7d-4999-b0fb-c2828b12b56a|field of dreams,154bf54b-6f7d-4999-b0fb-c2828b12b56a,NBC,field of dreams,f98b536b-8227-4c40-96eb-20be20019221,FIELD OF DREAMS,FD,active,exact_name,1.000000,false,true,true
154bf54b-6f7d-4999-b0fb-c2828b12b56a|gabbys dollhouse,154bf54b-6f7d-4999-b0fb-c2828b12b56a,NBC,gabbys dollhouse,dabdc9d7-1556-4d96-abbd-7c6036bc8f2a,GABBY'S DOLLHOUSE,GD,active,exact_name,1.000000,false,true,true
154bf54b-6f7d-4999-b0fb-c2828b12b56a|gabbys dollhouse,154bf54b-6f7d-4999-b0fb-c2828b12b56a,NBC,gabbys dollhouse,dc0c8af7-53cd-4d74-b4a4-6aed3ee80cfc,GABBY'S DOLLHOUSE LIVE ACTION 2025,GDL,active,shared_token_review_evidence,0.400000,false,false,false
154bf54b-6f7d-4999-b0fb-c2828b12b56a|half baked,154bf54b-6f7d-4999-b0fb-c2828b12b56a,NBC,half baked,7164dc50-4c3a-42a1-90a1-9f9af1e8c0de,HALF BAKED,HB,active,exact_name,1.000000,false,true,true
154bf54b-6f7d-4999-b0fb-c2828b12b56a|halloween ii,154bf54b-6f7d-4999-b0fb-c2828b12b56a,NBC,halloween ii,132676c7-6d22-4f76-a8cb-be1928e43979,HALLOWEEN II,HN,active,exact_name,1.000000,false,true,true
154bf54b-6f7d-4999-b0fb-c2828b12b56a|happy gilmore,154bf54b-6f7d-4999-b0fb-c2828b12b56a,NBC,happy gilmore,9359cb30-a6b7-47ce-8915-7ada4cc8ad21,HAPPY GILMORE,HG,active,exact_name,1.000000,false,true,true
154bf54b-6f7d-4999-b0fb-c2828b12b56a|how high,154bf54b-6f7d-4999-b0fb-c2828b12b56a,NBC,how high,3d6fe703-af55-4ef8-8739-1bb940850853,HOW HIGH,HH,active,exact_name,1.000000,false,true,true
154bf54b-6f7d-4999-b0fb-c2828b12b56a|how high,154bf54b-6f7d-4999-b0fb-c2828b12b56a,NBC,how high,b5592e78-7782-41b5-8298-8ec5a93059a7,HOW TO TRAIN YOUR DRAGON FRANCHISE,HD,active,shared_token_review_evidence,0.200000,false,false,false
154bf54b-6f7d-4999-b0fb-c2828b12b56a|how high,154bf54b-6f7d-4999-b0fb-c2828b12b56a,NBC,how high,3c45b8c1-fa01-4da2-a66f-8bb28b80bd09,HOW TO TRAIN YOUR DRAGON: LIVE ACTION 25,HDL,active,shared_token_review_evidence,0.166667,false,false,false
154bf54b-6f7d-4999-b0fb-c2828b12b56a|how to train your dragon,154bf54b-6f7d-4999-b0fb-c2828b12b56a,NBC,how to train your dragon,b5592e78-7782-41b5-8298-8ec5a93059a7,HOW TO TRAIN YOUR DRAGON FRANCHISE,HD,active,shared_token_review_evidence,0.800000,false,false,false
154bf54b-6f7d-4999-b0fb-c2828b12b56a|how to train your dragon,154bf54b-6f7d-4999-b0fb-c2828b12b56a,NBC,how to train your dragon,3c45b8c1-fa01-4da2-a66f-8bb28b80bd09,HOW TO TRAIN YOUR DRAGON: LIVE ACTION 25,HDL,active,shared_token_review_evidence,0.666667,false,false,false
154bf54b-6f7d-4999-b0fb-c2828b12b56a|how to train your dragon,154bf54b-6f7d-4999-b0fb-c2828b12b56a,NBC,how to train your dragon,3d6fe703-af55-4ef8-8739-1bb940850853,HOW HIGH,HH,active,shared_token_review_evidence,0.250000,false,false,false
154bf54b-6f7d-4999-b0fb-c2828b12b56a|jaws,154bf54b-6f7d-4999-b0fb-c2828b12b56a,NBC,jaws,8f723630-2d55-4a46-a9bd-abaa91d70d40,JAWS,JW,active,exact_name,1.000000,false,true,true
154bf54b-6f7d-4999-b0fb-c2828b12b56a|jurassic park,154bf54b-6f7d-4999-b0fb-c2828b12b56a,NBC,jurassic park,d99503fb-53e7-4d2c-8866-13d5be94bd56,JURASSIC WORLD/JURASSIC PARK,JR,active,shared_token_review_evidence,0.666667,false,false,false
154bf54b-6f7d-4999-b0fb-c2828b12b56a|jurassic world franchise,154bf54b-6f7d-4999-b0fb-c2828b12b56a,NBC,jurassic world franchise,d99503fb-53e7-4d2c-8866-13d5be94bd56,JURASSIC WORLD/JURASSIC PARK,JR,active,shared_token_review_evidence,0.666667,false,false,false
154bf54b-6f7d-4999-b0fb-c2828b12b56a|jurassic world franchise,154bf54b-6f7d-4999-b0fb-c2828b12b56a,NBC,jurassic world franchise,b5592e78-7782-41b5-8298-8ec5a93059a7,HOW TO TRAIN YOUR DRAGON FRANCHISE,HD,active,shared_token_review_evidence,0.200000,false,false,false
154bf54b-6f7d-4999-b0fb-c2828b12b56a|kung fu panda,154bf54b-6f7d-4999-b0fb-c2828b12b56a,NBC,kung fu panda,5419699d-6dcf-4ed2-b1df-cf2f68591836,KUNG-FU PANDA,KP,active,exact_name,1.000000,false,true,true
154bf54b-6f7d-4999-b0fb-c2828b12b56a|little drummer boy,154bf54b-6f7d-4999-b0fb-c2828b12b56a,NBC,little drummer boy,79dd7c7b-f654-47f4-8319-8d1d5a594020,LITTLE GOLDEN BOOKS,GB,active,shared_token_review_evidence,0.333333,false,false,false
154bf54b-6f7d-4999-b0fb-c2828b12b56a|little golden books,154bf54b-6f7d-4999-b0fb-c2828b12b56a,NBC,little golden books,79dd7c7b-f654-47f4-8319-8d1d5a594020,LITTLE GOLDEN BOOKS,GB,active,exact_name,1.000000,false,true,true
154bf54b-6f7d-4999-b0fb-c2828b12b56a|minions,154bf54b-6f7d-4999-b0fb-c2828b12b56a,NBC,minions,eb50f543-5d10-4cc5-bb7e-824b8ad212b5,MINIONS,MN,active,exact_name,1.000000,false,true,true
154bf54b-6f7d-4999-b0fb-c2828b12b56a|office,154bf54b-6f7d-4999-b0fb-c2828b12b56a,NBC,office,a28c4295-29dd-4728-be2c-50a39a0eadfb,THE OFFICE,FC,active,shared_token_review_evidence,0.500000,false,false,false
154bf54b-6f7d-4999-b0fb-c2828b12b56a|santa claus is coming to town,154bf54b-6f7d-4999-b0fb-c2828b12b56a,NBC,santa claus is coming to town,4529860c-f033-417a-b230-86b25db19d27,SANTA CLAUSE IS COMING TO TOWN,SZ,active,shared_token_review_evidence,0.750000,false,false,false
154bf54b-6f7d-4999-b0fb-c2828b12b56a|saved by the bell,154bf54b-6f7d-4999-b0fb-c2828b12b56a,NBC,saved by the bell,9db1ae70-8bdb-40a3-a8a8-66e54b1edced,BACK TO THE FUTURE,BTF,active,shared_token_review_evidence,0.333333,false,false,false
154bf54b-6f7d-4999-b0fb-c2828b12b56a|saved by the bell,154bf54b-6f7d-4999-b0fb-c2828b12b56a,NBC,saved by the bell,bb6b117f-dbf7-4261-9680-84bff7e214bc,E.T. THE EXTRATERRESTRIAL,ET,active,shared_token_review_evidence,0.333333,false,false,false
154bf54b-6f7d-4999-b0fb-c2828b12b56a|saved by the bell,154bf54b-6f7d-4999-b0fb-c2828b12b56a,NBC,saved by the bell,a28c4295-29dd-4728-be2c-50a39a0eadfb,THE OFFICE,FC,active,shared_token_review_evidence,0.333333,false,false,false
154bf54b-6f7d-4999-b0fb-c2828b12b56a|saved by the bell,154bf54b-6f7d-4999-b0fb-c2828b12b56a,NBC,saved by the bell,cc45c29a-9e47-42cf-b0ba-91dbe37bd24d,THE FAST AND THE FURIOUS,FF,active,shared_token_review_evidence,0.250000,false,false,false
154bf54b-6f7d-4999-b0fb-c2828b12b56a|scarface,154bf54b-6f7d-4999-b0fb-c2828b12b56a,NBC,scarface,923af469-f81f-48ec-ae6c-d0c18bf85414,SCARFACE,SF,active,exact_name,1.000000,false,true,true
154bf54b-6f7d-4999-b0fb-c2828b12b56a|shrek,154bf54b-6f7d-4999-b0fb-c2828b12b56a,NBC,shrek,7865b410-afb6-4307-9560-4dfa2e5c3165,SHREK,SH,active,exact_name,1.000000,false,true,true
154bf54b-6f7d-4999-b0fb-c2828b12b56a|the exorcist,154bf54b-6f7d-4999-b0fb-c2828b12b56a,NBC,the exorcist,bb6b117f-dbf7-4261-9680-84bff7e214bc,E.T. THE EXTRATERRESTRIAL,ET,active,shared_token_review_evidence,0.500000,false,false,false
154bf54b-6f7d-4999-b0fb-c2828b12b56a|the exorcist,154bf54b-6f7d-4999-b0fb-c2828b12b56a,NBC,the exorcist,a28c4295-29dd-4728-be2c-50a39a0eadfb,THE OFFICE,FC,active,shared_token_review_evidence,0.500000,false,false,false
154bf54b-6f7d-4999-b0fb-c2828b12b56a|the exorcist,154bf54b-6f7d-4999-b0fb-c2828b12b56a,NBC,the exorcist,9db1ae70-8bdb-40a3-a8a8-66e54b1edced,BACK TO THE FUTURE,BTF,active,shared_token_review_evidence,0.333333,false,false,false
154bf54b-6f7d-4999-b0fb-c2828b12b56a|the exorcist,154bf54b-6f7d-4999-b0fb-c2828b12b56a,NBC,the exorcist,cc45c29a-9e47-42cf-b0ba-91dbe37bd24d,THE FAST AND THE FURIOUS,FF,active,shared_token_review_evidence,0.250000,false,false,false
154bf54b-6f7d-4999-b0fb-c2828b12b56a|the land before time,154bf54b-6f7d-4999-b0fb-c2828b12b56a,NBC,the land before time,9db1ae70-8bdb-40a3-a8a8-66e54b1edced,BACK TO THE FUTURE,BTF,active,shared_token_review_evidence,0.250000,false,false,false
154bf54b-6f7d-4999-b0fb-c2828b12b56a|the land before time,154bf54b-6f7d-4999-b0fb-c2828b12b56a,NBC,the land before time,bb6b117f-dbf7-4261-9680-84bff7e214bc,E.T. THE EXTRATERRESTRIAL,ET,active,shared_token_review_evidence,0.250000,false,false,false
154bf54b-6f7d-4999-b0fb-c2828b12b56a|the land before time,154bf54b-6f7d-4999-b0fb-c2828b12b56a,NBC,the land before time,cc45c29a-9e47-42cf-b0ba-91dbe37bd24d,THE FAST AND THE FURIOUS,FF,active,shared_token_review_evidence,0.250000,false,false,false
154bf54b-6f7d-4999-b0fb-c2828b12b56a|the land before time,154bf54b-6f7d-4999-b0fb-c2828b12b56a,NBC,the land before time,a28c4295-29dd-4728-be2c-50a39a0eadfb,THE OFFICE,FC,active,shared_token_review_evidence,0.250000,false,false,false
154bf54b-6f7d-4999-b0fb-c2828b12b56a|the lone ranger,154bf54b-6f7d-4999-b0fb-c2828b12b56a,NBC,the lone ranger,9db1ae70-8bdb-40a3-a8a8-66e54b1edced,BACK TO THE FUTURE,BTF,active,shared_token_review_evidence,0.333333,false,false,false
154bf54b-6f7d-4999-b0fb-c2828b12b56a|the lone ranger,154bf54b-6f7d-4999-b0fb-c2828b12b56a,NBC,the lone ranger,bb6b117f-dbf7-4261-9680-84bff7e214bc,E.T. THE EXTRATERRESTRIAL,ET,active,shared_token_review_evidence,0.333333,false,false,false
154bf54b-6f7d-4999-b0fb-c2828b12b56a|the lone ranger,154bf54b-6f7d-4999-b0fb-c2828b12b56a,NBC,the lone ranger,a28c4295-29dd-4728-be2c-50a39a0eadfb,THE OFFICE,FC,active,shared_token_review_evidence,0.333333,false,false,false
154bf54b-6f7d-4999-b0fb-c2828b12b56a|the lone ranger,154bf54b-6f7d-4999-b0fb-c2828b12b56a,NBC,the lone ranger,cc45c29a-9e47-42cf-b0ba-91dbe37bd24d,THE FAST AND THE FURIOUS,FF,active,shared_token_review_evidence,0.250000,false,false,false
154bf54b-6f7d-4999-b0fb-c2828b12b56a|the mummy 1999,154bf54b-6f7d-4999-b0fb-c2828b12b56a,NBC,the mummy 1999,9db1ae70-8bdb-40a3-a8a8-66e54b1edced,BACK TO THE FUTURE,BTF,active,shared_token_review_evidence,0.333333,false,false,false
154bf54b-6f7d-4999-b0fb-c2828b12b56a|the mummy 1999,154bf54b-6f7d-4999-b0fb-c2828b12b56a,NBC,the mummy 1999,bb6b117f-dbf7-4261-9680-84bff7e214bc,E.T. THE EXTRATERRESTRIAL,ET,active,shared_token_review_evidence,0.333333,false,false,false
154bf54b-6f7d-4999-b0fb-c2828b12b56a|the mummy 1999,154bf54b-6f7d-4999-b0fb-c2828b12b56a,NBC,the mummy 1999,a28c4295-29dd-4728-be2c-50a39a0eadfb,THE OFFICE,FC,active,shared_token_review_evidence,0.333333,false,false,false
154bf54b-6f7d-4999-b0fb-c2828b12b56a|the mummy 1999,154bf54b-6f7d-4999-b0fb-c2828b12b56a,NBC,the mummy 1999,cc45c29a-9e47-42cf-b0ba-91dbe37bd24d,THE FAST AND THE FURIOUS,FF,active,shared_token_review_evidence,0.250000,false,false,false
154bf54b-6f7d-4999-b0fb-c2828b12b56a|trolls,154bf54b-6f7d-4999-b0fb-c2828b12b56a,NBC,trolls,64660cdc-0134-48a0-bd28-d325572e7ea1,TROLLS,TR,active,exact_name,1.000000,false,true,true
154bf54b-6f7d-4999-b0fb-c2828b12b56a|wheres waldo,154bf54b-6f7d-4999-b0fb-c2828b12b56a,NBC,wheres waldo,89a72f5f-798b-4902-9aab-4f01204720aa,WHERES WALDO,WA,active,exact_name,1.000000,false,true,true
154bf54b-6f7d-4999-b0fb-c2828b12b56a|wicked live action movie,154bf54b-6f7d-4999-b0fb-c2828b12b56a,NBC,wicked live action movie,dc0c8af7-53cd-4d74-b4a4-6aed3ee80cfc,GABBY'S DOLLHOUSE LIVE ACTION 2025,GDL,active,shared_token_review_evidence,0.400000,false,false,false
154bf54b-6f7d-4999-b0fb-c2828b12b56a|wicked live action movie,154bf54b-6f7d-4999-b0fb-c2828b12b56a,NBC,wicked live action movie,3c45b8c1-fa01-4da2-a66f-8bb28b80bd09,HOW TO TRAIN YOUR DRAGON: LIVE ACTION 25,HDL,active,shared_token_review_evidence,0.333333,false,false,false
154bf54b-6f7d-4999-b0fb-c2828b12b56a|wicked live action movie,154bf54b-6f7d-4999-b0fb-c2828b12b56a,NBC,wicked live action movie,6198a8d7-e000-4025-a042-d42481af6756,WICKED PART I,W1,active,shared_token_review_evidence,0.250000,false,false,false
154bf54b-6f7d-4999-b0fb-c2828b12b56a|wicked live action movie,154bf54b-6f7d-4999-b0fb-c2828b12b56a,NBC,wicked live action movie,9c8f531f-32ab-4e23-a701-8ee73d92cef0,WICKED PART II,W2,active,shared_token_review_evidence,0.250000,false,false,false
154bf54b-6f7d-4999-b0fb-c2828b12b56a|wicked live action part 2,154bf54b-6f7d-4999-b0fb-c2828b12b56a,NBC,wicked live action part 2,6198a8d7-e000-4025-a042-d42481af6756,WICKED PART I,W1,active,shared_token_review_evidence,0.500000,false,false,false
154bf54b-6f7d-4999-b0fb-c2828b12b56a|wicked live action part 2,154bf54b-6f7d-4999-b0fb-c2828b12b56a,NBC,wicked live action part 2,9c8f531f-32ab-4e23-a701-8ee73d92cef0,WICKED PART II,W2,active,shared_token_review_evidence,0.500000,false,false,false
154bf54b-6f7d-4999-b0fb-c2828b12b56a|wicked live action part 2,154bf54b-6f7d-4999-b0fb-c2828b12b56a,NBC,wicked live action part 2,dc0c8af7-53cd-4d74-b4a4-6aed3ee80cfc,GABBY'S DOLLHOUSE LIVE ACTION 2025,GDL,active,shared_token_review_evidence,0.400000,false,false,false
154bf54b-6f7d-4999-b0fb-c2828b12b56a|wicked live action part 2,154bf54b-6f7d-4999-b0fb-c2828b12b56a,NBC,wicked live action part 2,3c45b8c1-fa01-4da2-a66f-8bb28b80bd09,HOW TO TRAIN YOUR DRAGON: LIVE ACTION 25,HDL,active,shared_token_review_evidence,0.333333,false,false,false
4dba7d87-54ed-4dee-894b-570326953d92|modern core,4dba7d87-54ed-4dee-894b-570326953d92,STRAWBERRY SHORTCAKE,modern core,15beb12a-b5ee-4e33-86b7-27037af444a4,STRAWBERRY SHORTCAKE MODERN,SSM,active,shared_token_review_evidence,0.333333,false,false,false
5f951f5e-aaee-4add-bb51-fea888951405|avatar the last airbender,5f951f5e-aaee-4add-bb51-fea888951405,VIACOM MULTI,avatar the last airbender,23315dd3-f6a7-41b7-bdbb-ac013dd54165,AVATAR THE LAST AIRBENDER,AT,active,exact_name,1.000000,false,true,true
5f951f5e-aaee-4add-bb51-fea888951405|avatar the last airbender,5f951f5e-aaee-4add-bb51-fea888951405,VIACOM MULTI,avatar the last airbender,41ffb828-ede0-4295-aac9-fd31eaedc840,THE GODFATHER,GH,active,shared_token_review_evidence,0.250000,false,false,false
5f951f5e-aaee-4add-bb51-fea888951405|garfield,5f951f5e-aaee-4add-bb51-fea888951405,VIACOM MULTI,garfield,4526a736-7b50-4e7d-bc30-97edc8764e3d,GARFIELD,GE,active,exact_name,1.000000,false,true,true
5f951f5e-aaee-4add-bb51-fea888951405|invader zim,5f951f5e-aaee-4add-bb51-fea888951405,VIACOM MULTI,invader zim,6e0beeae-b784-4996-af8b-e06de3cfbfc9,INVADER ZIM,ZM,active,exact_name,1.000000,false,true,true
5f951f5e-aaee-4add-bb51-fea888951405|scream franchise,5f951f5e-aaee-4add-bb51-fea888951405,VIACOM MULTI,scream franchise,515f068a-31ae-46ea-a316-4cad5eabbe9f,SCREAM,SCM,active,shared_token_review_evidence,0.500000,false,false,false
5f951f5e-aaee-4add-bb51-fea888951405|spongebob,5f951f5e-aaee-4add-bb51-fea888951405,VIACOM MULTI,spongebob,e26d6839-c6cd-4eee-ac76-f56e1479c4ed,SPONGEBOB,SB,active,exact_name,1.000000,false,true,true
5f951f5e-aaee-4add-bb51-fea888951405|the anchorman the legend of ron burgundy,5f951f5e-aaee-4add-bb51-fea888951405,VIACOM MULTI,the anchorman the legend of ron burgundy,23315dd3-f6a7-41b7-bdbb-ac013dd54165,AVATAR THE LAST AIRBENDER,AT,active,shared_token_review_evidence,0.200000,false,false,false
5f951f5e-aaee-4add-bb51-fea888951405|the anchorman the legend of ron burgundy,5f951f5e-aaee-4add-bb51-fea888951405,VIACOM MULTI,the anchorman the legend of ron burgundy,41ffb828-ede0-4295-aac9-fd31eaedc840,THE GODFATHER,GH,active,shared_token_review_evidence,0.200000,false,false,false
5f951f5e-aaee-4add-bb51-fea888951405|the godfather,5f951f5e-aaee-4add-bb51-fea888951405,VIACOM MULTI,the godfather,41ffb828-ede0-4295-aac9-fd31eaedc840,THE GODFATHER,GH,active,exact_name,1.000000,false,true,true
5f951f5e-aaee-4add-bb51-fea888951405|the godfather,5f951f5e-aaee-4add-bb51-fea888951405,VIACOM MULTI,the godfather,23315dd3-f6a7-41b7-bdbb-ac013dd54165,AVATAR THE LAST AIRBENDER,AT,active,shared_token_review_evidence,0.250000,false,false,false
5f951f5e-aaee-4add-bb51-fea888951405|the twilight zone,5f951f5e-aaee-4add-bb51-fea888951405,VIACOM MULTI,the twilight zone,41ffb828-ede0-4295-aac9-fd31eaedc840,THE GODFATHER,GH,active,shared_token_review_evidence,0.333333,false,false,false
5f951f5e-aaee-4add-bb51-fea888951405|the twilight zone,5f951f5e-aaee-4add-bb51-fea888951405,VIACOM MULTI,the twilight zone,23315dd3-f6a7-41b7-bdbb-ac013dd54165,AVATAR THE LAST AIRBENDER,AT,active,shared_token_review_evidence,0.250000,false,false,false
5f951f5e-aaee-4add-bb51-fea888951405|top gun,5f951f5e-aaee-4add-bb51-fea888951405,VIACOM MULTI,top gun,f21afc9f-8e64-46f6-875f-757f97664a8b,TOP GUN,TU,active,exact_name,1.000000,false,true,true
5f951f5e-aaee-4add-bb51-fea888951405|top gun maverick,5f951f5e-aaee-4add-bb51-fea888951405,VIACOM MULTI,top gun maverick,f21afc9f-8e64-46f6-875f-757f97664a8b,TOP GUN,TU,active,shared_token_review_evidence,0.666667,false,false,false
7575d1db-dbee-4336-84a9-aa378f05f105|legends,7575d1db-dbee-4336-84a9-aa378f05f105,WWE,legends,439ac1f9-b8a1-4e3b-a156-cfe348d6b2b2,WWE LEGENDS,WEG,active,shared_token_review_evidence,0.500000,false,false,false
7575d1db-dbee-4336-84a9-aa378f05f105|superstars,7575d1db-dbee-4336-84a9-aa378f05f105,WWE,superstars,d877e38e-7c6f-44bc-9aef-30f3d491c249,WWE SUPERSTARS,WSU,active,shared_token_review_evidence,0.500000,false,false,false
7575d1db-dbee-4336-84a9-aa378f05f105|wwe championship titles,7575d1db-dbee-4336-84a9-aa378f05f105,WWE,wwe championship titles,439ac1f9-b8a1-4e3b-a156-cfe348d6b2b2,WWE LEGENDS,WEG,active,shared_token_review_evidence,0.333333,false,false,false
7575d1db-dbee-4336-84a9-aa378f05f105|wwe championship titles,7575d1db-dbee-4336-84a9-aa378f05f105,WWE,wwe championship titles,d877e38e-7c6f-44bc-9aef-30f3d491c249,WWE SUPERSTARS,WSU,active,shared_token_review_evidence,0.333333,false,false,false
7575d1db-dbee-4336-84a9-aa378f05f105|wwe corporate logo,7575d1db-dbee-4336-84a9-aa378f05f105,WWE,wwe corporate logo,439ac1f9-b8a1-4e3b-a156-cfe348d6b2b2,WWE LEGENDS,WEG,active,shared_token_review_evidence,0.333333,false,false,false
7575d1db-dbee-4336-84a9-aa378f05f105|wwe corporate logo,7575d1db-dbee-4336-84a9-aa378f05f105,WWE,wwe corporate logo,d877e38e-7c6f-44bc-9aef-30f3d491c249,WWE SUPERSTARS,WSU,active,shared_token_review_evidence,0.333333,false,false,false
7d141a6f-e229-46a2-b3f5-0ba0c97dd820|aladdin,7d141a6f-e229-46a2-b3f5-0ba0c97dd820,DISNEY,aladdin,dd952916-072b-4dfb-a536-66bf25f237ae,ALADDIN,AD,active,exact_name,1.000000,false,true,true
7d141a6f-e229-46a2-b3f5-0ba0c97dd820|alice in wonderland,7d141a6f-e229-46a2-b3f5-0ba0c97dd820,DISNEY,alice in wonderland,2a51343c-6ed0-4c8f-9f1a-d193d4a6a573,ALICE IN WONDERLAND,AW,active,exact_name,1.000000,false,true,true
7d141a6f-e229-46a2-b3f5-0ba0c97dd820|cars,7d141a6f-e229-46a2-b3f5-0ba0c97dd820,DISNEY,cars,af20b0b0-d5e1-4741-b2bc-890fd7938954,CARS,CAR,active,exact_name,1.000000,false,true,true
7d141a6f-e229-46a2-b3f5-0ba0c97dd820|disney channel,7d141a6f-e229-46a2-b3f5-0ba0c97dd820,DISNEY,disney channel,048df4ac-fc96-4fe3-974a-46efa6f19793,DISNEY LOGO,DY,active,shared_token_review_evidence,0.500000,false,false,false
7d141a6f-e229-46a2-b3f5-0ba0c97dd820|disney channel,7d141a6f-e229-46a2-b3f5-0ba0c97dd820,DISNEY,disney channel,213ed67d-438f-4f5f-bb24-44f79b770704,DISNEY PRINCESSES,PN,active,shared_token_review_evidence,0.500000,false,false,false
7d141a6f-e229-46a2-b3f5-0ba0c97dd820|disney channel,7d141a6f-e229-46a2-b3f5-0ba0c97dd820,DISNEY,disney channel,5f53411a-0b9a-43fe-a43a-c45e5cfbfcbd,DISNEY VILLAINS,DVN,active,shared_token_review_evidence,0.500000,false,false,false
7d141a6f-e229-46a2-b3f5-0ba0c97dd820|disney channel,7d141a6f-e229-46a2-b3f5-0ba0c97dd820,DISNEY,disney channel,9c784c9b-57ec-42b2-9fb1-4abcb84f0bc8,DISNEY 100TH ANNIVERSARY,DT,active,shared_token_review_evidence,0.333333,false,false,false
7d141a6f-e229-46a2-b3f5-0ba0c97dd820|disney channel,7d141a6f-e229-46a2-b3f5-0ba0c97dd820,DISNEY,disney channel,491b1a3d-a303-4918-9a77-c1e0e2b1b175,MIXED PROPERTIES (DISNEY CLASSICS),MP,active,shared_token_review_evidence,0.250000,false,false,false
7d141a6f-e229-46a2-b3f5-0ba0c97dd820|disney classics,7d141a6f-e229-46a2-b3f5-0ba0c97dd820,DISNEY,disney classics,048df4ac-fc96-4fe3-974a-46efa6f19793,DISNEY LOGO,DY,active,shared_token_review_evidence,0.500000,false,false,false
7d141a6f-e229-46a2-b3f5-0ba0c97dd820|disney classics,7d141a6f-e229-46a2-b3f5-0ba0c97dd820,DISNEY,disney classics,213ed67d-438f-4f5f-bb24-44f79b770704,DISNEY PRINCESSES,PN,active,shared_token_review_evidence,0.500000,false,false,false
7d141a6f-e229-46a2-b3f5-0ba0c97dd820|disney classics,7d141a6f-e229-46a2-b3f5-0ba0c97dd820,DISNEY,disney classics,5f53411a-0b9a-43fe-a43a-c45e5cfbfcbd,DISNEY VILLAINS,DVN,active,shared_token_review_evidence,0.500000,false,false,false
7d141a6f-e229-46a2-b3f5-0ba0c97dd820|disney classics,7d141a6f-e229-46a2-b3f5-0ba0c97dd820,DISNEY,disney classics,491b1a3d-a303-4918-9a77-c1e0e2b1b175,MIXED PROPERTIES (DISNEY CLASSICS),MP,active,shared_token_review_evidence,0.500000,false,false,false
7d141a6f-e229-46a2-b3f5-0ba0c97dd820|disney classics,7d141a6f-e229-46a2-b3f5-0ba0c97dd820,DISNEY,disney classics,9c784c9b-57ec-42b2-9fb1-4abcb84f0bc8,DISNEY 100TH ANNIVERSARY,DT,active,shared_token_review_evidence,0.333333,false,false,false
7d141a6f-e229-46a2-b3f5-0ba0c97dd820|frozen,7d141a6f-e229-46a2-b3f5-0ba0c97dd820,DISNEY,frozen,b3486141-9ed4-40f5-9aec-878f48a1ff16,FROZEN,FZ,active,exact_name,1.000000,false,true,true
7d141a6f-e229-46a2-b3f5-0ba0c97dd820|frozen,7d141a6f-e229-46a2-b3f5-0ba0c97dd820,DISNEY,frozen,2baa138b-bd0f-411a-88ae-f0e7653366d3,FROZEN 2,F2,active,shared_token_review_evidence,1.000000,false,false,false
7d141a6f-e229-46a2-b3f5-0ba0c97dd820|frozen ii,7d141a6f-e229-46a2-b3f5-0ba0c97dd820,DISNEY,frozen ii,b3486141-9ed4-40f5-9aec-878f48a1ff16,FROZEN,FZ,active,shared_token_review_evidence,1.000000,false,false,false
7d141a6f-e229-46a2-b3f5-0ba0c97dd820|frozen ii,7d141a6f-e229-46a2-b3f5-0ba0c97dd820,DISNEY,frozen ii,2baa138b-bd0f-411a-88ae-f0e7653366d3,FROZEN 2,F2,active,shared_token_review_evidence,1.000000,false,false,false
7d141a6f-e229-46a2-b3f5-0ba0c97dd820|hercules,7d141a6f-e229-46a2-b3f5-0ba0c97dd820,DISNEY,hercules,7e21920e-1790-45bf-850c-33a16d815578,HERCULES,HE,active,exact_name,1.000000,false,true,true
7d141a6f-e229-46a2-b3f5-0ba0c97dd820|hocus pocus,7d141a6f-e229-46a2-b3f5-0ba0c97dd820,DISNEY,hocus pocus,b4a1e988-7b93-4877-a50d-6f80f9ff3b30,HOCUS POCUS,HPS,active,exact_name,1.000000,false,true,true
7d141a6f-e229-46a2-b3f5-0ba0c97dd820|mickey,7d141a6f-e229-46a2-b3f5-0ba0c97dd820,DISNEY,mickey,4bb52946-0d48-494a-a038-1b4d9293e8c1,MICKEY MOUSE,MM,active,shared_token_review_evidence,0.500000,false,false,false
7d141a6f-e229-46a2-b3f5-0ba0c97dd820|moana live action,7d141a6f-e229-46a2-b3f5-0ba0c97dd820,DISNEY,moana live action,d794c6fb-9227-47fc-90ef-55d7569ef495,LION KING (LIVE ACTION),NG,active,shared_token_review_evidence,0.500000,false,false,false
7d141a6f-e229-46a2-b3f5-0ba0c97dd820|moana live action,7d141a6f-e229-46a2-b3f5-0ba0c97dd820,DISNEY,moana live action,46be5003-d83b-4bec-9143-ee9632f1b688,LILO AND STITCH LIVE ACTION 2025,LSL,active,shared_token_review_evidence,0.333333,false,false,false
7d141a6f-e229-46a2-b3f5-0ba0c97dd820|muppets,7d141a6f-e229-46a2-b3f5-0ba0c97dd820,DISNEY,muppets,53f35a43-3719-411a-a818-1c0ef31726f5,MUPPETS,MU,active,exact_name,1.000000,false,true,true
7d141a6f-e229-46a2-b3f5-0ba0c97dd820|nightmare before xmas,7d141a6f-e229-46a2-b3f5-0ba0c97dd820,DISNEY,nightmare before xmas,93d213f5-4fc5-4669-bf0e-7177a691b966,NIGHTMARE BEFORE CHRISTMAS,NX,active,shared_token_review_evidence,0.666667,false,false,false
7d141a6f-e229-46a2-b3f5-0ba0c97dd820|peter pan,7d141a6f-e229-46a2-b3f5-0ba0c97dd820,DISNEY,peter pan,282ee9db-10f6-4a46-b066-918866b33de3,PETER PAN,PA,active,exact_name,1.000000,false,true,true
7d141a6f-e229-46a2-b3f5-0ba0c97dd820|pixar,7d141a6f-e229-46a2-b3f5-0ba0c97dd820,DISNEY,pixar,b6c39c03-6f34-43f3-b84e-87aba615ac45,MIXED PROPERTIES PIXAR,PX,active,shared_token_review_evidence,0.333333,false,false,false
7d141a6f-e229-46a2-b3f5-0ba0c97dd820|planes,7d141a6f-e229-46a2-b3f5-0ba0c97dd820,DISNEY,planes,43298ef6-0852-421c-80ba-eabc266b7baf,DISNEY'S PLANES,PC,active,shared_token_review_evidence,0.500000,false,false,false
7d141a6f-e229-46a2-b3f5-0ba0c97dd820|stitch,7d141a6f-e229-46a2-b3f5-0ba0c97dd820,DISNEY,stitch,2a83c3d9-794d-41cc-8467-f53a27ddb625,LILO AND STITCH,LS,active,shared_token_review_evidence,0.333333,false,false,false
7d141a6f-e229-46a2-b3f5-0ba0c97dd820|stitch,7d141a6f-e229-46a2-b3f5-0ba0c97dd820,DISNEY,stitch,46be5003-d83b-4bec-9143-ee9632f1b688,LILO AND STITCH LIVE ACTION 2025,LSL,active,shared_token_review_evidence,0.166667,false,false,false
7d141a6f-e229-46a2-b3f5-0ba0c97dd820|the lion king,7d141a6f-e229-46a2-b3f5-0ba0c97dd820,DISNEY,the lion king,d794c6fb-9227-47fc-90ef-55d7569ef495,LION KING (LIVE ACTION),NG,active,shared_token_review_evidence,0.500000,false,false,false
7d141a6f-e229-46a2-b3f5-0ba0c97dd820|the lion king,7d141a6f-e229-46a2-b3f5-0ba0c97dd820,DISNEY,the lion king,b3f195f8-61f9-42ba-b7c9-1932a0ebcf78,WINNIE THE POOH,WP,active,shared_token_review_evidence,0.333333,false,false,false
7d141a6f-e229-46a2-b3f5-0ba0c97dd820|the little mermaid,7d141a6f-e229-46a2-b3f5-0ba0c97dd820,DISNEY,the little mermaid,b3f195f8-61f9-42ba-b7c9-1932a0ebcf78,WINNIE THE POOH,WP,active,shared_token_review_evidence,0.333333,false,false,false
7d141a6f-e229-46a2-b3f5-0ba0c97dd820|toy story 4,7d141a6f-e229-46a2-b3f5-0ba0c97dd820,DISNEY,toy story 4,74a90714-2926-4beb-a70c-c5570b963296,TOY STORY 4,TS,active,exact_name,1.000000,false,true,true
7d141a6f-e229-46a2-b3f5-0ba0c97dd820|toy story 5,7d141a6f-e229-46a2-b3f5-0ba0c97dd820,DISNEY,toy story 5,74a90714-2926-4beb-a70c-c5570b963296,TOY STORY 4,TS,active,shared_token_review_evidence,1.000000,false,false,false
7d141a6f-e229-46a2-b3f5-0ba0c97dd820|toy story classic,7d141a6f-e229-46a2-b3f5-0ba0c97dd820,DISNEY,toy story classic,74a90714-2926-4beb-a70c-c5570b963296,TOY STORY 4,TS,active,shared_token_review_evidence,0.666667,false,false,false
7d141a6f-e229-46a2-b3f5-0ba0c97dd820|toy story classic,7d141a6f-e229-46a2-b3f5-0ba0c97dd820,DISNEY,toy story classic,635488f5-c9ea-4e71-ac06-d844b0e5f2cf,CLASSIC PROPERTIES,CP,active,shared_token_review_evidence,0.333333,false,false,false
7d141a6f-e229-46a2-b3f5-0ba0c97dd820|villains,7d141a6f-e229-46a2-b3f5-0ba0c97dd820,DISNEY,villains,5f53411a-0b9a-43fe-a43a-c45e5cfbfcbd,DISNEY VILLAINS,DVN,active,shared_token_review_evidence,0.500000,false,false,false
7d141a6f-e229-46a2-b3f5-0ba0c97dd820|villains,7d141a6f-e229-46a2-b3f5-0ba0c97dd820,DISNEY,villains,238089bc-04d6-4e28-a385-17c1b05bdc2d,VILLAINS GROUP,VG,active,shared_token_review_evidence,0.500000,false,false,false
7d141a6f-e229-46a2-b3f5-0ba0c97dd820|winnie the pooh,7d141a6f-e229-46a2-b3f5-0ba0c97dd820,DISNEY,winnie the pooh,b3f195f8-61f9-42ba-b7c9-1932a0ebcf78,WINNIE THE POOH,WP,active,exact_name,1.000000,false,true,true
88313675-0089-4072-87be-5b989df8a3fc|beetlejuice,88313675-0089-4072-87be-5b989df8a3fc,WARNER BROS,beetlejuice,4e41dcdf-a2cb-4ddd-ad03-f447ab73615a,BEETLEJUICE,BJ,active,exact_name,1.000000,false,true,true
88313675-0089-4072-87be-5b989df8a3fc|beetlejuice 2,88313675-0089-4072-87be-5b989df8a3fc,WARNER BROS,beetlejuice 2,4e41dcdf-a2cb-4ddd-ad03-f447ab73615a,BEETLEJUICE,BJ,active,shared_token_review_evidence,1.000000,false,false,false
88313675-0089-4072-87be-5b989df8a3fc|corpse bride,88313675-0089-4072-87be-5b989df8a3fc,WARNER BROS,corpse bride,01e61839-32ad-4eaf-b9e4-14b97cbd86b1,CORPSE BRIDE,CD,active,exact_name,1.000000,false,true,true
88313675-0089-4072-87be-5b989df8a3fc|friends,88313675-0089-4072-87be-5b989df8a3fc,WARNER BROS,friends,95c1c2a5-da7b-4e69-b275-bc57e0298396,FRIENDS,FN,active,exact_name,1.000000,false,true,true
88313675-0089-4072-87be-5b989df8a3fc|friends,88313675-0089-4072-87be-5b989df8a3fc,WARNER BROS,friends,72e026f2-e0ca-4fe8-b96d-4090519e47c6,SMILING FRIENDS,SFS,active,shared_token_review_evidence,0.500000,false,false,false
88313675-0089-4072-87be-5b989df8a3fc|game of thrones,88313675-0089-4072-87be-5b989df8a3fc,WARNER BROS,game of thrones,be51fe30-87a9-409e-bf62-43d5c18e039f,GAME OF THRONES,GT,active,exact_name,1.000000,false,true,true
88313675-0089-4072-87be-5b989df8a3fc|gilmore girls,88313675-0089-4072-87be-5b989df8a3fc,WARNER BROS,gilmore girls,c8d1dd59-7c9a-4a58-ac46-63789df04286,GILMORE GIRLS,GGS,active,exact_name,1.000000,false,true,true
88313675-0089-4072-87be-5b989df8a3fc|gilmore girls,88313675-0089-4072-87be-5b989df8a3fc,WARNER BROS,gilmore girls,89fae816-2cd6-462f-ab11-c3853ec141fb,POWERPUFF GIRLS,PW,active,shared_token_review_evidence,0.500000,false,false,false
88313675-0089-4072-87be-5b989df8a3fc|house of the dragon,88313675-0089-4072-87be-5b989df8a3fc,WARNER BROS,house of the dragon,3577f4c0-e900-45e8-aecc-89d4eac0bd6f,FRIDAY THE 13TH,FT,active,shared_token_review_evidence,0.333333,false,false,false
88313675-0089-4072-87be-5b989df8a3fc|house of the dragon,88313675-0089-4072-87be-5b989df8a3fc,WARNER BROS,house of the dragon,abf71e62-7598-4b34-b07f-364eea7cac07,LORD OF THE RINGS,LR,active,shared_token_review_evidence,0.333333,false,false,false
88313675-0089-4072-87be-5b989df8a3fc|house of the dragon,88313675-0089-4072-87be-5b989df8a3fc,WARNER BROS,house of the dragon,dc025c07-afd4-44b3-b810-9cc35b1fc280,THE CONJURING 2 2016,C6,active,shared_token_review_evidence,0.333333,false,false,false
88313675-0089-4072-87be-5b989df8a3fc|house of the dragon,88313675-0089-4072-87be-5b989df8a3fc,WARNER BROS,house of the dragon,773831f5-6395-4734-9633-69a1fb300725,THE CONJURING 2013,C3,active,shared_token_review_evidence,0.333333,false,false,false
88313675-0089-4072-87be-5b989df8a3fc|house of the dragon,88313675-0089-4072-87be-5b989df8a3fc,WARNER BROS,house of the dragon,46a2193f-c29a-424e-813a-8e173f38cb27,THE NUN 2 2023,N3,active,shared_token_review_evidence,0.333333,false,false,false
88313675-0089-4072-87be-5b989df8a3fc|house of the dragon,88313675-0089-4072-87be-5b989df8a3fc,WARNER BROS,house of the dragon,3e4d0960-fbb8-4e20-add8-88cebf8d4af5,THE NUN 2018,N8,active,shared_token_review_evidence,0.333333,false,false,false
88313675-0089-4072-87be-5b989df8a3fc|house of the dragon,88313675-0089-4072-87be-5b989df8a3fc,WARNER BROS,house of the dragon,81d51de1-6ad8-45f2-889f-6b27a10faece,FROSTY THE SNOW MAN,FM,active,shared_token_review_evidence,0.250000,false,false,false
88313675-0089-4072-87be-5b989df8a3fc|house of the dragon,88313675-0089-4072-87be-5b989df8a3fc,WARNER BROS,house of the dragon,7bdd3e50-e0bb-470e-9479-28f2ace5fe88,OVER THE GARDEN WALL,OGW,active,shared_token_review_evidence,0.250000,false,false,false
88313675-0089-4072-87be-5b989df8a3fc|house of the dragon,88313675-0089-4072-87be-5b989df8a3fc,WARNER BROS,house of the dragon,3f0cef0d-488b-4cc3-ab72-0cf273b2c1c8,THE CONJURING 3: THE DEVIL MADE ME DO IT,C1,active,shared_token_review_evidence,0.250000,false,false,false
88313675-0089-4072-87be-5b989df8a3fc|house of the dragon,88313675-0089-4072-87be-5b989df8a3fc,WARNER BROS,house of the dragon,387bd16b-3cfe-4aec-b2d6-0550e7a3a54c,WHERE THE WILD THINGS ARE,WT,active,shared_token_review_evidence,0.200000,false,false,false
88313675-0089-4072-87be-5b989df8a3fc|looney tunes,88313675-0089-4072-87be-5b989df8a3fc,WARNER BROS,looney tunes,b2bf31a7-f69a-46c8-8819-eda0605dc07a,LOONEY TUNES,LT,active,exact_name,1.000000,false,true,true
88313675-0089-4072-87be-5b989df8a3fc|lord of the rings,88313675-0089-4072-87be-5b989df8a3fc,WARNER BROS,lord of the rings,abf71e62-7598-4b34-b07f-364eea7cac07,LORD OF THE RINGS,LR,active,exact_name,1.000000,false,true,true
88313675-0089-4072-87be-5b989df8a3fc|lord of the rings,88313675-0089-4072-87be-5b989df8a3fc,WARNER BROS,lord of the rings,3577f4c0-e900-45e8-aecc-89d4eac0bd6f,FRIDAY THE 13TH,FT,active,shared_token_review_evidence,0.333333,false,false,false
88313675-0089-4072-87be-5b989df8a3fc|lord of the rings,88313675-0089-4072-87be-5b989df8a3fc,WARNER BROS,lord of the rings,dc025c07-afd4-44b3-b810-9cc35b1fc280,THE CONJURING 2 2016,C6,active,shared_token_review_evidence,0.333333,false,false,false
88313675-0089-4072-87be-5b989df8a3fc|lord of the rings,88313675-0089-4072-87be-5b989df8a3fc,WARNER BROS,lord of the rings,773831f5-6395-4734-9633-69a1fb300725,THE CONJURING 2013,C3,active,shared_token_review_evidence,0.333333,false,false,false
88313675-0089-4072-87be-5b989df8a3fc|lord of the rings,88313675-0089-4072-87be-5b989df8a3fc,WARNER BROS,lord of the rings,46a2193f-c29a-424e-813a-8e173f38cb27,THE NUN 2 2023,N3,active,shared_token_review_evidence,0.333333,false,false,false
88313675-0089-4072-87be-5b989df8a3fc|lord of the rings,88313675-0089-4072-87be-5b989df8a3fc,WARNER BROS,lord of the rings,3e4d0960-fbb8-4e20-add8-88cebf8d4af5,THE NUN 2018,N8,active,shared_token_review_evidence,0.333333,false,false,false
88313675-0089-4072-87be-5b989df8a3fc|lord of the rings,88313675-0089-4072-87be-5b989df8a3fc,WARNER BROS,lord of the rings,81d51de1-6ad8-45f2-889f-6b27a10faece,FROSTY THE SNOW MAN,FM,active,shared_token_review_evidence,0.250000,false,false,false
88313675-0089-4072-87be-5b989df8a3fc|lord of the rings,88313675-0089-4072-87be-5b989df8a3fc,WARNER BROS,lord of the rings,7bdd3e50-e0bb-470e-9479-28f2ace5fe88,OVER THE GARDEN WALL,OGW,active,shared_token_review_evidence,0.250000,false,false,false
88313675-0089-4072-87be-5b989df8a3fc|lord of the rings,88313675-0089-4072-87be-5b989df8a3fc,WARNER BROS,lord of the rings,3f0cef0d-488b-4cc3-ab72-0cf273b2c1c8,THE CONJURING 3: THE DEVIL MADE ME DO IT,C1,active,shared_token_review_evidence,0.250000,false,false,false
88313675-0089-4072-87be-5b989df8a3fc|lord of the rings,88313675-0089-4072-87be-5b989df8a3fc,WARNER BROS,lord of the rings,387bd16b-3cfe-4aec-b2d6-0550e7a3a54c,WHERE THE WILD THINGS ARE,WT,active,shared_token_review_evidence,0.200000,false,false,false
88313675-0089-4072-87be-5b989df8a3fc|lotr the hobbit,88313675-0089-4072-87be-5b989df8a3fc,WARNER BROS,lotr the hobbit,3577f4c0-e900-45e8-aecc-89d4eac0bd6f,FRIDAY THE 13TH,FT,active,shared_token_review_evidence,0.333333,false,false,false
88313675-0089-4072-87be-5b989df8a3fc|lotr the hobbit,88313675-0089-4072-87be-5b989df8a3fc,WARNER BROS,lotr the hobbit,abf71e62-7598-4b34-b07f-364eea7cac07,LORD OF THE RINGS,LR,active,shared_token_review_evidence,0.333333,false,false,false
88313675-0089-4072-87be-5b989df8a3fc|lotr the hobbit,88313675-0089-4072-87be-5b989df8a3fc,WARNER BROS,lotr the hobbit,dc025c07-afd4-44b3-b810-9cc35b1fc280,THE CONJURING 2 2016,C6,active,shared_token_review_evidence,0.333333,false,false,false
88313675-0089-4072-87be-5b989df8a3fc|lotr the hobbit,88313675-0089-4072-87be-5b989df8a3fc,WARNER BROS,lotr the hobbit,773831f5-6395-4734-9633-69a1fb300725,THE CONJURING 2013,C3,active,shared_token_review_evidence,0.333333,false,false,false
88313675-0089-4072-87be-5b989df8a3fc|lotr the hobbit,88313675-0089-4072-87be-5b989df8a3fc,WARNER BROS,lotr the hobbit,46a2193f-c29a-424e-813a-8e173f38cb27,THE NUN 2 2023,N3,active,shared_token_review_evidence,0.333333,false,false,false
88313675-0089-4072-87be-5b989df8a3fc|lotr the hobbit,88313675-0089-4072-87be-5b989df8a3fc,WARNER BROS,lotr the hobbit,3e4d0960-fbb8-4e20-add8-88cebf8d4af5,THE NUN 2018,N8,active,shared_token_review_evidence,0.333333,false,false,false
88313675-0089-4072-87be-5b989df8a3fc|lotr the hobbit,88313675-0089-4072-87be-5b989df8a3fc,WARNER BROS,lotr the hobbit,81d51de1-6ad8-45f2-889f-6b27a10faece,FROSTY THE SNOW MAN,FM,active,shared_token_review_evidence,0.250000,false,false,false
88313675-0089-4072-87be-5b989df8a3fc|lotr the hobbit,88313675-0089-4072-87be-5b989df8a3fc,WARNER BROS,lotr the hobbit,7bdd3e50-e0bb-470e-9479-28f2ace5fe88,OVER THE GARDEN WALL,OGW,active,shared_token_review_evidence,0.250000,false,false,false
88313675-0089-4072-87be-5b989df8a3fc|lotr the hobbit,88313675-0089-4072-87be-5b989df8a3fc,WARNER BROS,lotr the hobbit,3f0cef0d-488b-4cc3-ab72-0cf273b2c1c8,THE CONJURING 3: THE DEVIL MADE ME DO IT,C1,active,shared_token_review_evidence,0.250000,false,false,false
88313675-0089-4072-87be-5b989df8a3fc|lotr the hobbit,88313675-0089-4072-87be-5b989df8a3fc,WARNER BROS,lotr the hobbit,387bd16b-3cfe-4aec-b2d6-0550e7a3a54c,WHERE THE WILD THINGS ARE,WT,active,shared_token_review_evidence,0.200000,false,false,false
88313675-0089-4072-87be-5b989df8a3fc|mortal kombat,88313675-0089-4072-87be-5b989df8a3fc,WARNER BROS,mortal kombat,c0873079-36a4-4ab1-9aa0-1e8bedc6b274,MORTAL KOMBAT,MB,active,exact_name,1.000000,false,true,true
88313675-0089-4072-87be-5b989df8a3fc|power puff girls,88313675-0089-4072-87be-5b989df8a3fc,WARNER BROS,power puff girls,c8d1dd59-7c9a-4a58-ac46-63789df04286,GILMORE GIRLS,GGS,active,shared_token_review_evidence,0.333333,false,false,false
88313675-0089-4072-87be-5b989df8a3fc|power puff girls,88313675-0089-4072-87be-5b989df8a3fc,WARNER BROS,power puff girls,89fae816-2cd6-462f-ab11-c3853ec141fb,POWERPUFF GIRLS,PW,active,shared_token_review_evidence,0.333333,false,false,false
88313675-0089-4072-87be-5b989df8a3fc|rick and morty,88313675-0089-4072-87be-5b989df8a3fc,WARNER BROS,rick and morty,789246d1-d721-40fb-97b6-ecfc73c3e2a3,RICK & MORTY,RK,active,shared_token_review_evidence,0.666667,false,false,false
88313675-0089-4072-87be-5b989df8a3fc|seinfeld,88313675-0089-4072-87be-5b989df8a3fc,WARNER BROS,seinfeld,9981838d-f7b5-491a-bf4b-7b994ba3ef41,SEINFELD,SN,active,exact_name,1.000000,false,true,true
88313675-0089-4072-87be-5b989df8a3fc|ted lasso,88313675-0089-4072-87be-5b989df8a3fc,WARNER BROS,ted lasso,6035073f-3993-45b1-baa9-594db3b634da,TED LASSO,TL,active,exact_name,1.000000,false,true,true
88313675-0089-4072-87be-5b989df8a3fc|the goodfellas,88313675-0089-4072-87be-5b989df8a3fc,WARNER BROS,the goodfellas,3577f4c0-e900-45e8-aecc-89d4eac0bd6f,FRIDAY THE 13TH,FT,active,shared_token_review_evidence,0.500000,false,false,false
88313675-0089-4072-87be-5b989df8a3fc|the goodfellas,88313675-0089-4072-87be-5b989df8a3fc,WARNER BROS,the goodfellas,6894b647-b4b0-45b3-8f5f-8490044c9221,GOODFELLAS,GS,active,shared_token_review_evidence,0.500000,false,false,false
88313675-0089-4072-87be-5b989df8a3fc|the goodfellas,88313675-0089-4072-87be-5b989df8a3fc,WARNER BROS,the goodfellas,abf71e62-7598-4b34-b07f-364eea7cac07,LORD OF THE RINGS,LR,active,shared_token_review_evidence,0.333333,false,false,false
88313675-0089-4072-87be-5b989df8a3fc|the goodfellas,88313675-0089-4072-87be-5b989df8a3fc,WARNER BROS,the goodfellas,dc025c07-afd4-44b3-b810-9cc35b1fc280,THE CONJURING 2 2016,C6,active,shared_token_review_evidence,0.333333,false,false,false
88313675-0089-4072-87be-5b989df8a3fc|the goodfellas,88313675-0089-4072-87be-5b989df8a3fc,WARNER BROS,the goodfellas,773831f5-6395-4734-9633-69a1fb300725,THE CONJURING 2013,C3,active,shared_token_review_evidence,0.333333,false,false,false
88313675-0089-4072-87be-5b989df8a3fc|the goodfellas,88313675-0089-4072-87be-5b989df8a3fc,WARNER BROS,the goodfellas,46a2193f-c29a-424e-813a-8e173f38cb27,THE NUN 2 2023,N3,active,shared_token_review_evidence,0.333333,false,false,false
88313675-0089-4072-87be-5b989df8a3fc|the goodfellas,88313675-0089-4072-87be-5b989df8a3fc,WARNER BROS,the goodfellas,3e4d0960-fbb8-4e20-add8-88cebf8d4af5,THE NUN 2018,N8,active,shared_token_review_evidence,0.333333,false,false,false
88313675-0089-4072-87be-5b989df8a3fc|the goodfellas,88313675-0089-4072-87be-5b989df8a3fc,WARNER BROS,the goodfellas,81d51de1-6ad8-45f2-889f-6b27a10faece,FROSTY THE SNOW MAN,FM,active,shared_token_review_evidence,0.250000,false,false,false
88313675-0089-4072-87be-5b989df8a3fc|the goodfellas,88313675-0089-4072-87be-5b989df8a3fc,WARNER BROS,the goodfellas,7bdd3e50-e0bb-470e-9479-28f2ace5fe88,OVER THE GARDEN WALL,OGW,active,shared_token_review_evidence,0.250000,false,false,false
88313675-0089-4072-87be-5b989df8a3fc|the goodfellas,88313675-0089-4072-87be-5b989df8a3fc,WARNER BROS,the goodfellas,3f0cef0d-488b-4cc3-ab72-0cf273b2c1c8,THE CONJURING 3: THE DEVIL MADE ME DO IT,C1,active,shared_token_review_evidence,0.250000,false,false,false
88313675-0089-4072-87be-5b989df8a3fc|the goonies,88313675-0089-4072-87be-5b989df8a3fc,WARNER BROS,the goonies,3577f4c0-e900-45e8-aecc-89d4eac0bd6f,FRIDAY THE 13TH,FT,active,shared_token_review_evidence,0.500000,false,false,false
88313675-0089-4072-87be-5b989df8a3fc|the goonies,88313675-0089-4072-87be-5b989df8a3fc,WARNER BROS,the goonies,abf71e62-7598-4b34-b07f-364eea7cac07,LORD OF THE RINGS,LR,active,shared_token_review_evidence,0.333333,false,false,false
88313675-0089-4072-87be-5b989df8a3fc|the goonies,88313675-0089-4072-87be-5b989df8a3fc,WARNER BROS,the goonies,dc025c07-afd4-44b3-b810-9cc35b1fc280,THE CONJURING 2 2016,C6,active,shared_token_review_evidence,0.333333,false,false,false
88313675-0089-4072-87be-5b989df8a3fc|the goonies,88313675-0089-4072-87be-5b989df8a3fc,WARNER BROS,the goonies,773831f5-6395-4734-9633-69a1fb300725,THE CONJURING 2013,C3,active,shared_token_review_evidence,0.333333,false,false,false
88313675-0089-4072-87be-5b989df8a3fc|the goonies,88313675-0089-4072-87be-5b989df8a3fc,WARNER BROS,the goonies,46a2193f-c29a-424e-813a-8e173f38cb27,THE NUN 2 2023,N3,active,shared_token_review_evidence,0.333333,false,false,false
88313675-0089-4072-87be-5b989df8a3fc|the goonies,88313675-0089-4072-87be-5b989df8a3fc,WARNER BROS,the goonies,3e4d0960-fbb8-4e20-add8-88cebf8d4af5,THE NUN 2018,N8,active,shared_token_review_evidence,0.333333,false,false,false
88313675-0089-4072-87be-5b989df8a3fc|the goonies,88313675-0089-4072-87be-5b989df8a3fc,WARNER BROS,the goonies,81d51de1-6ad8-45f2-889f-6b27a10faece,FROSTY THE SNOW MAN,FM,active,shared_token_review_evidence,0.250000,false,false,false
88313675-0089-4072-87be-5b989df8a3fc|the goonies,88313675-0089-4072-87be-5b989df8a3fc,WARNER BROS,the goonies,7bdd3e50-e0bb-470e-9479-28f2ace5fe88,OVER THE GARDEN WALL,OGW,active,shared_token_review_evidence,0.250000,false,false,false
88313675-0089-4072-87be-5b989df8a3fc|the goonies,88313675-0089-4072-87be-5b989df8a3fc,WARNER BROS,the goonies,3f0cef0d-488b-4cc3-ab72-0cf273b2c1c8,THE CONJURING 3: THE DEVIL MADE ME DO IT,C1,active,shared_token_review_evidence,0.250000,false,false,false
88313675-0089-4072-87be-5b989df8a3fc|the goonies,88313675-0089-4072-87be-5b989df8a3fc,WARNER BROS,the goonies,387bd16b-3cfe-4aec-b2d6-0550e7a3a54c,WHERE THE WILD THINGS ARE,WT,active,shared_token_review_evidence,0.200000,false,false,false
88313675-0089-4072-87be-5b989df8a3fc|tom and jerry,88313675-0089-4072-87be-5b989df8a3fc,WARNER BROS,tom and jerry,158e853d-81e3-4061-a72b-5f885e278163,TOM & JERRY,TJ,active,shared_token_review_evidence,0.666667,false,false,false
88313675-0089-4072-87be-5b989df8a3fc|wb christmas,88313675-0089-4072-87be-5b989df8a3fc,WARNER BROS,wb christmas,1c75f413-582a-4ea0-87a1-3f5f3027c1ac,A CHRISTMAS STORY,CS,active,shared_token_review_evidence,0.500000,false,false,false
88313675-0089-4072-87be-5b989df8a3fc|where the wild things are,88313675-0089-4072-87be-5b989df8a3fc,WARNER BROS,where the wild things are,387bd16b-3cfe-4aec-b2d6-0550e7a3a54c,WHERE THE WILD THINGS ARE,WT,active,exact_name,1.000000,false,true,true
88313675-0089-4072-87be-5b989df8a3fc|where the wild things are,88313675-0089-4072-87be-5b989df8a3fc,WARNER BROS,where the wild things are,3577f4c0-e900-45e8-aecc-89d4eac0bd6f,FRIDAY THE 13TH,FT,active,shared_token_review_evidence,0.200000,false,false,false
88313675-0089-4072-87be-5b989df8a3fc|where the wild things are,88313675-0089-4072-87be-5b989df8a3fc,WARNER BROS,where the wild things are,81d51de1-6ad8-45f2-889f-6b27a10faece,FROSTY THE SNOW MAN,FM,active,shared_token_review_evidence,0.200000,false,false,false
88313675-0089-4072-87be-5b989df8a3fc|where the wild things are,88313675-0089-4072-87be-5b989df8a3fc,WARNER BROS,where the wild things are,abf71e62-7598-4b34-b07f-364eea7cac07,LORD OF THE RINGS,LR,active,shared_token_review_evidence,0.200000,false,false,false
88313675-0089-4072-87be-5b989df8a3fc|where the wild things are,88313675-0089-4072-87be-5b989df8a3fc,WARNER BROS,where the wild things are,7bdd3e50-e0bb-470e-9479-28f2ace5fe88,OVER THE GARDEN WALL,OGW,active,shared_token_review_evidence,0.200000,false,false,false
88313675-0089-4072-87be-5b989df8a3fc|where the wild things are,88313675-0089-4072-87be-5b989df8a3fc,WARNER BROS,where the wild things are,dc025c07-afd4-44b3-b810-9cc35b1fc280,THE CONJURING 2 2016,C6,active,shared_token_review_evidence,0.200000,false,false,false
88313675-0089-4072-87be-5b989df8a3fc|where the wild things are,88313675-0089-4072-87be-5b989df8a3fc,WARNER BROS,where the wild things are,773831f5-6395-4734-9633-69a1fb300725,THE CONJURING 2013,C3,active,shared_token_review_evidence,0.200000,false,false,false
88313675-0089-4072-87be-5b989df8a3fc|where the wild things are,88313675-0089-4072-87be-5b989df8a3fc,WARNER BROS,where the wild things are,3f0cef0d-488b-4cc3-ab72-0cf273b2c1c8,THE CONJURING 3: THE DEVIL MADE ME DO IT,C1,active,shared_token_review_evidence,0.200000,false,false,false
88313675-0089-4072-87be-5b989df8a3fc|where the wild things are,88313675-0089-4072-87be-5b989df8a3fc,WARNER BROS,where the wild things are,46a2193f-c29a-424e-813a-8e173f38cb27,THE NUN 2 2023,N3,active,shared_token_review_evidence,0.200000,false,false,false
88313675-0089-4072-87be-5b989df8a3fc|where the wild things are,88313675-0089-4072-87be-5b989df8a3fc,WARNER BROS,where the wild things are,3e4d0960-fbb8-4e20-add8-88cebf8d4af5,THE NUN 2018,N8,active,shared_token_review_evidence,0.200000,false,false,false
88313675-0089-4072-87be-5b989df8a3fc|wizard of oz,88313675-0089-4072-87be-5b989df8a3fc,WARNER BROS,wizard of oz,1ed0a814-bc1e-4874-9850-9d6dcf297ad6,WIZARD OF OZ,WZ,active,exact_name,1.000000,false,true,true
88313675-0089-4072-87be-5b989df8a3fc|wonka 2023,88313675-0089-4072-87be-5b989df8a3fc,WARNER BROS,wonka 2023,46a2193f-c29a-424e-813a-8e173f38cb27,THE NUN 2 2023,N3,active,shared_token_review_evidence,0.333333,false,false,false
afff41a6-df31-4a9a-aea5-b919d1daff54|70th anniversary peanuts logo,afff41a6-df31-4a9a-aea5-b919d1daff54,PEANUTS WORLDWIDE,70th anniversary peanuts logo,4a9b6b9b-7f12-45fa-b901-5cc274a6e4b0,PEANUTS,UT,active,shared_token_review_evidence,0.250000,false,false,false
afff41a6-df31-4a9a-aea5-b919d1daff54|peanuts records,afff41a6-df31-4a9a-aea5-b919d1daff54,PEANUTS WORLDWIDE,peanuts records,4a9b6b9b-7f12-45fa-b901-5cc274a6e4b0,PEANUTS,UT,active,shared_token_review_evidence,0.500000,false,false,false
c70e095c-2baf-404e-a2a3-c198a259a3e6|26 ss coca cola resort,c70e095c-2baf-404e-a2a3-c198a259a3e6,COCA COLA,26 ss coca cola resort,122a01c7-010f-4eac-bc5c-1e70a451b8ae,COCA COLA,CCC,active,shared_token_review_evidence,0.666667,false,false,false
c70e095c-2baf-404e-a2a3-c198a259a3e6|26 ss coca cola resort,c70e095c-2baf-404e-a2a3-c198a259a3e6,COCA COLA,26 ss coca cola resort,c8ee8ddc-25c2-4835-a3dd-fc5fac4c962b,COCA COLA ZERO,CCZ,active,shared_token_review_evidence,0.666667,false,false,false
c70e095c-2baf-404e-a2a3-c198a259a3e6|cherry coke,c70e095c-2baf-404e-a2a3-c198a259a3e6,COCA COLA,cherry coke,4ef79bdc-7766-4d12-9c4b-3a2ac45f1b4a,COKE,CKC,active,shared_token_review_evidence,0.500000,false,false,false
c70e095c-2baf-404e-a2a3-c198a259a3e6|cherry coke,c70e095c-2baf-404e-a2a3-c198a259a3e6,COCA COLA,cherry coke,f8d43f7d-3e49-402e-8fa4-09638bd56c69,DIET COKE,CDC,active,shared_token_review_evidence,0.500000,false,false,false
c70e095c-2baf-404e-a2a3-c198a259a3e6|coca cola packaging one sheet 2023 update folder,c70e095c-2baf-404e-a2a3-c198a259a3e6,COCA COLA,coca cola packaging one sheet 2023 update folder,122a01c7-010f-4eac-bc5c-1e70a451b8ae,COCA COLA,CCC,active,shared_token_review_evidence,0.250000,false,false,false
c70e095c-2baf-404e-a2a3-c198a259a3e6|coca cola packaging one sheet 2023 update folder,c70e095c-2baf-404e-a2a3-c198a259a3e6,COCA COLA,coca cola packaging one sheet 2023 update folder,c8ee8ddc-25c2-4835-a3dd-fc5fac4c962b,COCA COLA ZERO,CCZ,active,shared_token_review_evidence,0.250000,false,false,false
c70e095c-2baf-404e-a2a3-c198a259a3e6|diet coke,c70e095c-2baf-404e-a2a3-c198a259a3e6,COCA COLA,diet coke,f8d43f7d-3e49-402e-8fa4-09638bd56c69,DIET COKE,CDC,active,exact_name,1.000000,false,true,true
c70e095c-2baf-404e-a2a3-c198a259a3e6|diet coke,c70e095c-2baf-404e-a2a3-c198a259a3e6,COCA COLA,diet coke,4ef79bdc-7766-4d12-9c4b-3a2ac45f1b4a,COKE,CKC,active,shared_token_review_evidence,0.500000,false,false,false
e5f1686c-700c-42f6-bbc6-98aaa9ce1634|sega,e5f1686c-700c-42f6-bbc6-98aaa9ce1634,SEGA,sega,30414503-8d60-4bd9-bf40-80378d2f518d,SEGA,GA,active,exact_name,1.000000,false,true,true
e5f1686c-700c-42f6-bbc6-98aaa9ce1634|sonic,e5f1686c-700c-42f6-bbc6-98aaa9ce1634,SEGA,sonic,35cc5a57-b5e6-4c98-8a66-f2785fb68dce,SONIC CLASSIC,SC,active,shared_token_review_evidence,0.500000,false,false,false
e5f1686c-700c-42f6-bbc6-98aaa9ce1634|sonic,e5f1686c-700c-42f6-bbc6-98aaa9ce1634,SEGA,sonic,b2d6def6-62bf-4303-9f94-220e03c3071b,SONIC MODERN,SR,active,shared_token_review_evidence,0.500000,false,false,false
e90c3124-e66d-404f-b777-0dae9a5ee4f3|shaun the sheep,e90c3124-e66d-404f-b777-0dae9a5ee4f3,AARDMAN ANIMATIONS,shaun the sheep,5fa35966-05b3-4096-8098-86651031e9de,SHAUN THE SHEEP,SSE,active,exact_name,1.000000,false,true,true
e90c3124-e66d-404f-b777-0dae9a5ee4f3|wallace and gromit,e90c3124-e66d-404f-b777-0dae9a5ee4f3,AARDMAN ANIMATIONS,wallace and gromit,44969e30-68da-4719-b9ca-66f83d59f337,WALLACE & GROMIT,WG,active,shared_token_review_evidence,0.666667,false,false,false
f143c083-2dfd-48b9-ac9b-43d2290a4e4c|2025 ss marvel creative rollout,f143c083-2dfd-48b9-ac9b-43d2290a4e4c,MARVEL,2025 ss marvel creative rollout,ceeec50b-3b5a-4ea4-9f0f-81640908f939,CAPTAIN MARVEL,CM,active,shared_token_review_evidence,0.250000,false,false,false
f143c083-2dfd-48b9-ac9b-43d2290a4e4c|2025 ss marvel creative rollout,f143c083-2dfd-48b9-ac9b-43d2290a4e4c,MARVEL,2025 ss marvel creative rollout,ba64e119-517e-41c2-9679-650e62ca4287,MARVEL ASSORTED STYLES,MV,active,shared_token_review_evidence,0.250000,false,false,false
f143c083-2dfd-48b9-ac9b-43d2290a4e4c|2025 ss marvel creative rollout,f143c083-2dfd-48b9-ac9b-43d2290a4e4c,MARVEL,2025 ss marvel creative rollout,bafff40f-dfaa-43de-a5d9-8a002cf89464,MARVEL RETRO GROUP,MG,active,shared_token_review_evidence,0.250000,false,false,false
f143c083-2dfd-48b9-ac9b-43d2290a4e4c|avengers,f143c083-2dfd-48b9-ac9b-43d2290a4e4c,MARVEL,avengers,2be6ea98-3bb8-452a-bcc6-30d51b8beea8,AVENGERS GROUP,AV,active,shared_token_review_evidence,0.500000,false,false,false
f143c083-2dfd-48b9-ac9b-43d2290a4e4c|marvel universe publishing art archive,f143c083-2dfd-48b9-ac9b-43d2290a4e4c,MARVEL,marvel universe publishing art archive,ceeec50b-3b5a-4ea4-9f0f-81640908f939,CAPTAIN MARVEL,CM,active,shared_token_review_evidence,0.200000,false,false,false
f143c083-2dfd-48b9-ac9b-43d2290a4e4c|marvel universe publishing art archive,f143c083-2dfd-48b9-ac9b-43d2290a4e4c,MARVEL,marvel universe publishing art archive,ba64e119-517e-41c2-9679-650e62ca4287,MARVEL ASSORTED STYLES,MV,active,shared_token_review_evidence,0.200000,false,false,false
f143c083-2dfd-48b9-ac9b-43d2290a4e4c|marvel universe publishing art archive,f143c083-2dfd-48b9-ac9b-43d2290a4e4c,MARVEL,marvel universe publishing art archive,bafff40f-dfaa-43de-a5d9-8a002cf89464,MARVEL RETRO GROUP,MG,active,shared_token_review_evidence,0.200000,false,false,false
f143c083-2dfd-48b9-ac9b-43d2290a4e4c|spider man,f143c083-2dfd-48b9-ac9b-43d2290a4e4c,MARVEL,spider man,b8f98eb8-4d09-41f0-bc64-67cd8726f19a,SPIDER MAN,SP,active,exact_name,1.000000,false,true,true
f143c083-2dfd-48b9-ac9b-43d2290a4e4c|spider man,f143c083-2dfd-48b9-ac9b-43d2290a4e4c,MARVEL,spider man,5278bbb8-cdbd-4435-8d3b-93fd38b72b53,IRON MAN,RM,active,shared_token_review_evidence,0.500000,false,false,false
f143c083-2dfd-48b9-ac9b-43d2290a4e4c|ss 25 marvel brand logo update,f143c083-2dfd-48b9-ac9b-43d2290a4e4c,MARVEL,ss 25 marvel brand logo update,ceeec50b-3b5a-4ea4-9f0f-81640908f939,CAPTAIN MARVEL,CM,active,shared_token_review_evidence,0.250000,false,false,false
f143c083-2dfd-48b9-ac9b-43d2290a4e4c|ss 25 marvel brand logo update,f143c083-2dfd-48b9-ac9b-43d2290a4e4c,MARVEL,ss 25 marvel brand logo update,ba64e119-517e-41c2-9679-650e62ca4287,MARVEL ASSORTED STYLES,MV,active,shared_token_review_evidence,0.250000,false,false,false
f143c083-2dfd-48b9-ac9b-43d2290a4e4c|ss 25 marvel brand logo update,f143c083-2dfd-48b9-ac9b-43d2290a4e4c,MARVEL,ss 25 marvel brand logo update,bafff40f-dfaa-43de-a5d9-8a002cf89464,MARVEL RETRO GROUP,MG,active,shared_token_review_evidence,0.250000,false,false,false
