observation_key,licensor_resolution,resolved_licensor_id,resolved_licensor_name,normalized_licensor,normalized_observed_value,active_file_count,raw_property_variants,structural_folder_hint,current_global_would_resolve,currently_tagged_at_risk,proposal_eligible,proposal_exclusion_reason
7d141a6f-e229-46a2-b3f5-0ba0c97dd820|mickey,resolved,7d141a6f-e229-46a2-b3f5-0ba0c97dd820,DISNEY,disney,mickey,16835,"[[""Mickey"",16835]]",false,false,false,true,
7d141a6f-e229-46a2-b3f5-0ba0c97dd820|princess,resolved,7d141a6f-e229-46a2-b3f5-0ba0c97dd820,DISNEY,disney,princess,16603,"[[""Princess"",16603]]",false,false,false,true,
88313675-0089-4072-87be-5b989df8a3fc|dc,resolved,88313675-0089-4072-87be-5b989df8a3fc,WARNER BROS,wb,dc,14164,"[[""DC"",14164]]",false,false,false,true,
7d141a6f-e229-46a2-b3f5-0ba0c97dd820|holiday,resolved,7d141a6f-e229-46a2-b3f5-0ba0c97dd820,DISNEY,disney,holiday,10293,"[[""_HOLIDAY"",10293]]",false,false,false,true,
f39fe07e-e438-46b2-9e17-fb711358e790|style guide,resolved,f39fe07e-e438-46b2-9e17-fb711358e790,TOEI - ONE PIECE,one piece,style guide,8370,"[[""Style Guide"",8370]]",true,false,false,true,
88313675-0089-4072-87be-5b989df8a3fc|harry potter,resolved,88313675-0089-4072-87be-5b989df8a3fc,WARNER BROS,wb,harry potter,6961,"[[""Harry Potter"",6961]]",false,true,true,true,
7d141a6f-e229-46a2-b3f5-0ba0c97dd820|stitch,resolved,7d141a6f-e229-46a2-b3f5-0ba0c97dd820,DISNEY,disney,stitch,5376,"[[""Stitch"",5376]]",false,false,false,true,
f143c083-2dfd-48b9-ac9b-43d2290a4e4c|style guide opportunity,resolved,f143c083-2dfd-48b9-ac9b-43d2290a4e4c,MARVEL,marvel style guide,style guide opportunity,5327,"[[""Style Guide - Opportunity"",5327]]",true,false,false,true,
7d141a6f-e229-46a2-b3f5-0ba0c97dd820|disney classics,resolved,7d141a6f-e229-46a2-b3f5-0ba0c97dd820,DISNEY,disney,disney classics,5124,"[[""Disney Classics"",5124]]",false,false,false,true,
7d141a6f-e229-46a2-b3f5-0ba0c97dd820|multi property,resolved,7d141a6f-e229-46a2-b3f5-0ba0c97dd820,DISNEY,disney,multi property,2870,"[[""Multi-Property"",2870]]",false,false,false,true,
7d141a6f-e229-46a2-b3f5-0ba0c97dd820|disney channel,resolved,7d141a6f-e229-46a2-b3f5-0ba0c97dd820,DISNEY,disney,disney channel,2865,"[[""Disney Channel"",2865]]",false,false,false,true,
e5f1686c-700c-42f6-bbc6-98aaa9ce1634|sonic,resolved,e5f1686c-700c-42f6-bbc6-98aaa9ce1634,SEGA,sega,sonic,2686,"[[""Sonic"",2686]]",false,false,false,true,
88313675-0089-4072-87be-5b989df8a3fc|tom and jerry,resolved,88313675-0089-4072-87be-5b989df8a3fc,WARNER BROS,wb,tom and jerry,2552,"[[""Tom and Jerry"",2552]]",false,false,false,true,
154bf54b-6f7d-4999-b0fb-c2828b12b56a|office,resolved,154bf54b-6f7d-4999-b0fb-c2828b12b56a,NBC,nbc universal,office,2531,"[[""Office"",2531]]",false,false,false,true,
7d141a6f-e229-46a2-b3f5-0ba0c97dd820|nightmare before xmas,resolved,7d141a6f-e229-46a2-b3f5-0ba0c97dd820,DISNEY,disney,nightmare before xmas,2469,"[[""Nightmare Before Xmas"",2469]]",false,false,false,true,
88313675-0089-4072-87be-5b989df8a3fc|power puff girls,resolved,88313675-0089-4072-87be-5b989df8a3fc,WARNER BROS,wb,power puff girls,2413,"[[""PowerPuff Girls"",2413]]",false,false,false,true,
154bf54b-6f7d-4999-b0fb-c2828b12b56a|jurassic world franchise,resolved,154bf54b-6f7d-4999-b0fb-c2828b12b56a,NBC,nbc universal,jurassic world franchise,2091,"[[""Jurassic World Franchise"",2091]]",false,false,false,true,
14f2902d-42de-4820-83c5-e4f359a6e0d6|disney shows,resolved,14f2902d-42de-4820-83c5-e4f359a6e0d6,STAR WARS,star wars,disney shows,2049,"[[""Disney+ Shows"",2049]]",false,false,false,true,
f143c083-2dfd-48b9-ac9b-43d2290a4e4c|marvel universe publishing art archive,resolved,f143c083-2dfd-48b9-ac9b-43d2290a4e4c,MARVEL,marvel style guide,marvel universe publishing art archive,2048,"[[""Marvel Universe Publishing Art Archive"",2048]]",true,false,false,true,
7d141a6f-e229-46a2-b3f5-0ba0c97dd820|pixar,resolved,7d141a6f-e229-46a2-b3f5-0ba0c97dd820,DISNEY,disney,pixar,2018,"[[""Pixar"",2018]]",false,false,false,true,
f143c083-2dfd-48b9-ac9b-43d2290a4e4c|style guide evergreen priorities,resolved,f143c083-2dfd-48b9-ac9b-43d2290a4e4c,MARVEL,marvel style guide,style guide evergreen priorities,2015,"[[""Style Guide - Evergreen Priorities"",2015]]",true,false,false,true,
154bf54b-6f7d-4999-b0fb-c2828b12b56a|felix the cat,resolved,154bf54b-6f7d-4999-b0fb-c2828b12b56a,NBC,nbc universal,felix the cat,1998,"[[""Felix the Cat"",1998]]",false,false,false,true,
88313675-0089-4072-87be-5b989df8a3fc|rick and morty,resolved,88313675-0089-4072-87be-5b989df8a3fc,WARNER BROS,wb,rick and morty,1940,"[[""Rick and Morty"",1940]]",false,false,false,true,
7d141a6f-e229-46a2-b3f5-0ba0c97dd820|packaging,resolved,7d141a6f-e229-46a2-b3f5-0ba0c97dd820,DISNEY,disney,packaging,1937,"[[""_Packaging"",1937]]",false,false,false,true,
4dba7d87-54ed-4dee-894b-570326953d92|vintage,resolved,4dba7d87-54ed-4dee-894b-570326953d92,STRAWBERRY SHORTCAKE,strawberry shortcake,vintage,1610,"[[""Vintage"",1610]]",false,false,false,true,
7575d1db-dbee-4336-84a9-aa378f05f105|legends,resolved,7575d1db-dbee-4336-84a9-aa378f05f105,WWE,wwe,legends,1580,"[[""Legends"",1580]]",false,false,false,true,
154bf54b-6f7d-4999-b0fb-c2828b12b56a|how to train your dragon,resolved,154bf54b-6f7d-4999-b0fb-c2828b12b56a,NBC,nbc universal,how to train your dragon,1535,"[[""How To Train Your Dragon"",1535]]",false,false,false,true,
88313675-0089-4072-87be-5b989df8a3fc|wb christmas,resolved,88313675-0089-4072-87be-5b989df8a3fc,WARNER BROS,wb,wb christmas,1435,"[[""WB Christmas"",1435]]",false,false,false,true,
e90c3124-e66d-404f-b777-0dae9a5ee4f3|wallace and gromit,resolved,e90c3124-e66d-404f-b777-0dae9a5ee4f3,AARDMAN ANIMATIONS,aardman animations,wallace and gromit,1427,"[[""Wallace and Gromit"",1427]]",false,false,false,true,
f143c083-2dfd-48b9-ac9b-43d2290a4e4c|avengers,resolved,f143c083-2dfd-48b9-ac9b-43d2290a4e4c,MARVEL,marvel style guide,avengers,1381,"[[""Avengers"",1381]]",false,false,false,true,
14f2902d-42de-4820-83c5-e4f359a6e0d6|2018,resolved,14f2902d-42de-4820-83c5-e4f359a6e0d6,STAR WARS,star wars,2018,1326,"[[""2018"",1326]]",false,false,false,true,
7d141a6f-e229-46a2-b3f5-0ba0c97dd820|villains,resolved,7d141a6f-e229-46a2-b3f5-0ba0c97dd820,DISNEY,disney,villains,1273,"[[""Villains"",1273]]",false,false,false,true,
7d141a6f-e229-46a2-b3f5-0ba0c97dd820|toy story classic,resolved,7d141a6f-e229-46a2-b3f5-0ba0c97dd820,DISNEY,disney,toy story classic,1260,"[[""Toy Story (Classic)"",1260]]",false,false,false,true,
154bf54b-6f7d-4999-b0fb-c2828b12b56a|wicked live action movie,resolved,154bf54b-6f7d-4999-b0fb-c2828b12b56a,NBC,nbc universal,wicked live action movie,1229,"[[""Wicked Live Action Movie"",1229]]",false,false,false,true,
154bf54b-6f7d-4999-b0fb-c2828b12b56a|woody woodpecker friends,resolved,154bf54b-6f7d-4999-b0fb-c2828b12b56a,NBC,nbc universal,woody woodpecker friends,1201,"[[""Woody Woodpecker & Friends"",1201]]",false,false,false,true,
5f951f5e-aaee-4add-bb51-fea888951405|tmnt,resolved,5f951f5e-aaee-4add-bb51-fea888951405,VIACOM MULTI,paramount,tmnt,1147,"[[""TMNT"",1147]]",false,false,false,true,
f143c083-2dfd-48b9-ac9b-43d2290a4e4c|style guide case by case,resolved,f143c083-2dfd-48b9-ac9b-43d2290a4e4c,MARVEL,marvel style guide,style guide case by case,1014,"[[""Style Guide - Case-by-case"",1014]]",true,false,false,true,
7d141a6f-e229-46a2-b3f5-0ba0c97dd820|frozen ii,resolved,7d141a6f-e229-46a2-b3f5-0ba0c97dd820,DISNEY,disney,frozen ii,917,"[[""Frozen II"",917]]",false,false,false,true,
14f2902d-42de-4820-83c5-e4f359a6e0d6|2019,resolved,14f2902d-42de-4820-83c5-e4f359a6e0d6,STAR WARS,star wars,2019,896,"[[""2019"",896]]",false,false,false,true,
88313675-0089-4072-87be-5b989df8a3fc|wb horror,resolved,88313675-0089-4072-87be-5b989df8a3fc,WARNER BROS,wb,wb horror,862,"[[""WB Horror"",862]]",false,false,false,true,
14f2902d-42de-4820-83c5-e4f359a6e0d6|2020,resolved,14f2902d-42de-4820-83c5-e4f359a6e0d6,STAR WARS,star wars,2020,831,"[[""2020"",831]]",false,false,false,true,
7d141a6f-e229-46a2-b3f5-0ba0c97dd820|the little mermaid,resolved,7d141a6f-e229-46a2-b3f5-0ba0c97dd820,DISNEY,disney,the little mermaid,814,"[[""The Little Mermaid"",814]]",false,false,false,true,
14f2902d-42de-4820-83c5-e4f359a6e0d6|holiday,resolved,14f2902d-42de-4820-83c5-e4f359a6e0d6,STAR WARS,star wars,holiday,791,"[[""_HOLIDAY"",791]]",false,false,false,true,
f143c083-2dfd-48b9-ac9b-43d2290a4e4c|theatrical releases,resolved,f143c083-2dfd-48b9-ac9b-43d2290a4e4c,MARVEL,marvel style guide,theatrical releases,775,"[[""Theatrical Releases"",775]]",false,false,false,true,
154bf54b-6f7d-4999-b0fb-c2828b12b56a|fast and the furious franchise,resolved,154bf54b-6f7d-4999-b0fb-c2828b12b56a,NBC,nbc universal,fast and the furious franchise,619,"[[""Fast and the Furious Franchise"",619]]",false,false,false,true,
7d141a6f-e229-46a2-b3f5-0ba0c97dd820|toy story 5,resolved,7d141a6f-e229-46a2-b3f5-0ba0c97dd820,DISNEY,disney,toy story 5,607,"[[""Toy Story 5"",607]]",false,false,false,true,
afff41a6-df31-4a9a-aea5-b919d1daff54|holiday,resolved,afff41a6-df31-4a9a-aea5-b919d1daff54,PEANUTS WORLDWIDE,peanuts,holiday,598,"[[""_Holiday"",598]]",false,false,false,true,
154bf54b-6f7d-4999-b0fb-c2828b12b56a|saved by the bell,resolved,154bf54b-6f7d-4999-b0fb-c2828b12b56a,NBC,nbc universal,saved by the bell,589,"[[""Saved By The Bell"",589]]",false,false,false,true,
154bf54b-6f7d-4999-b0fb-c2828b12b56a|voltron,resolved,154bf54b-6f7d-4999-b0fb-c2828b12b56a,NBC,nbc universal,voltron,580,"[[""Voltron"",580]]",false,false,false,true,
14f2902d-42de-4820-83c5-e4f359a6e0d6|2017,resolved,14f2902d-42de-4820-83c5-e4f359a6e0d6,STAR WARS,star wars,2017,571,"[[""2017"",571]]",false,false,false,true,
14f2902d-42de-4820-83c5-e4f359a6e0d6|2016,resolved,14f2902d-42de-4820-83c5-e4f359a6e0d6,STAR WARS,star wars,2016,567,"[[""2016"",567]]",false,false,false,true,
14f2902d-42de-4820-83c5-e4f359a6e0d6|packaging,resolved,14f2902d-42de-4820-83c5-e4f359a6e0d6,STAR WARS,star wars,packaging,564,"[[""_Packaging"",564]]",false,false,false,true,
f143c083-2dfd-48b9-ac9b-43d2290a4e4c|holiday,resolved,f143c083-2dfd-48b9-ac9b-43d2290a4e4c,MARVEL,marvel style guide,holiday,544,"[[""_HOLIDAY"",544]]",false,false,false,true,
154bf54b-6f7d-4999-b0fb-c2828b12b56a|universal monsters,resolved,154bf54b-6f7d-4999-b0fb-c2828b12b56a,NBC,nbc universal,universal monsters,542,"[[""Universal Monsters"",542]]",false,false,false,true,
7d141a6f-e229-46a2-b3f5-0ba0c97dd820|the lion king,resolved,7d141a6f-e229-46a2-b3f5-0ba0c97dd820,DISNEY,disney,the lion king,521,"[[""The Lion King"",521]]",false,false,false,true,
7575d1db-dbee-4336-84a9-aa378f05f105|graphics and logos,resolved,7575d1db-dbee-4336-84a9-aa378f05f105,WWE,wwe,graphics and logos,511,"[[""Graphics and Logos"",511]]",false,false,false,true,
154bf54b-6f7d-4999-b0fb-c2828b12b56a|wicked live action part 2,resolved,154bf54b-6f7d-4999-b0fb-c2828b12b56a,NBC,nbc universal,wicked live action part 2,490,"[[""Wicked Live Action Part 2"",490]]",false,false,false,true,
1619ecdc-a0ad-4d1e-b8f2-7ea2aa1184fb|core art,resolved,1619ecdc-a0ad-4d1e-b8f2-7ea2aa1184fb,SESAME STREET,sesame workshop,core art,475,"[[""Core Art"",475]]",false,false,false,true,
88313675-0089-4072-87be-5b989df8a3fc|lotr the hobbit,resolved,88313675-0089-4072-87be-5b989df8a3fc,WARNER BROS,wb,lotr the hobbit,467,"[[""LOTR The Hobbit"",467]]",false,false,false,true,
1619ecdc-a0ad-4d1e-b8f2-7ea2aa1184fb|trend guides,resolved,1619ecdc-a0ad-4d1e-b8f2-7ea2aa1184fb,SESAME STREET,sesame workshop,trend guides,452,"[[""Trend Guides"",452]]",false,false,false,true,
5f951f5e-aaee-4add-bb51-fea888951405|beverly hills 90210,resolved,5f951f5e-aaee-4add-bb51-fea888951405,VIACOM MULTI,paramount,beverly hills 90210,447,"[[""Beverly Hills 90210"",447]]",false,false,false,true,
88313675-0089-4072-87be-5b989df8a3fc|gremlins,resolved,88313675-0089-4072-87be-5b989df8a3fc,WARNER BROS,wb,gremlins,415,"[[""Gremlins"",415]]",false,false,false,true,
14f2902d-42de-4820-83c5-e4f359a6e0d6|ev line art style guide,resolved,14f2902d-42de-4820-83c5-e4f359a6e0d6,STAR WARS,star wars,ev line art style guide,414,"[[""EV_Line Art Style Guide"",414]]",true,false,false,true,
14f2902d-42de-4820-83c5-e4f359a6e0d6|2023,resolved,14f2902d-42de-4820-83c5-e4f359a6e0d6,STAR WARS,star wars,2023,373,"[[""2023"",373]]",false,false,false,true,
154bf54b-6f7d-4999-b0fb-c2828b12b56a|bttf,resolved,154bf54b-6f7d-4999-b0fb-c2828b12b56a,NBC,nbc universal,bttf,365,"[[""BTTF"",365]]",false,false,false,true,
154bf54b-6f7d-4999-b0fb-c2828b12b56a|jurassic park,resolved,154bf54b-6f7d-4999-b0fb-c2828b12b56a,NBC,nbc universal,jurassic park,345,"[[""Jurassic Park"",345]]",false,false,false,true,
14f2902d-42de-4820-83c5-e4f359a6e0d6|2021,resolved,14f2902d-42de-4820-83c5-e4f359a6e0d6,STAR WARS,star wars,2021,342,"[[""2021"",342]]",false,false,false,true,
14f2902d-42de-4820-83c5-e4f359a6e0d6|unsorted,resolved,14f2902d-42de-4820-83c5-e4f359a6e0d6,STAR WARS,star wars,unsorted,307,"[[""_unsorted"",307]]",false,false,false,true,
4dba7d87-54ed-4dee-894b-570326953d92|modern core,resolved,4dba7d87-54ed-4dee-894b-570326953d92,STRAWBERRY SHORTCAKE,strawberry shortcake,modern core,304,"[[""Modern Core"",304]]",false,false,false,true,
5f951f5e-aaee-4add-bb51-fea888951405|mean girls 2004,resolved,5f951f5e-aaee-4add-bb51-fea888951405,VIACOM MULTI,paramount,mean girls 2004,300,"[[""Mean Girls 2004"",300]]",false,false,false,true,
1619ecdc-a0ad-4d1e-b8f2-7ea2aa1184fb|baby art styleguides,resolved,1619ecdc-a0ad-4d1e-b8f2-7ea2aa1184fb,SESAME STREET,sesame workshop,baby art styleguides,294,"[[""Baby Art Styleguides"",294]]",true,false,false,true,
14f2902d-42de-4820-83c5-e4f359a6e0d6|ev 3 d toolkit evergreen guide,resolved,14f2902d-42de-4820-83c5-e4f359a6e0d6,STAR WARS,star wars,ev 3 d toolkit evergreen guide,289,"[[""EV_3D Toolkit Evergreen Guide"",289]]",false,false,false,true,
7d141a6f-e229-46a2-b3f5-0ba0c97dd820|moana live action,resolved,7d141a6f-e229-46a2-b3f5-0ba0c97dd820,DISNEY,disney,moana live action,276,"[[""Moana Live Action"",276]]",false,false,false,true,
154bf54b-6f7d-4999-b0fb-c2828b12b56a|the land before time,resolved,154bf54b-6f7d-4999-b0fb-c2828b12b56a,NBC,nbc universal,the land before time,266,"[[""The Land Before Time"",266]]",false,false,false,true,
88313675-0089-4072-87be-5b989df8a3fc|the goonies,resolved,88313675-0089-4072-87be-5b989df8a3fc,WARNER BROS,wb,the goonies,265,"[[""The Goonies"",265]]",false,false,false,true,
f143c083-2dfd-48b9-ac9b-43d2290a4e4c|disney shows,resolved,f143c083-2dfd-48b9-ac9b-43d2290a4e4c,MARVEL,marvel style guide,disney shows,260,"[[""Disney+ shows"",260]]",false,false,false,true,
7d141a6f-e229-46a2-b3f5-0ba0c97dd820|creative rollouts,resolved,7d141a6f-e229-46a2-b3f5-0ba0c97dd820,DISNEY,disney,creative rollouts,255,"[[""_Creative Rollouts"",255]]",false,false,false,true,
afff41a6-df31-4a9a-aea5-b919d1daff54|tv specials,resolved,afff41a6-df31-4a9a-aea5-b919d1daff54,PEANUTS WORLDWIDE,peanuts,tv specials,246,"[[""_TV Specials"",246]]",false,false,false,true,
5f951f5e-aaee-4add-bb51-fea888951405|mighty mouse,resolved,5f951f5e-aaee-4add-bb51-fea888951405,VIACOM MULTI,paramount,mighty mouse,242,"[[""Mighty Mouse"",242]]",false,false,false,true,
154bf54b-6f7d-4999-b0fb-c2828b12b56a|parks rec,resolved,154bf54b-6f7d-4999-b0fb-c2828b12b56a,NBC,nbc universal,parks rec,240,"[[""Parks & Rec"",240]]",false,false,false,true,
a06658c6-7fed-40ac-84e2-7f4802cdd086|pabst,resolved,a06658c6-7fed-40ac-84e2-7f4802cdd086,Miller Coors,miller coors,pabst,238,"[[""PABST"",238]]",false,false,false,true,
14f2902d-42de-4820-83c5-e4f359a6e0d6|ev star wars episode v the empire strikes back portfolio,resolved,14f2902d-42de-4820-83c5-e4f359a6e0d6,STAR WARS,star wars,ev star wars episode v the empire strikes back portfolio,222,"[[""EV_Star Wars Episode V - The Empire Strikes Back Portfolio"",222]]",false,false,false,true,
154bf54b-6f7d-4999-b0fb-c2828b12b56a|casper,resolved,154bf54b-6f7d-4999-b0fb-c2828b12b56a,NBC,nbc universal,casper,219,"[[""Casper"",219]]",false,false,false,true,
1619ecdc-a0ad-4d1e-b8f2-7ea2aa1184fb|vintage and retro collections,resolved,1619ecdc-a0ad-4d1e-b8f2-7ea2aa1184fb,SESAME STREET,sesame workshop,vintage and retro collections,216,"[[""Vintage and Retro Collections"",216]]",true,false,false,true,
14f2902d-42de-4820-83c5-e4f359a6e0d6|2025,resolved,14f2902d-42de-4820-83c5-e4f359a6e0d6,STAR WARS,star wars,2025,210,"[[""2025"",210]]",false,false,false,true,
14f2902d-42de-4820-83c5-e4f359a6e0d6|2026,resolved,14f2902d-42de-4820-83c5-e4f359a6e0d6,STAR WARS,star wars,2026,208,"[[""2026"",208]]",false,false,false,true,
c70e095c-2baf-404e-a2a3-c198a259a3e6|legacy imagery all channels,resolved,c70e095c-2baf-404e-a2a3-c198a259a3e6,COCA COLA,coca cola,legacy imagery all channels,205,"[[""Legacy Imagery-All Channels"",205]]",false,false,false,true,
5f951f5e-aaee-4add-bb51-fea888951405|happy days,resolved,5f951f5e-aaee-4add-bb51-fea888951405,VIACOM MULTI,paramount,happy days,201,"[[""Happy Days"",201]]",false,false,false,true,
5f951f5e-aaee-4add-bb51-fea888951405|brady bunch,resolved,5f951f5e-aaee-4add-bb51-fea888951405,VIACOM MULTI,paramount,brady bunch,200,"[[""Brady Bunch"",200]]",false,false,false,true,
5f951f5e-aaee-4add-bb51-fea888951405|cheers,resolved,5f951f5e-aaee-4add-bb51-fea888951405,VIACOM MULTI,paramount,cheers,200,"[[""Cheers"",200]]",false,false,false,true,
5f951f5e-aaee-4add-bb51-fea888951405|yellowstone,resolved,5f951f5e-aaee-4add-bb51-fea888951405,VIACOM MULTI,paramount,yellowstone,200,"[[""Yellowstone"",200]]",false,false,false,true,
154bf54b-6f7d-4999-b0fb-c2828b12b56a|hot stuff,resolved,154bf54b-6f7d-4999-b0fb-c2828b12b56a,NBC,nbc universal,hot stuff,198,"[[""Hot Stuff"",198]]",false,false,false,true,
5f951f5e-aaee-4add-bb51-fea888951405|top gun maverick,resolved,5f951f5e-aaee-4add-bb51-fea888951405,VIACOM MULTI,paramount,top gun maverick,197,"[[""Top Gun Maverick"",197]]",false,false,false,true,
7d141a6f-e229-46a2-b3f5-0ba0c97dd820|posters,resolved,7d141a6f-e229-46a2-b3f5-0ba0c97dd820,DISNEY,disney,posters,195,"[[""Posters"",195]]",false,false,false,true,
5f951f5e-aaee-4add-bb51-fea888951405|viacom 2023 rollout,resolved,5f951f5e-aaee-4add-bb51-fea888951405,VIACOM MULTI,paramount,viacom 2023 rollout,193,"[[""Viacom 2023 Rollout"",193]]",false,false,false,true,
1619ecdc-a0ad-4d1e-b8f2-7ea2aa1184fb|packaging,resolved,1619ecdc-a0ad-4d1e-b8f2-7ea2aa1184fb,SESAME STREET,sesame workshop,packaging,189,"[[""Packaging"",189]]",false,false,false,true,
88313675-0089-4072-87be-5b989df8a3fc|wb 100,resolved,88313675-0089-4072-87be-5b989df8a3fc,WARNER BROS,wb,wb 100,187,"[[""WB 100"",187]]",false,false,false,true,
5f951f5e-aaee-4add-bb51-fea888951405|clueless,resolved,5f951f5e-aaee-4add-bb51-fea888951405,VIACOM MULTI,paramount,clueless,178,"[[""Clueless"",178]]",false,false,false,true,
7575d1db-dbee-4336-84a9-aa378f05f105|premium live events,resolved,7575d1db-dbee-4336-84a9-aa378f05f105,WWE,wwe,premium live events,177,"[[""Premium Live Events"",177]]",false,false,false,true,
154bf54b-6f7d-4999-b0fb-c2828b12b56a|target,resolved,154bf54b-6f7d-4999-b0fb-c2828b12b56a,NBC,nbc universal,target,174,"[[""_target"",174]]",false,false,false,true,
154bf54b-6f7d-4999-b0fb-c2828b12b56a|the mummy 1999,resolved,154bf54b-6f7d-4999-b0fb-c2828b12b56a,NBC,nbc universal,the mummy 1999,163,"[[""The Mummy (1999)"",163]]",false,false,false,true,
154bf54b-6f7d-4999-b0fb-c2828b12b56a|the lone ranger,resolved,154bf54b-6f7d-4999-b0fb-c2828b12b56a,NBC,nbc universal,the lone ranger,159,"[[""The Lone Ranger"",159]]",false,false,false,true,
5f951f5e-aaee-4add-bb51-fea888951405|grease,resolved,5f951f5e-aaee-4add-bb51-fea888951405,VIACOM MULTI,paramount,grease,159,"[[""Grease"",159]]",false,false,false,true,
14f2902d-42de-4820-83c5-e4f359a6e0d6|old,resolved,14f2902d-42de-4820-83c5-e4f359a6e0d6,STAR WARS,star wars,old,156,"[[""_old"",156]]",false,false,false,true,
5f951f5e-aaee-4add-bb51-fea888951405|the twilight zone,resolved,5f951f5e-aaee-4add-bb51-fea888951405,VIACOM MULTI,paramount,the twilight zone,146,"[[""The Twilight Zone"",146]]",false,false,false,true,
afff41a6-df31-4a9a-aea5-b919d1daff54|2022,resolved,afff41a6-df31-4a9a-aea5-b919d1daff54,PEANUTS WORLDWIDE,peanuts,2022,141,"[[""_2022"",141]]",false,false,false,true,
154bf54b-6f7d-4999-b0fb-c2828b12b56a|welcome to extraordinary,resolved,154bf54b-6f7d-4999-b0fb-c2828b12b56a,NBC,nbc universal,welcome to extraordinary,138,"[[""Welcome to Extraordinary"",138]]",false,false,false,true,
14f2902d-42de-4820-83c5-e4f359a6e0d6|ev saga poster style guide,resolved,14f2902d-42de-4820-83c5-e4f359a6e0d6,STAR WARS,star wars,ev saga poster style guide,137,"[[""EV_Saga-Poster-Style-Guide"",137]]",true,false,false,true,
41b43c61-aaea-4f9d-b84c-abfb04de59f1|budweiser,resolved,41b43c61-aaea-4f9d-b84c-abfb04de59f1,Anheuser Busch,anheuser busch,budweiser,131,"[[""Budweiser"",131]]",false,false,false,true,
afff41a6-df31-4a9a-aea5-b919d1daff54|idea box,resolved,afff41a6-df31-4a9a-aea5-b919d1daff54,PEANUTS WORLDWIDE,peanuts,idea box,123,"[[""Idea Box"",123]]",false,false,false,true,
154bf54b-6f7d-4999-b0fb-c2828b12b56a|little drummer boy,resolved,154bf54b-6f7d-4999-b0fb-c2828b12b56a,NBC,nbc universal,little drummer boy,120,"[[""Little Drummer Boy"",120]]",false,false,false,true,
14f2902d-42de-4820-83c5-e4f359a6e0d6|2024,resolved,14f2902d-42de-4820-83c5-e4f359a6e0d6,STAR WARS,star wars,2024,114,"[[""2024"",114]]",false,false,false,true,
14f2902d-42de-4820-83c5-e4f359a6e0d6|2022,resolved,14f2902d-42de-4820-83c5-e4f359a6e0d6,STAR WARS,star wars,2022,113,"[[""2022"",113]]",false,false,false,true,
afff41a6-df31-4a9a-aea5-b919d1daff54|flair,resolved,afff41a6-df31-4a9a-aea5-b919d1daff54,PEANUTS WORLDWIDE,peanuts,flair,113,"[[""Flair"",113]]",false,false,false,true,
14f2902d-42de-4820-83c5-e4f359a6e0d6|mandalorian and grogu movie,resolved,14f2902d-42de-4820-83c5-e4f359a6e0d6,STAR WARS,star wars,mandalorian and grogu movie,106,"[[""Mandalorian and Grogu Movie"",106]]",false,false,false,true,
88313675-0089-4072-87be-5b989df8a3fc|house of the dragon,resolved,88313675-0089-4072-87be-5b989df8a3fc,WARNER BROS,wb,house of the dragon,102,"[[""House of the Dragon"",102]]",false,false,false,true,
dd9d7be2-6f77-4183-8e41-3e57a7a20f8b|[blank],resolved,dd9d7be2-6f77-4183-8e41-3e57a7a20f8b,NASA,nasa,,98,"[["""",98]]",false,false,false,true,
154bf54b-6f7d-4999-b0fb-c2828b12b56a|the exorcist,resolved,154bf54b-6f7d-4999-b0fb-c2828b12b56a,NBC,nbc universal,the exorcist,93,"[[""The Exorcist"",93]]",false,false,false,true,
5f951f5e-aaee-4add-bb51-fea888951405|scream franchise,resolved,5f951f5e-aaee-4add-bb51-fea888951405,VIACOM MULTI,paramount,scream franchise,92,"[[""Scream Franchise"",92]]",false,false,false,true,
88313675-0089-4072-87be-5b989df8a3fc|beetlejuice 2,resolved,88313675-0089-4072-87be-5b989df8a3fc,WARNER BROS,wb,beetlejuice 2,91,"[[""Beetlejuice 2"",91]]",false,false,false,true,
14f2902d-42de-4820-83c5-e4f359a6e0d6|posters,resolved,14f2902d-42de-4820-83c5-e4f359a6e0d6,STAR WARS,star wars,posters,86,"[[""_posters"",86]]",false,false,false,true,
afff41a6-df31-4a9a-aea5-b919d1daff54|70th anniversary peanuts logo,resolved,afff41a6-df31-4a9a-aea5-b919d1daff54,PEANUTS WORLDWIDE,peanuts,70th anniversary peanuts logo,81,"[[""70th Anniversary - Peanuts Logo"",81]]",false,false,false,true,
afff41a6-df31-4a9a-aea5-b919d1daff54|70th anniversary paper,resolved,afff41a6-df31-4a9a-aea5-b919d1daff54,PEANUTS WORLDWIDE,peanuts,70th anniversary paper,78,"[[""70th Anniversary - Paper"",78]]",false,false,false,true,
14f2902d-42de-4820-83c5-e4f359a6e0d6|ev star wars comic crush,resolved,14f2902d-42de-4820-83c5-e4f359a6e0d6,STAR WARS,star wars,ev star wars comic crush,67,"[[""EV_Star Wars Comic Crush"",67]]",false,false,false,true,
14f2902d-42de-4820-83c5-e4f359a6e0d6|ev star wars custom command,resolved,14f2902d-42de-4820-83c5-e4f359a6e0d6,STAR WARS,star wars,ev star wars custom command,63,"[[""EV_Star Wars Custom Command"",63]]",false,false,false,true,
5f951f5e-aaee-4add-bb51-fea888951405|footloose,resolved,5f951f5e-aaee-4add-bb51-fea888951405,VIACOM MULTI,paramount,footloose,61,"[[""Footloose"",61]]",false,false,false,true,
14f2902d-42de-4820-83c5-e4f359a6e0d6|ev terrain,resolved,14f2902d-42de-4820-83c5-e4f359a6e0d6,STAR WARS,star wars,ev terrain,60,"[[""EV_Terrain"",60]]",false,false,false,true,
14f2902d-42de-4820-83c5-e4f359a6e0d6|ev star wars comic book cover style guide,resolved,14f2902d-42de-4820-83c5-e4f359a6e0d6,STAR WARS,star wars,ev star wars comic book cover style guide,53,"[[""EV_Star Wars Comic Book Cover Style Guide"",53]]",true,false,false,true,
afff41a6-df31-4a9a-aea5-b919d1daff54|i am charlie brown,resolved,afff41a6-df31-4a9a-aea5-b919d1daff54,PEANUTS WORLDWIDE,peanuts,i am charlie brown,53,"[[""I am Charlie Brown"",53]]",false,false,false,true,
afff41a6-df31-4a9a-aea5-b919d1daff54|classic comics,resolved,afff41a6-df31-4a9a-aea5-b919d1daff54,PEANUTS WORLDWIDE,peanuts,classic comics,50,"[[""Classic Comics"",50]]",false,false,false,true,
afff41a6-df31-4a9a-aea5-b919d1daff54|be yourself,resolved,afff41a6-df31-4a9a-aea5-b919d1daff54,PEANUTS WORLDWIDE,peanuts,be yourself,49,"[[""Be Yourself"",49]]",false,false,false,true,
154bf54b-6f7d-4999-b0fb-c2828b12b56a|santa claus is coming to town,resolved,154bf54b-6f7d-4999-b0fb-c2828b12b56a,NBC,nbc universal,santa claus is coming to town,47,"[[""Santa Claus is Coming to Town"",47]]",false,false,false,true,
afff41a6-df31-4a9a-aea5-b919d1daff54|baseball,resolved,afff41a6-df31-4a9a-aea5-b919d1daff54,PEANUTS WORLDWIDE,peanuts,baseball,47,"[[""Baseball"",47]]",false,false,false,true,
afff41a6-df31-4a9a-aea5-b919d1daff54|75th anniversary comfort and security style guide,resolved,afff41a6-df31-4a9a-aea5-b919d1daff54,PEANUTS WORLDWIDE,peanuts,75th anniversary comfort and security style guide,46,"[[""75th Anniversary Comfort and Security Style Guide"",46]]",true,false,false,true,
afff41a6-df31-4a9a-aea5-b919d1daff54|au bord de la mer,resolved,afff41a6-df31-4a9a-aea5-b919d1daff54,PEANUTS WORLDWIDE,peanuts,au bord de la mer,43,"[[""Au Bord De La Mer"",43]]",false,false,false,true,
154bf54b-6f7d-4999-b0fb-c2828b12b56a|m3 gan,resolved,154bf54b-6f7d-4999-b0fb-c2828b12b56a,NBC,nbc universal,m3 gan,42,"[[""M3GAN"",42]]",false,false,false,true,
afff41a6-df31-4a9a-aea5-b919d1daff54|playtime,resolved,afff41a6-df31-4a9a-aea5-b919d1daff54,PEANUTS WORLDWIDE,peanuts,playtime,42,"[[""Playtime"",42]]",false,false,false,true,
afff41a6-df31-4a9a-aea5-b919d1daff54|rainbow riot,resolved,afff41a6-df31-4a9a-aea5-b919d1daff54,PEANUTS WORLDWIDE,peanuts,rainbow riot,41,"[[""Rainbow Riot"",41]]",false,false,false,true,
154bf54b-6f7d-4999-b0fb-c2828b12b56a|fast times at ridgemont high,resolved,154bf54b-6f7d-4999-b0fb-c2828b12b56a,NBC,nbc universal,fast times at ridgemont high,40,"[[""Fast Times at Ridgemont High"",40]]",false,false,false,true,
41b43c61-aaea-4f9d-b84c-abfb04de59f1|busch,resolved,41b43c61-aaea-4f9d-b84c-abfb04de59f1,Anheuser Busch,anheuser busch,busch,40,"[[""Busch"",40]]",false,false,false,true,
afff41a6-df31-4a9a-aea5-b919d1daff54|astronaut pose art volume 1,resolved,afff41a6-df31-4a9a-aea5-b919d1daff54,PEANUTS WORLDWIDE,peanuts,astronaut pose art volume 1,39,"[[""Astronaut Pose Art Volume 1"",39]]",false,false,false,true,
afff41a6-df31-4a9a-aea5-b919d1daff54|packaging,resolved,afff41a6-df31-4a9a-aea5-b919d1daff54,PEANUTS WORLDWIDE,peanuts,packaging,39,"[[""_Packaging"",39]]",false,false,false,true,
afff41a6-df31-4a9a-aea5-b919d1daff54|space traveler,resolved,afff41a6-df31-4a9a-aea5-b919d1daff54,PEANUTS WORLDWIDE,peanuts,space traveler,39,"[[""Space Traveler"",39]]",false,false,false,true,
154bf54b-6f7d-4999-b0fb-c2828b12b56a|lassie,resolved,154bf54b-6f7d-4999-b0fb-c2828b12b56a,NBC,nbc universal,lassie,38,"[[""Lassie"",38]]",false,false,false,true,
7d141a6f-e229-46a2-b3f5-0ba0c97dd820|robin hood,resolved,7d141a6f-e229-46a2-b3f5-0ba0c97dd820,DISNEY,disney,robin hood,37,"[[""Robin Hood"",37]]",false,false,false,true,
afff41a6-df31-4a9a-aea5-b919d1daff54|tokyo time,resolved,afff41a6-df31-4a9a-aea5-b919d1daff54,PEANUTS WORLDWIDE,peanuts,tokyo time,37,"[[""Tokyo Time"",37]]",false,false,false,true,
f143c083-2dfd-48b9-ac9b-43d2290a4e4c|ss 25 marvel brand logo update,resolved,f143c083-2dfd-48b9-ac9b-43d2290a4e4c,MARVEL,marvel style guide,ss 25 marvel brand logo update,37,"[[""SS 25 MARVEL BRAND LOGO UPDATE"",37]]",false,false,false,true,
afff41a6-df31-4a9a-aea5-b919d1daff54|brooklyn beach,resolved,afff41a6-df31-4a9a-aea5-b919d1daff54,PEANUTS WORLDWIDE,peanuts,brooklyn beach,36,"[[""Brooklyn Beach"",36]]",false,false,false,true,
afff41a6-df31-4a9a-aea5-b919d1daff54|love is in bloom,resolved,afff41a6-df31-4a9a-aea5-b919d1daff54,PEANUTS WORLDWIDE,peanuts,love is in bloom,35,"[[""Love is in Bloom"",35]]",false,false,false,true,
afff41a6-df31-4a9a-aea5-b919d1daff54|playtime naptime,resolved,afff41a6-df31-4a9a-aea5-b919d1daff54,PEANUTS WORLDWIDE,peanuts,playtime naptime,35,"[[""Playtime Naptime"",35]]",false,false,false,true,
afff41a6-df31-4a9a-aea5-b919d1daff54|road trip,resolved,afff41a6-df31-4a9a-aea5-b919d1daff54,PEANUTS WORLDWIDE,peanuts,road trip,35,"[[""Road Trip"",35]]",false,false,false,true,
7575d1db-dbee-4336-84a9-aa378f05f105|wwe championship titles,resolved,7575d1db-dbee-4336-84a9-aa378f05f105,WWE,wwe,wwe championship titles,34,"[[""WWE Championship Titles"",34]]",false,false,false,true,
afff41a6-df31-4a9a-aea5-b919d1daff54|neon static,resolved,afff41a6-df31-4a9a-aea5-b919d1daff54,PEANUTS WORLDWIDE,peanuts,neon static,34,"[[""Neon Static"",34]]",false,false,false,true,
afff41a6-df31-4a9a-aea5-b919d1daff54|rebel with paws,resolved,afff41a6-df31-4a9a-aea5-b919d1daff54,PEANUTS WORLDWIDE,peanuts,rebel with paws,34,"[[""Rebel With Paws"",34]]",false,false,false,true,
afff41a6-df31-4a9a-aea5-b919d1daff54|rock on,resolved,afff41a6-df31-4a9a-aea5-b919d1daff54,PEANUTS WORLDWIDE,peanuts,rock on,34,"[[""Rock On"",34]]",false,false,false,true,
14f2902d-42de-4820-83c5-e4f359a6e0d6|ev star wars classics guide product development portfolio,resolved,14f2902d-42de-4820-83c5-e4f359a6e0d6,STAR WARS,star wars,ev star wars classics guide product development portfolio,33,"[[""EV_Star Wars Classics Guide Product Development Portfolio"",33]]",false,false,false,true,
a06658c6-7fed-40ac-84e2-7f4802cdd086|miller lite assets,resolved,a06658c6-7fed-40ac-84e2-7f4802cdd086,Miller Coors,miller coors,miller lite assets,33,"[[""Miller Lite Assets"",33]]",true,false,false,true,
1c47d63b-bf79-42ff-876e-c5263f323418|[blank],resolved,1c47d63b-bf79-42ff-876e-c5263f323418,NFL,nfl,,32,"[["""",32]]",false,false,false,true,
afff41a6-df31-4a9a-aea5-b919d1daff54|doodles,resolved,afff41a6-df31-4a9a-aea5-b919d1daff54,PEANUTS WORLDWIDE,peanuts,doodles,32,"[[""Doodles"",32]]",false,false,false,true,
154bf54b-6f7d-4999-b0fb-c2828b12b56a|lamb chop,resolved,154bf54b-6f7d-4999-b0fb-c2828b12b56a,NBC,nbc universal,lamb chop,30,"[[""Lamb Chop"",30]]",false,false,false,true,
afff41a6-df31-4a9a-aea5-b919d1daff54|british invasion,resolved,afff41a6-df31-4a9a-aea5-b919d1daff54,PEANUTS WORLDWIDE,peanuts,british invasion,30,"[[""British Invasion"",30]]",false,false,false,true,
afff41a6-df31-4a9a-aea5-b919d1daff54|progressive sequence,resolved,afff41a6-df31-4a9a-aea5-b919d1daff54,PEANUTS WORLDWIDE,peanuts,progressive sequence,30,"[[""Progressive Sequence"",30]]",false,false,false,true,
afff41a6-df31-4a9a-aea5-b919d1daff54|rock tees,resolved,afff41a6-df31-4a9a-aea5-b919d1daff54,PEANUTS WORLDWIDE,peanuts,rock tees,30,"[[""Rock Tees"",30]]",false,false,false,true,
afff41a6-df31-4a9a-aea5-b919d1daff54|illustrating nature,resolved,afff41a6-df31-4a9a-aea5-b919d1daff54,PEANUTS WORLDWIDE,peanuts,illustrating nature,29,"[[""Illustrating Nature"",29]]",false,false,false,true,
afff41a6-df31-4a9a-aea5-b919d1daff54|posh sports,resolved,afff41a6-df31-4a9a-aea5-b919d1daff54,PEANUTS WORLDWIDE,peanuts,posh sports,29,"[[""Posh Sports"",29]]",false,false,false,true,
5f951f5e-aaee-4add-bb51-fea888951405|ferris buellers day off,resolved,5f951f5e-aaee-4add-bb51-fea888951405,VIACOM MULTI,paramount,ferris buellers day off,28,"[[""Ferris Bueller's Day Off"",28]]",false,false,false,true,
afff41a6-df31-4a9a-aea5-b919d1daff54|many faces of snoopy flying ace,resolved,afff41a6-df31-4a9a-aea5-b919d1daff54,PEANUTS WORLDWIDE,peanuts,many faces of snoopy flying ace,28,"[[""Many Faces of Snoopy - Flying Ace"",28]]",false,false,false,true,
afff41a6-df31-4a9a-aea5-b919d1daff54|repetition distortion,resolved,afff41a6-df31-4a9a-aea5-b919d1daff54,PEANUTS WORLDWIDE,peanuts,repetition distortion,28,"[[""Repetition & Distortion"",28]]",false,false,false,true,
afff41a6-df31-4a9a-aea5-b919d1daff54|graffiti,resolved,afff41a6-df31-4a9a-aea5-b919d1daff54,PEANUTS WORLDWIDE,peanuts,graffiti,27,"[[""Graffiti"",27]]",false,false,false,true,
afff41a6-df31-4a9a-aea5-b919d1daff54|many faces of snoopy joe preppy,resolved,afff41a6-df31-4a9a-aea5-b919d1daff54,PEANUTS WORLDWIDE,peanuts,many faces of snoopy joe preppy,27,"[[""Many Faces of Snoopy - Joe Preppy"",27]]",false,false,false,true,
afff41a6-df31-4a9a-aea5-b919d1daff54|half laugh,resolved,afff41a6-df31-4a9a-aea5-b919d1daff54,PEANUTS WORLDWIDE,peanuts,half laugh,26,"[[""Half & Laugh"",26]]",false,false,false,true,
afff41a6-df31-4a9a-aea5-b919d1daff54|nautical snoopy,resolved,afff41a6-df31-4a9a-aea5-b919d1daff54,PEANUTS WORLDWIDE,peanuts,nautical snoopy,26,"[[""Nautical Snoopy"",26]]",false,false,false,true,
afff41a6-df31-4a9a-aea5-b919d1daff54|75th anniversary persistence style guide,resolved,afff41a6-df31-4a9a-aea5-b919d1daff54,PEANUTS WORLDWIDE,peanuts,75th anniversary persistence style guide,25,"[[""75th Anniversary Persistence Style Guide"",25]]",true,false,false,true,
afff41a6-df31-4a9a-aea5-b919d1daff54|american summer,resolved,afff41a6-df31-4a9a-aea5-b919d1daff54,PEANUTS WORLDWIDE,peanuts,american summer,25,"[[""American Summer"",25]]",false,false,false,true,
afff41a6-df31-4a9a-aea5-b919d1daff54|play dream giggle,resolved,afff41a6-df31-4a9a-aea5-b919d1daff54,PEANUTS WORLDWIDE,peanuts,play dream giggle,25,"[[""Play Dream Giggle"",25]]",false,false,false,true,
5f951f5e-aaee-4add-bb51-fea888951405|the anchorman the legend of ron burgundy,resolved,5f951f5e-aaee-4add-bb51-fea888951405,VIACOM MULTI,paramount,the anchorman the legend of ron burgundy,24,"[[""The Anchorman The Legend of Ron Burgundy"",24]]",false,false,false,true,
afff41a6-df31-4a9a-aea5-b919d1daff54|astronomy geometry,resolved,afff41a6-df31-4a9a-aea5-b919d1daff54,PEANUTS WORLDWIDE,peanuts,astronomy geometry,24,"[[""Astronomy Geometry"",24]]",false,false,false,true,
afff41a6-df31-4a9a-aea5-b919d1daff54|many faces of snoopy fierce pirate,resolved,afff41a6-df31-4a9a-aea5-b919d1daff54,PEANUTS WORLDWIDE,peanuts,many faces of snoopy fierce pirate,24,"[[""Many Faces of Snoopy - Fierce Pirate"",24]]",false,false,false,true,
afff41a6-df31-4a9a-aea5-b919d1daff54|text montage,resolved,afff41a6-df31-4a9a-aea5-b919d1daff54,PEANUTS WORLDWIDE,peanuts,text montage,24,"[[""Text Montage"",24]]",false,false,false,true,
c70e095c-2baf-404e-a2a3-c198a259a3e6|style guide pdfs,resolved,c70e095c-2baf-404e-a2a3-c198a259a3e6,COCA COLA,coca cola,style guide pdfs,24,"[[""Style Guide PDFs"",24]]",true,false,false,true,
afff41a6-df31-4a9a-aea5-b919d1daff54|many faces of snoopy flash beagle,resolved,afff41a6-df31-4a9a-aea5-b919d1daff54,PEANUTS WORLDWIDE,peanuts,many faces of snoopy flash beagle,23,"[[""Many Faces of Snoopy - Flash Beagle"",23]]",false,false,false,true,
afff41a6-df31-4a9a-aea5-b919d1daff54|mod for you,resolved,afff41a6-df31-4a9a-aea5-b919d1daff54,PEANUTS WORLDWIDE,peanuts,mod for you,23,"[[""Mod For You"",23]]",false,false,false,true,
afff41a6-df31-4a9a-aea5-b919d1daff54|the great outdoors,resolved,afff41a6-df31-4a9a-aea5-b919d1daff54,PEANUTS WORLDWIDE,peanuts,the great outdoors,23,"[[""The Great Outdoors"",23]]",false,false,false,true,
afff41a6-df31-4a9a-aea5-b919d1daff54|deco dreams,resolved,afff41a6-df31-4a9a-aea5-b919d1daff54,PEANUTS WORLDWIDE,peanuts,deco dreams,22,"[[""Deco Dreams"",22]]",false,false,false,true,
afff41a6-df31-4a9a-aea5-b919d1daff54|many faces of snoopy beagle scout,resolved,afff41a6-df31-4a9a-aea5-b919d1daff54,PEANUTS WORLDWIDE,peanuts,many faces of snoopy beagle scout,22,"[[""Many Faces of Snoopy - Beagle Scout"",22]]",false,false,false,true,
23937016-6f26-4a26-a281-da5a9dc15362|ncaa,resolved,23937016-6f26-4a26-a281-da5a9dc15362,NCAA,ncaa,ncaa,21,"[[""NCAA"",21]]",false,false,false,true,
afff41a6-df31-4a9a-aea5-b919d1daff54|beach vibes,resolved,afff41a6-df31-4a9a-aea5-b919d1daff54,PEANUTS WORLDWIDE,peanuts,beach vibes,21,"[[""Beach Vibes"",21]]",false,false,false,true,
afff41a6-df31-4a9a-aea5-b919d1daff54|catch a wave,resolved,afff41a6-df31-4a9a-aea5-b919d1daff54,PEANUTS WORLDWIDE,peanuts,catch a wave,21,"[[""Catch a Wave"",21]]",false,false,false,true,
c70e095c-2baf-404e-a2a3-c198a259a3e6|graphics legacy evergreen icons,resolved,c70e095c-2baf-404e-a2a3-c198a259a3e6,COCA COLA,coca cola,graphics legacy evergreen icons,21,"[[""Graphics_Legacy_Evergreen Icons"",21]]",false,false,false,true,
dd9d7be2-6f77-4183-8e41-3e57a7a20f8b|james webb,resolved,dd9d7be2-6f77-4183-8e41-3e57a7a20f8b,NASA,nasa,james webb,21,"[[""James Webb"",21]]",false,false,false,true,
afff41a6-df31-4a9a-aea5-b919d1daff54|beagle scouts,resolved,afff41a6-df31-4a9a-aea5-b919d1daff54,PEANUTS WORLDWIDE,peanuts,beagle scouts,20,"[[""Beagle Scouts"",20]]",false,false,false,true,
afff41a6-df31-4a9a-aea5-b919d1daff54|circus,resolved,afff41a6-df31-4a9a-aea5-b919d1daff54,PEANUTS WORLDWIDE,peanuts,circus,20,"[[""Circus"",20]]",false,false,false,true,
afff41a6-df31-4a9a-aea5-b919d1daff54|deep space,resolved,afff41a6-df31-4a9a-aea5-b919d1daff54,PEANUTS WORLDWIDE,peanuts,deep space,20,"[[""Deep Space"",20]]",false,false,false,true,
afff41a6-df31-4a9a-aea5-b919d1daff54|many faces of snoopy joe cool,resolved,afff41a6-df31-4a9a-aea5-b919d1daff54,PEANUTS WORLDWIDE,peanuts,many faces of snoopy joe cool,20,"[[""Many Faces of Snoopy - Joe Cool"",20]]",false,false,false,true,
afff41a6-df31-4a9a-aea5-b919d1daff54|many faces of snoopy masked marvel,resolved,afff41a6-df31-4a9a-aea5-b919d1daff54,PEANUTS WORLDWIDE,peanuts,many faces of snoopy masked marvel,20,"[[""Many Faces of Snoopy - Masked Marvel"",20]]",false,false,false,true,
afff41a6-df31-4a9a-aea5-b919d1daff54|nestled in the mountains,resolved,afff41a6-df31-4a9a-aea5-b919d1daff54,PEANUTS WORLDWIDE,peanuts,nestled in the mountains,20,"[[""Nestled in the Mountains"",20]]",false,false,false,true,
afff41a6-df31-4a9a-aea5-b919d1daff54|pink rebelion,resolved,afff41a6-df31-4a9a-aea5-b919d1daff54,PEANUTS WORLDWIDE,peanuts,pink rebelion,20,"[[""Pink Rebelion"",20]]",false,false,false,true,
afff41a6-df31-4a9a-aea5-b919d1daff54|snoopy mustachios,resolved,afff41a6-df31-4a9a-aea5-b919d1daff54,PEANUTS WORLDWIDE,peanuts,snoopy mustachios,20,"[[""Snoopy Mustachios"",20]]",false,false,false,true,
afff41a6-df31-4a9a-aea5-b919d1daff54|woodstock 50th,resolved,afff41a6-df31-4a9a-aea5-b919d1daff54,PEANUTS WORLDWIDE,peanuts,woodstock 50th,20,"[[""Woodstock 50th"",20]]",false,false,false,true,
c70e095c-2baf-404e-a2a3-c198a259a3e6|graphics varsity style guide,resolved,c70e095c-2baf-404e-a2a3-c198a259a3e6,COCA COLA,coca cola,graphics varsity style guide,20,"[[""Graphics Varsity Style Guide"",20]]",true,false,false,true,
c70e095c-2baf-404e-a2a3-c198a259a3e6|santa hi res 2,resolved,c70e095c-2baf-404e-a2a3-c198a259a3e6,COCA COLA,coca cola,santa hi res 2,20,"[[""Santa Hi-Res 2"",20]]",false,false,false,true,
afff41a6-df31-4a9a-aea5-b919d1daff54|black and white,resolved,afff41a6-df31-4a9a-aea5-b919d1daff54,PEANUTS WORLDWIDE,peanuts,black and white,19,"[[""Black and White"",19]]",false,false,false,true,
afff41a6-df31-4a9a-aea5-b919d1daff54|many faces of snoopy secret agent,resolved,afff41a6-df31-4a9a-aea5-b919d1daff54,PEANUTS WORLDWIDE,peanuts,many faces of snoopy secret agent,19,"[[""Many Faces of Snoopy - Secret Agent"",19]]",false,false,false,true,
afff41a6-df31-4a9a-aea5-b919d1daff54|new formations,resolved,afff41a6-df31-4a9a-aea5-b919d1daff54,PEANUTS WORLDWIDE,peanuts,new formations,19,"[[""New Formations"",19]]",false,false,false,true,
c70e095c-2baf-404e-a2a3-c198a259a3e6|santa hi res 1,resolved,c70e095c-2baf-404e-a2a3-c198a259a3e6,COCA COLA,coca cola,santa hi res 1,19,"[[""Santa Hi-Res 1"",19]]",false,false,false,true,
154bf54b-6f7d-4999-b0fb-c2828b12b56a|an american werewolf in london,resolved,154bf54b-6f7d-4999-b0fb-c2828b12b56a,NBC,nbc universal,an american werewolf in london,18,"[[""An American Werewolf in London"",18]]",false,false,false,true,
afff41a6-df31-4a9a-aea5-b919d1daff54|aloha disco,resolved,afff41a6-df31-4a9a-aea5-b919d1daff54,PEANUTS WORLDWIDE,peanuts,aloha disco,18,"[[""Aloha Disco"",18]]",false,false,false,true,
afff41a6-df31-4a9a-aea5-b919d1daff54|joe cool 50 years,resolved,afff41a6-df31-4a9a-aea5-b919d1daff54,PEANUTS WORLDWIDE,peanuts,joe cool 50 years,18,"[[""Joe Cool 50 Years"",18]]",false,false,false,true,
afff41a6-df31-4a9a-aea5-b919d1daff54|just add sprinkles,resolved,afff41a6-df31-4a9a-aea5-b919d1daff54,PEANUTS WORLDWIDE,peanuts,just add sprinkles,18,"[[""Just Add Sprinkles"",18]]",false,false,false,true,
afff41a6-df31-4a9a-aea5-b919d1daff54|little painters,resolved,afff41a6-df31-4a9a-aea5-b919d1daff54,PEANUTS WORLDWIDE,peanuts,little painters,18,"[[""Little Painters"",18]]",false,false,false,true,
afff41a6-df31-4a9a-aea5-b919d1daff54|nautical,resolved,afff41a6-df31-4a9a-aea5-b919d1daff54,PEANUTS WORLDWIDE,peanuts,nautical,18,"[[""Nautical"",18]]",false,false,false,true,
afff41a6-df31-4a9a-aea5-b919d1daff54|out west,resolved,afff41a6-df31-4a9a-aea5-b919d1daff54,PEANUTS WORLDWIDE,peanuts,out west,18,"[[""Out West"",18]]",false,false,false,true,
88313675-0089-4072-87be-5b989df8a3fc|wonka 2023,resolved,88313675-0089-4072-87be-5b989df8a3fc,WARNER BROS,wb,wonka 2023,17,"[[""Wonka (2023)"",17]]",false,false,false,true,
afff41a6-df31-4a9a-aea5-b919d1daff54|campus fashion,resolved,afff41a6-df31-4a9a-aea5-b919d1daff54,PEANUTS WORLDWIDE,peanuts,campus fashion,17,"[[""Campus Fashion"",17]]",false,false,false,true,
afff41a6-df31-4a9a-aea5-b919d1daff54|day of the dog,resolved,afff41a6-df31-4a9a-aea5-b919d1daff54,PEANUTS WORLDWIDE,peanuts,day of the dog,17,"[[""Day of the Dog"",17]]",false,false,false,true,
afff41a6-df31-4a9a-aea5-b919d1daff54|dreams in wonderland,resolved,afff41a6-df31-4a9a-aea5-b919d1daff54,PEANUTS WORLDWIDE,peanuts,dreams in wonderland,17,"[[""Dreams In Wonderland"",17]]",false,false,false,true,
afff41a6-df31-4a9a-aea5-b919d1daff54|groovy vibes,resolved,afff41a6-df31-4a9a-aea5-b919d1daff54,PEANUTS WORLDWIDE,peanuts,groovy vibes,17,"[[""Groovy Vibes"",17]]",false,false,false,true,
afff41a6-df31-4a9a-aea5-b919d1daff54|naturally sweet,resolved,afff41a6-df31-4a9a-aea5-b919d1daff54,PEANUTS WORLDWIDE,peanuts,naturally sweet,17,"[[""Naturally Sweet"",17]]",false,false,false,true,
afff41a6-df31-4a9a-aea5-b919d1daff54|peanuts records,resolved,afff41a6-df31-4a9a-aea5-b919d1daff54,PEANUTS WORLDWIDE,peanuts,peanuts records,17,"[[""Peanuts Records"",17]]",false,false,false,true,
afff41a6-df31-4a9a-aea5-b919d1daff54|70th anniversary then and now,resolved,afff41a6-df31-4a9a-aea5-b919d1daff54,PEANUTS WORLDWIDE,peanuts,70th anniversary then and now,16,"[[""70th Anniversary - Then and Now"",16]]",false,false,false,true,
afff41a6-df31-4a9a-aea5-b919d1daff54|astronaut pose art volume 2,resolved,afff41a6-df31-4a9a-aea5-b919d1daff54,PEANUTS WORLDWIDE,peanuts,astronaut pose art volume 2,16,"[[""Astronaut Pose Art Volume 2"",16]]",false,false,false,true,
afff41a6-df31-4a9a-aea5-b919d1daff54|romantical,resolved,afff41a6-df31-4a9a-aea5-b919d1daff54,PEANUTS WORLDWIDE,peanuts,romantical,16,"[[""Romantical"",16]]",false,false,false,true,
afff41a6-df31-4a9a-aea5-b919d1daff54|space cowboy,resolved,afff41a6-df31-4a9a-aea5-b919d1daff54,PEANUTS WORLDWIDE,peanuts,space cowboy,16,"[[""Space Cowboy"",16]]",false,false,false,true,
154bf54b-6f7d-4999-b0fb-c2828b12b56a|[blank],resolved,154bf54b-6f7d-4999-b0fb-c2828b12b56a,NBC,nbc universal,,15,"[["""",15]]",false,false,false,true,
5f951f5e-aaee-4add-bb51-fea888951405|forrest gump core style guide,resolved,5f951f5e-aaee-4add-bb51-fea888951405,VIACOM MULTI,paramount,forrest gump core style guide,15,"[[""Forrest Gump Core Style Guide"",15]]",true,false,false,true,
afff41a6-df31-4a9a-aea5-b919d1daff54|character art,resolved,afff41a6-df31-4a9a-aea5-b919d1daff54,PEANUTS WORLDWIDE,peanuts,character art,15,"[[""_Character Art"",15]]",false,false,false,true,
afff41a6-df31-4a9a-aea5-b919d1daff54|smile giggle laugh,resolved,afff41a6-df31-4a9a-aea5-b919d1daff54,PEANUTS WORLDWIDE,peanuts,smile giggle laugh,15,"[[""Smile Giggle Laugh"",15]]",false,false,false,true,
154bf54b-6f7d-4999-b0fb-c2828b12b56a|cheech chongs next movie,resolved,154bf54b-6f7d-4999-b0fb-c2828b12b56a,NBC,nbc universal,cheech chongs next movie,14,"[[""Cheech & Chong's Next Movie"",14]]",false,false,false,true,
88313675-0089-4072-87be-5b989df8a3fc|[blank],resolved,88313675-0089-4072-87be-5b989df8a3fc,WARNER BROS,wb,,14,"[["""",14]]",false,false,false,true,
afff41a6-df31-4a9a-aea5-b919d1daff54|calypso beach,resolved,afff41a6-df31-4a9a-aea5-b919d1daff54,PEANUTS WORLDWIDE,peanuts,calypso beach,14,"[[""Calypso Beach"",14]]",false,false,false,true,
afff41a6-df31-4a9a-aea5-b919d1daff54|cozy snoopy,resolved,afff41a6-df31-4a9a-aea5-b919d1daff54,PEANUTS WORLDWIDE,peanuts,cozy snoopy,14,"[[""Cozy Snoopy"",14]]",false,false,false,true,
afff41a6-df31-4a9a-aea5-b919d1daff54|cute cuddly gray,resolved,afff41a6-df31-4a9a-aea5-b919d1daff54,PEANUTS WORLDWIDE,peanuts,cute cuddly gray,14,"[[""Cute & Cuddly Gray"",14]]",false,false,false,true,
afff41a6-df31-4a9a-aea5-b919d1daff54|jungle adventure,resolved,afff41a6-df31-4a9a-aea5-b919d1daff54,PEANUTS WORLDWIDE,peanuts,jungle adventure,14,"[[""Jungle Adventure"",14]]",false,false,false,true,
afff41a6-df31-4a9a-aea5-b919d1daff54|outdoor fun,resolved,afff41a6-df31-4a9a-aea5-b919d1daff54,PEANUTS WORLDWIDE,peanuts,outdoor fun,14,"[[""Outdoor Fun"",14]]",false,false,false,true,
7575d1db-dbee-4336-84a9-aa378f05f105|key artwork,resolved,7575d1db-dbee-4336-84a9-aa378f05f105,WWE,wwe,key artwork,13,"[[""KEY ARTWORK"",13]]",true,false,false,true,
afff41a6-df31-4a9a-aea5-b919d1daff54|[blank],resolved,afff41a6-df31-4a9a-aea5-b919d1daff54,PEANUTS WORLDWIDE,peanuts,,13,"[["""",13]]",false,false,false,true,
afff41a6-df31-4a9a-aea5-b919d1daff54|americana,resolved,afff41a6-df31-4a9a-aea5-b919d1daff54,PEANUTS WORLDWIDE,peanuts,americana,13,"[[""Americana"",13]]",false,false,false,true,
afff41a6-df31-4a9a-aea5-b919d1daff54|boardwalk airbrush,resolved,afff41a6-df31-4a9a-aea5-b919d1daff54,PEANUTS WORLDWIDE,peanuts,boardwalk airbrush,13,"[[""Boardwalk Airbrush"",13]]",false,false,false,true,
14f2902d-42de-4820-83c5-e4f359a6e0d6|ev star wars episode iv a new hope portfolio,resolved,14f2902d-42de-4820-83c5-e4f359a6e0d6,STAR WARS,star wars,ev star wars episode iv a new hope portfolio,12,"[[""EV_Star Wars Episode IV - A New Hope Portfolio"",12]]",false,false,false,true,
41b43c61-aaea-4f9d-b84c-abfb04de59f1|michelob ultra,resolved,41b43c61-aaea-4f9d-b84c-abfb04de59f1,Anheuser Busch,anheuser busch,michelob ultra,12,"[[""Michelob Ultra"",12]]",false,false,false,true,
88313675-0089-4072-87be-5b989df8a3fc|scooby doo,resolved,88313675-0089-4072-87be-5b989df8a3fc,WARNER BROS,wb,scooby doo,12,"[[""Scooby-Doo"",12]]",false,false,false,true,
88313675-0089-4072-87be-5b989df8a3fc|the goodfellas,resolved,88313675-0089-4072-87be-5b989df8a3fc,WARNER BROS,wb,the goodfellas,12,"[[""The Goodfellas"",12]]",false,false,false,true,
afff41a6-df31-4a9a-aea5-b919d1daff54|3 d turnarounds,resolved,afff41a6-df31-4a9a-aea5-b919d1daff54,PEANUTS WORLDWIDE,peanuts,3 d turnarounds,12,"[[""3D Turnarounds"",12]]",false,false,false,true,
afff41a6-df31-4a9a-aea5-b919d1daff54|in bloom,resolved,afff41a6-df31-4a9a-aea5-b919d1daff54,PEANUTS WORLDWIDE,peanuts,in bloom,12,"[[""In Bloom"",12]]",false,false,false,true,
c70e095c-2baf-404e-a2a3-c198a259a3e6|[blank],resolved,c70e095c-2baf-404e-a2a3-c198a259a3e6,COCA COLA,coca cola,,12,"[["""",12]]",false,false,false,true,
c70e095c-2baf-404e-a2a3-c198a259a3e6|graphics polar bear ad art,resolved,c70e095c-2baf-404e-a2a3-c198a259a3e6,COCA COLA,coca cola,graphics polar bear ad art,12,"[[""Graphics_Polar Bear Ad Art"",12]]",false,false,false,true,
14f2902d-42de-4820-83c5-e4f359a6e0d6|references,resolved,14f2902d-42de-4820-83c5-e4f359a6e0d6,STAR WARS,star wars,references,11,"[[""_references"",11]]",false,false,false,true,
afff41a6-df31-4a9a-aea5-b919d1daff54|rock the fest style guide,resolved,afff41a6-df31-4a9a-aea5-b919d1daff54,PEANUTS WORLDWIDE,peanuts,rock the fest style guide,11,"[[""Rock the Fest Style Guide"",11]]",true,false,false,true,
c70e095c-2baf-404e-a2a3-c198a259a3e6|red white heritage 2 0,resolved,c70e095c-2baf-404e-a2a3-c198a259a3e6,COCA COLA,coca cola,red white heritage 2 0,11,"[[""Red White & Heritage 2.0"",11]]",false,false,false,true,
dd9d7be2-6f77-4183-8e41-3e57a7a20f8b|apollo 11,resolved,dd9d7be2-6f77-4183-8e41-3e57a7a20f8b,NASA,nasa,apollo 11,10,"[[""APOLLO 11"",10]]",false,false,false,true,
14f2902d-42de-4820-83c5-e4f359a6e0d6|creative rollouts,resolved,14f2902d-42de-4820-83c5-e4f359a6e0d6,STAR WARS,star wars,creative rollouts,9,"[[""_creative rollouts"",9]]",false,false,false,true,
154bf54b-6f7d-4999-b0fb-c2828b12b56a|apollo 13,resolved,154bf54b-6f7d-4999-b0fb-c2828b12b56a,NBC,nbc universal,apollo 13,9,"[[""Apollo 13"",9]]",false,false,false,true,
154bf54b-6f7d-4999-b0fb-c2828b12b56a|nbcu cleared editorial,resolved,154bf54b-6f7d-4999-b0fb-c2828b12b56a,NBC,nbc universal,nbcu cleared editorial,9,"[[""_NBCU CLEARED EDITORIAL"",9]]",false,false,false,true,
154bf54b-6f7d-4999-b0fb-c2828b12b56a|slapshot,resolved,154bf54b-6f7d-4999-b0fb-c2828b12b56a,NBC,nbc universal,slapshot,9,"[[""Slapshot"",9]]",false,false,false,true,
7575d1db-dbee-4336-84a9-aa378f05f105|wwe corporate logo,resolved,7575d1db-dbee-4336-84a9-aa378f05f105,WWE,wwe,wwe corporate logo,9,"[[""WWE Corporate Logo"",9]]",false,false,false,true,
a06658c6-7fed-40ac-84e2-7f4802cdd086|coors,resolved,a06658c6-7fed-40ac-84e2-7f4802cdd086,Miller Coors,miller coors,coors,9,"[[""COORS"",9]]",false,false,false,true,
afff41a6-df31-4a9a-aea5-b919d1daff54|road trippin style guide,resolved,afff41a6-df31-4a9a-aea5-b919d1daff54,PEANUTS WORLDWIDE,peanuts,road trippin style guide,9,"[[""Road Trippin Style Guide"",9]]",true,false,false,true,
c70e095c-2baf-404e-a2a3-c198a259a3e6|27 ss seasonal broadcast,resolved,c70e095c-2baf-404e-a2a3-c198a259a3e6,COCA COLA,coca cola,27 ss seasonal broadcast,9,"[[""27 SS Seasonal Broadcast"",9]]",false,false,false,true,
c70e095c-2baf-404e-a2a3-c198a259a3e6|coca cola packaging one sheet 2023 update folder,resolved,c70e095c-2baf-404e-a2a3-c198a259a3e6,COCA COLA,coca cola,coca cola packaging one sheet 2023 update folder,9,"[[""Coca-Cola Packaging OneSheet 2023 Update_Folder"",9]]",true,false,false,true,
14f2902d-42de-4820-83c5-e4f359a6e0d6|ev star wars episode iii revenge of the sith,resolved,14f2902d-42de-4820-83c5-e4f359a6e0d6,STAR WARS,star wars,ev star wars episode iii revenge of the sith,8,"[[""EV_Star Wars Episode III - Revenge of the Sith"",8]]",false,false,false,true,
5f951f5e-aaee-4add-bb51-fea888951405|its a wonderful life,resolved,5f951f5e-aaee-4add-bb51-fea888951405,VIACOM MULTI,paramount,its a wonderful life,8,"[[""Its a Wonderful Life"",8]]",false,false,false,true,
7575d1db-dbee-4336-84a9-aa378f05f105|[blank],resolved,7575d1db-dbee-4336-84a9-aa378f05f105,WWE,wwe,,8,"[["""",8]]",false,false,false,true,
afff41a6-df31-4a9a-aea5-b919d1daff54|apres ski,resolved,afff41a6-df31-4a9a-aea5-b919d1daff54,PEANUTS WORLDWIDE,peanuts,apres ski,8,"[[""Apres Ski"",8]]",false,false,false,true,
afff41a6-df31-4a9a-aea5-b919d1daff54|ok to be,resolved,afff41a6-df31-4a9a-aea5-b919d1daff54,PEANUTS WORLDWIDE,peanuts,ok to be,8,"[[""OK to Be"",8]]",false,false,false,true,
c70e095c-2baf-404e-a2a3-c198a259a3e6|mid tier channels seasonal broadcast ss22 the pause that refreshes new prep sport utility optimistic escape,resolved,c70e095c-2baf-404e-a2a3-c198a259a3e6,COCA COLA,coca cola,mid tier channels seasonal broadcast ss22 the pause that refreshes new prep sport utility optimistic escape,8,"[[""MID-TIER CHANNELS Seasonal Broadcast SS22 The Pause That Refreshes - New Prep, Sport Utility, Optimistic Escape"",8]]",false,false,false,true,
dd9d7be2-6f77-4183-8e41-3e57a7a20f8b|apollo 17,resolved,dd9d7be2-6f77-4183-8e41-3e57a7a20f8b,NASA,nasa,apollo 17,8,"[[""APOLLO 17"",8]]",false,false,false,true,
c345beff-5ed3-4f2f-b952-4b6db245c37c|bronco,resolved,c345beff-5ed3-4f2f-b952-4b6db245c37c,Ford,ford,bronco,7,"[[""Bronco"",7]]",false,false,false,true,
c70e095c-2baf-404e-a2a3-c198a259a3e6|seasonal broadcast ss21 highway to anywhere route 66 urban nomads perfect harmony mass,resolved,c70e095c-2baf-404e-a2a3-c198a259a3e6,COCA COLA,coca cola,seasonal broadcast ss21 highway to anywhere route 66 urban nomads perfect harmony mass,7,"[[""Seasonal Broadcast SS21 Highway To Anywhere - Route 66, Urban Nomads, Perfect Harmony_Mass"",7]]",false,false,false,true,
14f2902d-42de-4820-83c5-e4f359a6e0d6|ev star wars episode vii the force awakens,resolved,14f2902d-42de-4820-83c5-e4f359a6e0d6,STAR WARS,star wars,ev star wars episode vii the force awakens,6,"[[""EV_Star Wars Episode VII the Force Awakens"",6]]",false,false,false,true,
7d141a6f-e229-46a2-b3f5-0ba0c97dd820|planes,resolved,7d141a6f-e229-46a2-b3f5-0ba0c97dd820,DISNEY,disney,planes,6,"[[""Planes"",6]]",false,false,false,true,
c70e095c-2baf-404e-a2a3-c198a259a3e6|3 d turns,resolved,c70e095c-2baf-404e-a2a3-c198a259a3e6,COCA COLA,coca cola,3 d turns,6,"[[""3D Turns"",6]]",false,false,false,true,
f39fe07e-e438-46b2-9e17-fb711358e790|[blank],resolved,f39fe07e-e438-46b2-9e17-fb711358e790,TOEI - ONE PIECE,one piece,,6,"[["""",6]]",false,false,false,true,
f39fe07e-e438-46b2-9e17-fb711358e790|logo,resolved,f39fe07e-e438-46b2-9e17-fb711358e790,TOEI - ONE PIECE,one piece,logo,6,"[[""LOGO"",6]]",false,false,false,true,
14f2902d-42de-4820-83c5-e4f359a6e0d6|ev star wars episode ix rise of skywalker,resolved,14f2902d-42de-4820-83c5-e4f359a6e0d6,STAR WARS,star wars,ev star wars episode ix rise of skywalker,5,"[[""EV_Star Wars Episode IX - Rise of Skywalker"",5]]",false,false,false,true,
14f2902d-42de-4820-83c5-e4f359a6e0d6|ev star wars episode vi return of the jedi,resolved,14f2902d-42de-4820-83c5-e4f359a6e0d6,STAR WARS,star wars,ev star wars episode vi return of the jedi,5,"[[""EV_Star Wars Episode VI - Return of the Jedi"",5]]",false,false,false,true,
c345beff-5ed3-4f2f-b952-4b6db245c37c|files for panama mat doormat coir set,resolved,c345beff-5ed3-4f2f-b952-4b6db245c37c,Ford,ford,files for panama mat doormat coir set,5,"[[""Files for panama mat doormat coir set"",5]]",false,false,false,true,
c345beff-5ed3-4f2f-b952-4b6db245c37c|ford,resolved,c345beff-5ed3-4f2f-b952-4b6db245c37c,Ford,ford,ford,5,"[[""Ford"",5]]",false,false,false,true,
c70e095c-2baf-404e-a2a3-c198a259a3e6|graffiti refresh,resolved,c70e095c-2baf-404e-a2a3-c198a259a3e6,COCA COLA,coca cola,graffiti refresh,5,"[[""Graffiti Refresh"",5]]",false,false,false,true,
dd9d7be2-6f77-4183-8e41-3e57a7a20f8b|apollo 12,resolved,dd9d7be2-6f77-4183-8e41-3e57a7a20f8b,NASA,nasa,apollo 12,5,"[[""APOLLO 12"",5]]",false,false,false,true,
1619ecdc-a0ad-4d1e-b8f2-7ea2aa1184fb|[blank],resolved,1619ecdc-a0ad-4d1e-b8f2-7ea2aa1184fb,SESAME STREET,sesame workshop,,4,"[["""",4]]",false,false,false,true,
41b43c61-aaea-4f9d-b84c-abfb04de59f1|michelob,resolved,41b43c61-aaea-4f9d-b84c-abfb04de59f1,Anheuser Busch,anheuser busch,michelob,4,"[[""Michelob"",4]]",false,false,false,true,
4dba7d87-54ed-4dee-894b-570326953d92|[blank],resolved,4dba7d87-54ed-4dee-894b-570326953d92,STRAWBERRY SHORTCAKE,strawberry shortcake,,4,"[["""",4]]",false,false,false,true,
7575d1db-dbee-4336-84a9-aa378f05f105|summer slam,resolved,7575d1db-dbee-4336-84a9-aa378f05f105,WWE,wwe,summer slam,4,"[[""SummerSlam"",4]]",false,false,false,true,
afff41a6-df31-4a9a-aea5-b919d1daff54|psychedelic pop,resolved,afff41a6-df31-4a9a-aea5-b919d1daff54,PEANUTS WORLDWIDE,peanuts,psychedelic pop,4,"[[""Psychedelic Pop"",4]]",false,false,false,true,
c70e095c-2baf-404e-a2a3-c198a259a3e6|26 ss coca cola resort,resolved,c70e095c-2baf-404e-a2a3-c198a259a3e6,COCA COLA,coca cola,26 ss coca cola resort,4,"[[""26 SS Coca-Cola Resort"",4]]",false,false,false,true,
dd9d7be2-6f77-4183-8e41-3e57a7a20f8b|apollo 15,resolved,dd9d7be2-6f77-4183-8e41-3e57a7a20f8b,NASA,nasa,apollo 15,4,"[[""APOLLO 15"",4]]",false,false,false,true,
5f951f5e-aaee-4add-bb51-fea888951405|[blank],resolved,5f951f5e-aaee-4add-bb51-fea888951405,VIACOM MULTI,paramount,,3,"[["""",3]]",false,false,false,true,
7d141a6f-e229-46a2-b3f5-0ba0c97dd820|[blank],resolved,7d141a6f-e229-46a2-b3f5-0ba0c97dd820,DISNEY,disney,,3,"[["""",3]]",false,false,false,true,
7d141a6f-e229-46a2-b3f5-0ba0c97dd820|retail guides,resolved,7d141a6f-e229-46a2-b3f5-0ba0c97dd820,DISNEY,disney,retail guides,3,"[[""_Retail Guides"",3]]",false,false,false,true,
c345beff-5ed3-4f2f-b952-4b6db245c37c|mustang,resolved,c345beff-5ed3-4f2f-b952-4b6db245c37c,Ford,ford,mustang,3,"[[""Mustang"",3]]",false,false,false,true,
c70e095c-2baf-404e-a2a3-c198a259a3e6|christmas,resolved,c70e095c-2baf-404e-a2a3-c198a259a3e6,COCA COLA,coca cola,christmas,3,"[[""_Christmas"",3]]",false,false,false,true,
c70e095c-2baf-404e-a2a3-c198a259a3e6|holiday caravan,resolved,c70e095c-2baf-404e-a2a3-c198a259a3e6,COCA COLA,coca cola,holiday caravan,3,"[[""Holiday Caravan"",3]]",false,false,false,true,
c70e095c-2baf-404e-a2a3-c198a259a3e6|holiday gift tag,resolved,c70e095c-2baf-404e-a2a3-c198a259a3e6,COCA COLA,coca cola,holiday gift tag,3,"[[""Holiday Gift Tag"",3]]",false,false,false,true,
c70e095c-2baf-404e-a2a3-c198a259a3e6|holiday joy ornament,resolved,c70e095c-2baf-404e-a2a3-c198a259a3e6,COCA COLA,coca cola,holiday joy ornament,3,"[[""Holiday Joy Ornament"",3]]",false,false,false,true,
dd9d7be2-6f77-4183-8e41-3e57a7a20f8b|apollo 14,resolved,dd9d7be2-6f77-4183-8e41-3e57a7a20f8b,NASA,nasa,apollo 14,3,"[[""APOLLO 14"",3]]",false,false,false,true,
154bf54b-6f7d-4999-b0fb-c2828b12b56a|8 mile,resolved,154bf54b-6f7d-4999-b0fb-c2828b12b56a,NBC,nbc universal,8 mile,2,"[[""8 Mile"",2]]",false,false,false,true,
7575d1db-dbee-4336-84a9-aa378f05f105|superstars,resolved,7575d1db-dbee-4336-84a9-aa378f05f105,WWE,wwe,superstars,2,"[[""Superstars"",2]]",false,false,false,true,
a06658c6-7fed-40ac-84e2-7f4802cdd086|hamms,resolved,a06658c6-7fed-40ac-84e2-7f4802cdd086,Miller Coors,miller coors,hamms,2,"[[""HAMMS"",2]]",false,false,false,true,
afff41a6-df31-4a9a-aea5-b919d1daff54|party animal,resolved,afff41a6-df31-4a9a-aea5-b919d1daff54,PEANUTS WORLDWIDE,peanuts,party animal,2,"[[""Party Animal"",2]]",false,false,false,true,
c345beff-5ed3-4f2f-b952-4b6db245c37c|files for wall art hl group 27,resolved,c345beff-5ed3-4f2f-b952-4b6db245c37c,Ford,ford,files for wall art hl group 27,2,"[[""Files for Wall Art HL Group 27"",2]]",false,false,false,true,
c70e095c-2baf-404e-a2a3-c198a259a3e6|americana,resolved,c70e095c-2baf-404e-a2a3-c198a259a3e6,COCA COLA,coca cola,americana,2,"[[""Americana"",2]]",false,false,false,true,
c70e095c-2baf-404e-a2a3-c198a259a3e6|athletic club,resolved,c70e095c-2baf-404e-a2a3-c198a259a3e6,COCA COLA,coca cola,athletic club,2,"[[""Athletic Club"",2]]",false,false,false,true,
c70e095c-2baf-404e-a2a3-c198a259a3e6|cherry coke,resolved,c70e095c-2baf-404e-a2a3-c198a259a3e6,COCA COLA,coca cola,cherry coke,2,"[[""Cherry Coke"",2]]",false,false,false,true,
c70e095c-2baf-404e-a2a3-c198a259a3e6|football fanatic,resolved,c70e095c-2baf-404e-a2a3-c198a259a3e6,COCA COLA,coca cola,football fanatic,2,"[[""Football Fanatic"",2]]",false,false,false,true,
c70e095c-2baf-404e-a2a3-c198a259a3e6|polar bear line art,resolved,c70e095c-2baf-404e-a2a3-c198a259a3e6,COCA COLA,coca cola,polar bear line art,2,"[[""Polar Bear Line Art"",2]]",false,false,false,true,
c70e095c-2baf-404e-a2a3-c198a259a3e6|seasonal broadcast fw21 22 highway to anywhere perfect harmony mid,resolved,c70e095c-2baf-404e-a2a3-c198a259a3e6,COCA COLA,coca cola,seasonal broadcast fw21 22 highway to anywhere perfect harmony mid,2,"[[""SeasonalBroadcast_FW21.22_Highway To Anywhere_PerfectHarmony_Mid"",2]]",false,false,false,true,
c70e095c-2baf-404e-a2a3-c198a259a3e6|sportcore,resolved,c70e095c-2baf-404e-a2a3-c198a259a3e6,COCA COLA,coca cola,sportcore,2,"[[""Sportcore"",2]]",false,false,false,true,
dd9d7be2-6f77-4183-8e41-3e57a7a20f8b|logos,resolved,dd9d7be2-6f77-4183-8e41-3e57a7a20f8b,NASA,nasa,logos,2,"[[""Logos"",2]]",false,false,false,true,
f143c083-2dfd-48b9-ac9b-43d2290a4e4c|2025 ss marvel creative rollout,resolved,f143c083-2dfd-48b9-ac9b-43d2290a4e4c,MARVEL,marvel style guide,2025 ss marvel creative rollout,2,"[[""2025 SS Marvel Creative Rollout"",2]]",false,false,false,true,
14f2902d-42de-4820-83c5-e4f359a6e0d6|[blank],resolved,14f2902d-42de-4820-83c5-e4f359a6e0d6,STAR WARS,star wars,,1,"[["""",1]]",false,false,false,true,
14f2902d-42de-4820-83c5-e4f359a6e0d6|ev star wars episode ii attack of the clones,resolved,14f2902d-42de-4820-83c5-e4f359a6e0d6,STAR WARS,star wars,ev star wars episode ii attack of the clones,1,"[[""EV_Star Wars Episode II - Attack of the Clones"",1]]",false,false,false,true,
154bf54b-6f7d-4999-b0fb-c2828b12b56a|gam cleared editorial,resolved,154bf54b-6f7d-4999-b0fb-c2828b12b56a,NBC,nbc universal,gam cleared editorial,1,"[[""GAM Cleared Editorial"",1]]",false,false,false,true,
a06658c6-7fed-40ac-84e2-7f4802cdd086|[blank],resolved,a06658c6-7fed-40ac-84e2-7f4802cdd086,Miller Coors,miller coors,,1,"[["""",1]]",false,false,false,true,
afff41a6-df31-4a9a-aea5-b919d1daff54|editorial,resolved,afff41a6-df31-4a9a-aea5-b919d1daff54,PEANUTS WORLDWIDE,peanuts,editorial,1,"[[""_Editorial"",1]]",false,false,false,true,
c70e095c-2baf-404e-a2a3-c198a259a3e6|design immersion video please watch,resolved,c70e095c-2baf-404e-a2a3-c198a259a3e6,COCA COLA,coca cola,design immersion video please watch,1,"[[""DESIGN IMMERSION VIDEO - Please Watch"",1]]",false,false,false,true,
c70e095c-2baf-404e-a2a3-c198a259a3e6|new nostalgia mass,resolved,c70e095c-2baf-404e-a2a3-c198a259a3e6,COCA COLA,coca cola,new nostalgia mass,1,"[[""New Nostalgia Mass"",1]]",false,false,false,true,
dd9d7be2-6f77-4183-8e41-3e57a7a20f8b|apollo 4,resolved,dd9d7be2-6f77-4183-8e41-3e57a7a20f8b,NASA,nasa,apollo 4,1,"[[""APOLLO 4"",1]]",false,false,false,true,
dd9d7be2-6f77-4183-8e41-3e57a7a20f8b|style guide pdf,resolved,dd9d7be2-6f77-4183-8e41-3e57a7a20f8b,NASA,nasa,style guide pdf,1,"[[""STYLE GUIDE PDF"",1]]",true,false,false,true,
e90c3124-e66d-404f-b777-0dae9a5ee4f3|[blank],resolved,e90c3124-e66d-404f-b777-0dae9a5ee4f3,AARDMAN ANIMATIONS,aardman animations,,1,"[["""",1]]",false,false,false,true,
f39fe07e-e438-46b2-9e17-fb711358e790|copyright,resolved,f39fe07e-e438-46b2-9e17-fb711358e790,TOEI - ONE PIECE,one piece,copyright,1,"[[""Copyright"",1]]",false,false,false,true,
licensor_unresolved|seafile ignore txt|[blank],licensor_unresolved,,,seafile ignore txt,,1,"[["""",1]]",false,false,false,false,licensor_unresolved
