licensor,style_guide,characters,folder_property,folder_leaf_match,folder_confidence,coldlion_mg06_code,coldlion_mg06_desc,coldlion_confidence,final_mg06_code (licensing team fills in)
Dis/Mrv/SW,A Bug's Life,1,,,,BU,BUGS LIFE,33%,
Dis/Mrv/SW,Atlantis,1,Disney Classics,Atlantis-00-Aug-03-Core guide,60%,,,,
Dis/Mrv/SW,Big Hero 6 TV,1,,,,BK,BIG LEBOWSKI,33%,
Dis/Mrv/SW,Camp Rock,20,Disney Channel,Camp Rock,100%,,,,
Dis/Mrv/SW,Camp Rock 2,17,Disney Channel,Camp Rock,100%,,,,
Dis/Mrv/SW,Cruella (Live Action),8,Stitch,Live Action,77%,GDL,GABBY'S DOLLHOUSE LIVE ACTION 2025,40%,
Dis/Mrv/SW,Descendants 3,12,,,,,,,
Dis/Mrv/SW,Disney Babies,14,,,,DVN,DISNEY VILLAINS,33%,
Dis/Mrv/SW,Disney Junior Ariel,1,,,,,,,
Dis/Mrv/SW,Disney Junior Super Kitties,1,,,,,,,
Dis/Mrv/SW,Disney Princess,2,Princess,,70%,DVN,DISNEY VILLAINS,33%,
Dis/Mrv/SW,Disney Stitch Franchise,10,Stitch,,63%,,,,
Dis/Mrv/SW,Disney Zombies,10,,,,DVN,DISNEY VILLAINS,33%,
Dis/Mrv/SW,Disney Zombies 2,9,,,,DVN,DISNEY VILLAINS,33%,
Dis/Mrv/SW,Disney Zombies 3,1,,,,DVN,DISNEY VILLAINS,33%,
Dis/Mrv/SW,Doc McStuffins,1,,,,,,,
Dis/Mrv/SW,Ducktales,16,,,,,,,
Dis/Mrv/SW,Elio,1,_Packaging,1587084 Elio - Packaging,70%,,,,
Dis/Mrv/SW,Emperor's New Groove,1,,,,,,,
Dis/Mrv/SW,Fancy Nancy,1,,,,,,,
Dis/Mrv/SW,Finding Dory,1,,,,,,,
Dis/Mrv/SW,Finding Nemo,1,,,,,,,
Dis/Mrv/SW,Firebuds,1,,,,,,,
Dis/Mrv/SW,Goofy Movie,1,,,,PT,MOVIE POSTER,33%,
Dis/Mrv/SW,Haunted Mansion (Theme Park),1,_Packaging,Haunted Mansion Branding,70%,,,,
Dis/Mrv/SW,Hunchback of Notre Dame,1,,,,,,,
Dis/Mrv/SW,"Incredibles, The",2,,,,,,,
Dis/Mrv/SW,Kingdom Hearts 3.0,1,,,,,,,
Dis/Mrv/SW,Lady And The Tramp,1,,,,,,,
Dis/Mrv/SW,Lightyear,1,,,,,,,
Dis/Mrv/SW,Lilo & Stitch (Live-Action),1,Stitch,Live Action,70%,LSL,LILO AND STITCH LIVE ACTION 2025,100%,
Dis/Mrv/SW,"Little Mermaid, The (Live Action)",2,The Little Mermaid,,70%,GDL,GABBY'S DOLLHOUSE LIVE ACTION 2025,33%,
Dis/Mrv/SW,Minnie,3,_Packaging,467122-Minnie-Mouse_-Adult-and-Tween-Branding Packaging-Jun 2024,57%,,,,
Dis/Mrv/SW,Moana (Live-Action),1,Moana Live Action,,100%,GDL,GABBY'S DOLLHOUSE LIVE ACTION 2025,40%,
Dis/Mrv/SW,Moana 2,1,_Packaging,2419461-Moana-2,70%,,,,
Dis/Mrv/SW,MS Disney Plus TV Shows - No Likeness,179,Disney+ Shows,,70%,,,,
Dis/Mrv/SW,MS Disney Plus TV Shows - With Likeness,37,Disney+ Shows,,70%,,,,
Dis/Mrv/SW,Muppet Babies (2018),1,,,,,,,
Dis/Mrv/SW,Oswald The Lucky Rabbit,1,,,,,,,
Dis/Mrv/SW,Pete's Dragon (2016),1,,,,,,,
Dis/Mrv/SW,Pete's Dragon (Classic),2,,,,,,,
Dis/Mrv/SW,Pinocchio,3,,,,,,,
Dis/Mrv/SW,Pirates of the Caribbean 2: Dead Man's Chest,42,,,,,,,
Dis/Mrv/SW,Pirates of the Caribbean 3: At Worlds End,53,,,,,,,
Dis/Mrv/SW,Pirates of the Caribbean 4: On Stranger Tides,22,,,,,,,
Dis/Mrv/SW,Pirates of the Caribbean 5: Dead Men Tell No Tales,14,Marvel Universe Publishing Art Archive,X-MEN,57%,XM,X-MEN,57%,
Dis/Mrv/SW,Pirates of the Caribbean: Curse of the Black Pearl,18,,,,,,,
Dis/Mrv/SW,Pixar Collection,59,Pixar,,70%,,,,
Dis/Mrv/SW,Pixar Shorts - Luxo Jr,1,Pixar,,60%,,,,
Dis/Mrv/SW,Pixar Studios Logo,1,Pixar,,63%,,,,
Dis/Mrv/SW,Pocahontas,1,,,,,,,
Dis/Mrv/SW,Preschool CG Mickey (& Friends),2,_Packaging,Mickey-and-Friends_-Branding,70%,FN,FRIENDS,60%,
Dis/Mrv/SW,Preschool CG Minnie (& Friends),4,,,,FN,FRIENDS,60%,
Dis/Mrv/SW,Puppy Dog Pals,1,,,,,,,
Dis/Mrv/SW,Pupstruction,2,,,,,,,
Dis/Mrv/SW,Ratatouille,1,,,,,,,
Dis/Mrv/SW,Raya and the Last Dragon,1,,,,,,,
Dis/Mrv/SW,Robin Hood,1,Robin Hood,,100%,,,,
Dis/Mrv/SW,Soul,1,,,,,,,
Dis/Mrv/SW,Standard Characters,1,,,,,,,
Dis/Mrv/SW,Steamboat Willie,1,,,,,,,
Dis/Mrv/SW,Strange World,1,,,,DR,DR. STRANGE,33%,
Dis/Mrv/SW,Suite Life of Zack and Cody,12,,,,,,,
Dis/Mrv/SW,T.O.T.S. (TINY ONES TRANSPORT SERVICE),1,,,,,,,
Dis/Mrv/SW,That's So Raven,9,Disney Channel,Thats So Raven,50%,,,,
Dis/Mrv/SW,The Good Dinosaur,1,,,,,,,
Dis/Mrv/SW,The Incredibles 2,2,,,,,,,
Dis/Mrv/SW,Toy Story,5,Toy Story 4,,100%,TS,TOY STORY 4,100%,
Dis/Mrv/SW,Toy Story 2,5,Toy Story 4,,100%,TS,TOY STORY 4,100%,
Dis/Mrv/SW,Toy Story 3,36,Toy Story 4,,100%,TS,TOY STORY 4,100%,
Dis/Mrv/SW,Toy Story 5,1,Toy Story 4,,100%,TS,TOY STORY 4,100%,
Dis/Mrv/SW,Tsum Tsum,63,,,,,,,
Dis/Mrv/SW,Turning Red,1,,,,,,,
Dis/Mrv/SW,Up,1,Pixar,UP,100%,UP,UP MOVIE,72%,
Dis/Mrv/SW,Vampirina Ballerina,1,,,,,,,
Dis/Mrv/SW,Villains,1,Villains,,100%,VG,VILLAINS GROUP,84%,
Dis/Mrv/SW,Wall-E,1,Pixar,WALL-E_-Product-Development-Style-Guide-07-Jun-15-obj0b01d6368003ce23-FULL,55%,,,,
Dis/Mrv/SW,Wish,1,,,,WS,DISNEY'S WISH,70%,
Dis/Mrv/SW,Wizards of Waverly Place,8,,,,,,,
Dis/Mrv/SW,Wreck-It Ralph 2,1,,,,T7,IT 2017,63%,
Marvel,Avengers,103,Avengers,,100%,AV,AVENGERS GROUP,84%,
Marvel,Fantastic Four,38,Theatrical Releases,The Fantastic Four - First Steps,70%,FFF,FANTASTIC FOUR: THE FIRST STEPS MOVIE 25,76%,
Marvel,Fantastic Four Movie - No Likeness,7,Theatrical Releases,The Fantastic Four - First Steps,40%,FFF,FANTASTIC FOUR: THE FIRST STEPS MOVIE 25,70%,
Marvel,Fantastic Four Movie - With Likeness,7,Theatrical Releases,The Fantastic Four - First Steps,40%,FFF,FANTASTIC FOUR: THE FIRST STEPS MOVIE 25,70%,
Marvel,Marvel Comics (Retro),911,Style Guide - Opportunity,Marvel Comics,77%,MG,MARVEL RETRO GROUP,50%,
Marvel,Marvel Cross-Franchise Art Packs,271,Style Guide - Evergreen Priorities,Marvel Cross-Franchise,80%,,,,
Marvel,Marvel Games,175,,,,CM,CAPTAIN MARVEL,33%,
Marvel,Marvel Seasonal,91,Marvel Universe Publishing Art Archive,,70%,CM,CAPTAIN MARVEL,33%,
Marvel,Marvel Studios Collection - No Likeness,126,,,,,,,
Marvel,Marvel Studios: The Infinity Saga - No Likeness,142,Theatrical Releases,Infinity Saga logos,40%,,,,
Marvel,Marvel Studios: The Infinity Saga - With Likeness,88,Theatrical Releases,Infinity Saga logos,40%,,,,
Marvel,Marvel Studios' Ant-Man Wasp Quantumania - No Likeness,19,,,,,,,
Marvel,Marvel Studios' Ant-Man Wasp Quantumania - With Likeness,11,,,,,,,
Marvel,Marvel Studios' Avengers Doomsday - No Likeness,33,Theatrical Releases,Avengers Doomsday,70%,,,,
Marvel,Marvel Studios' Avengers Doomsday - With Likeness,1,Theatrical Releases,Avengers Doomsday,70%,,,,
Marvel,Marvel Studios' Avengers Secret Wars - No Likeness,5,Avengers,,58%,,,,
Marvel,Marvel Studios' Avengers Secret Wars - With Likeness,1,Avengers,,58%,,,,
Marvel,Marvel Studios' Captain Marvel 2 - No Likeness,24,,,,CM,CAPTAIN MARVEL,77%,
Marvel,Marvel Studios' Captain Marvel 2 - With Likeness,6,,,,CM,CAPTAIN MARVEL,77%,
Marvel,Marvel Studios' Deadpool Movie 3 - No Likeness,28,Theatrical Releases,Deadpool 3,60%,DP,DEADPOOL,60%,
Marvel,Marvel Studios' Deadpool Movie 3 - With Likeness,6,Theatrical Releases,Deadpool 3,60%,DP,DEADPOOL,60%,
Marvel,Marvel Studios' Fantastic Four - No Likeness,16,,,,,,,
Marvel,Marvel Studios' Fantastic Four - With Likeness,4,,,,,,,
Marvel,Marvel Studios' GOTG Vol. 3 - No Likeness,15,,,,,,,
Marvel,Marvel Studios' GOTG Vol. 3 - With Likeness,11,,,,,,,
Marvel,Marvel Studios' Thunderbolts - No Likeness,12,,,,,,,
Marvel,Marvel Studios' Thunderbolts - With Likeness,1,,,,,,,
Marvel,Marvel Universe,1041,Marvel Universe Publishing Art Archive,,100%,CM,CAPTAIN MARVEL,33%,
Marvel,Marvel's Moon Girl and Devil Dinosaur,6,,,,,,,
Marvel,Marvel's Spidey and His Amazing Friends,40,Style Guide - Evergreen Priorities,Spidey and Friends,66%,SX,SPIDEY & FRIENDS,66%,
Marvel,Marvels' Blade Movie - No Likeness,3,,,,,,,
Marvel,Marvels' Blade Movie - With Likeness,1,,,,,,,
Marvel,MS Captain America New World Order - No Likeness,6,,,,CA,CAPTAIN AMERICA,63%,
Marvel,MS Captain America New World Order - With Likeness,1,,,,CA,CAPTAIN AMERICA,63%,
WB,Black Adam (2022),10,,,,BP,BLACK PANTHER,33%,
WB,Blue Beetle (2023),11,,,,,,,
WB,"Conjuring 2, The (2016)",8,WB Horror,Conjuring,100%,C3,THE CONJURING 2013,100%,
WB,"Conjuring 3: The Devil Made Me Do It, The (2021)",7,WB Horror,IT,57%,C1,THE CONJURING 3: THE DEVIL MADE ME DO IT,100%,
WB,"Conjuring, The (2013)",16,WB Horror,Conjuring,100%,C3,THE CONJURING 2013,100%,
WB,Cyborg Core,1,,,,,,,
WB,"Dark Knight Rises, The (2012)",15,,,,,,,
WB,"Dark Knight, The (2008)",25,,,,DM,DARK MARK,33%,
WB,DC League of Super-Pets (2022),16,DC,,60%,,,,
WB,DC Super Friends Collection Comics,55,Friends,,58%,FN,FRIENDS,58%,
WB,DC Super Hero Girls: Animated Series,68,DC,DC Super Hero Girls,77%,,,,
WB,DC Women Core,12,DC,,70%,,,,
WB,"Exorcist, The (1973) ",2,WB Horror,The Exorcist,100%,EX,THE EXORCIST,100%,
WB,Fantastic Beasts and Where To Find Them (2016),26,,,,,,,
WB,Fantastic Beasts: The Crimes of Grindelwald (2018),17,,,,,,,
WB,Fantastic Beasts: The Secrets of Dumbledore (2022),20,,,,DD,DUMBLEDORE,60%,
WB,"Flash Core, The",15,DC,Flash,100%,FS,THE FLASH,70%,
WB,"Flash, The (2023)",10,DC,Flash,100%,FS,THE FLASH,100%,
WB,Gokko x DC,1,DC,,70%,,,,
WB,Gokko x Looney Tunes,1,Looney Tunes,,77%,LT,LOONEY TUNES,77%,
WB,"Gokko x Powerpuff Girls, The",1,PowerPuff Girls,,77%,PW,POWERPUFF GIRLS,77%,
WB,Gokko x Scooby-Doo,1,Scooby-Doo,,77%,,,,
WB,Gokko x Tom and Jerry,1,Tom and Jerry,,77%,TJ,TOM & JERRY,77%,
WB,"Goonies, The (1985)",14,The Goonies,,100%,,,,
WB,Gotham Knights: Video Game,10,,,,,,,
WB,Gremlins (1984),7,Gremlins,,100%,,,,
WB,Gremlins 2: The New Batch (1990),10,Gremlins,,63%,,,,
WB,"Hobbit, The: An Unexpected Journey (2012)",48,,,,,,,
WB,"Hobbit, The: The Battle of the Five Armies (2014)",39,,,,,,,
WB,"Hobbit, The: The Desolation of Smaug (2013)",43,LOTR The Hobbit,The Hobbit - The Desolation of Smaug,100%,,,,
WB,House of the Dragon: Television Series,34,House of the Dragon,,70%,T0,IT 1990 TELEVISION SERIES,40%,
WB,Infinite Crisis: Video Game,25,,,,,,,
WB,Injustice 2: Every Battle Defines You: Video Game,1,,,,,,,
WB,Injustice: Gods Among Us: Video Game,30,,,,,,,
WB,IT (1990): Television Miniseries,2,WB Horror,IT,63%,T7,IT 2017,63%,
WB,IT: Welcome to Derry: Television Series,16,WB Horror,IT,57%,WD,WELCOME TO DERRY: TELEVISION SERIES,83%,
WB,"Lost Boys, The (1987) ",20,WB Horror,The Lost Boys,100%,LB,THE LOST BOYS,100%,
WB,"Matrix Reloaded, The (2003) ",24,,,,,,,
WB,"Matrix Resurrections, The (2022)",10,,,,,,,
WB,"Matrix Revolutions, The (2003) ",22,,,,,,,
WB,"Matrix, The (1999)",10,,,,,,,
WB,Multiple Licensed Properties,2,,,,,,,
WB,"Nun 2, The (2023)",7,,,,N3,THE NUN 2 2023,100%,
WB,"Nun, The (2018)",2,,,,N3,THE NUN 2 2023,100%,
WB,Peacemaker: Television Series,7,Gilmore Girls,Gilmore Girls Style Guide-Gilmore Girls_ Television Series,40%,T0,IT 1990 TELEVISION SERIES,50%,
WB,Rick and Morty: Animated Series,112,Rick and Morty,,70%,RK,RICK & MORTY,70%,
WB,SCOOB (2020),22,,,,,,,
WB,Scooby-Doo Core,63,Scooby-Doo,,100%,,,,
WB,Shazam! (2019),17,,,,,,,
WB,Shazam!: Fury of the Gods (2023),19,,,,,,,
WB,Suicide Squad (2016),13,,,,,,,
WB,"Suicide Squad, The (2021)",34,,,,,,,
WB,Suicide Squad: Kill the Justice League: Video Game,1,DC,Justice League,61%,JG,JUSTICE LEAGUE,61%,
WB,Teen Titans Go!: Animated Series,32,,,,,,,
WB,WB 100: Art of the 100th,1,WB 100,,77%,,,,
WB,WB 100: Artist Collaborations,1,WB 100,,70%,,,,
WB,WB 100: Looney Tunes Mashups,70,Looney Tunes,,66%,LT,LOONEY TUNES,66%,
WB,WB 100: Poster Series,1,WB 100,,70%,,,,
WB,Willy Wonka & the Chocolate Factory (1971),18,Wonka (2023),,60%,,,,
WB,Wonka (2023),15,Wonka (2023),,100%,,,,
