schema,relation,relkind,total_bytes,table_bytes,index_bytes,toast_bytes,planner_rows,reloptions,n_live_tup,n_dead_tup,n_mod_since_analyze,n_ins_since_vacuum,n_tup_ins,n_tup_upd,n_tup_del,n_tup_hot_upd,n_tup_newpage_upd,seq_scan,idx_scan,last_vacuum,last_autovacuum,last_analyze,last_autoanalyze,vacuum_count,autovacuum_count,analyze_count,autoanalyze_count
public,assets,r,3405725696,2256191488,1149534208,133267456,145745,,145746,21248,1343,27,7023,1478880,0,739983,250267,9,23499966,,2026-09-04 13:44:39.544372-04,,2026-09-04 16:31:27.880685-04,0,45,0,89
plm,dcp_metadata_asset,r,1333559296,1206632448,126926848,884465664,374610,,0,0,0,0,0,0,0,0,0,0,2,,,,,0,0,0,0
public,asset_tags,r,1237778432,478543872,759234560,8192,2172534,,0,0,0,0,0,0,0,0,0,4,1874220,,,,,0,0,0,0
plm,nbcu_asset_metadata_value,r,1043570688,442712064,600858624,8192,1189429,,0,0,0,0,0,0,0,0,0,0,2,,,,,0,0,0,0
public,style_guide_files,r,881672192,285999104,595673088,90112,296608,,296608,5818,2475,0,2233,1565455,0,0,641843,1,3124930,,2026-09-03 22:12:05.048674-04,,2026-09-03 22:12:09.798373-04,0,23,0,36
public,dam_search_documents,r,766763008,463740928,303022080,179773440,145973,,146007,28288,13505,52,39586,3437857,32520,215191,2005783,13270,4999886,,2026-09-04 12:14:45.468932-04,,2026-09-04 14:24:26.836193-04,0,105,0,192
public,style_guide_file_tags,r,681771008,367132672,314638336,8192,1021282,,10217,3,10223,10220,10220,0,3,0,0,0,22942,,,,,0,0,0,0
public,asset_effective_tags,r,546750464,161865728,384884736,8192,2045705,,2045705,261433,148486,259063,8808328,0,6762623,0,0,18,9821884,,2026-09-03 04:12:08.962041-04,,2026-09-03 04:21:56.678389-04,0,16,0,55
plm,dcp_asset_term_observation,r,458457088,216809472,241647616,8192,2246604,,0,0,0,0,0,0,0,0,0,0,2,,,,,0,0,0,0
app,AuditLog,r,391487488,378306560,13180928,83288064,585965,,0,0,0,0,0,0,0,0,0,0,0,,,,,0,0,0,0
dflow,AuditLog,r,383082496,370016256,13066240,80764928,580505,,0,0,0,0,0,0,0,0,0,3,1,,,,,0,0,0,0
plm,nbcu_asset,r,379944960,235921408,144023552,12107776,105800,,0,0,0,0,0,0,0,0,0,0,2,,,,,0,0,0,0
ingest,raw_record,r,310001664,286916608,23085056,166404096,141401,,0,0,0,0,0,0,0,0,0,0,0,,,,,0,0,0,0
public,erp_items_raw,r,306462720,289062912,17399808,8192,300329,,0,0,0,0,0,0,0,0,0,0,1,,,,,0,0,0,0
plm,nbcu_asset_property,r,304472064,211722240,92749824,8192,144103,,0,0,0,0,0,0,0,0,0,0,2,,,,,0,0,0,0
plm,pmt_asset_metadata_value,r,276611072,162988032,113623040,8192,415044,,0,0,0,0,0,0,0,0,0,0,2,,,,,0,0,0,0
plm,dcp_asset_property_observation,r,200310784,81502208,118808576,8192,874856,,0,0,0,0,0,0,0,0,0,2,7957,,,,,0,0,0,0
pim,product,r,173596672,166453248,7143424,153903104,17909,,0,0,0,0,0,0,0,0,0,4,35,,,,,0,0,0,0
plm,wb_asset_normalized,r,171851776,154673152,17178624,8192,147537,,0,0,0,0,0,0,0,0,0,8,2109,,,,,0,0,0,0
plm,lucasfilm_dcp_metadata_asset,r,163954688,149004288,14950400,114294784,43640,,0,0,0,0,0,0,0,0,0,0,0,,,,,0,0,0,0
plm,nbcu_asset_ip_family,r,151650304,81870848,69779456,8192,112364,,0,0,0,0,0,0,0,0,0,0,1,,,,,0,0,0,0
plm,dcp_asset,r,148209664,64086016,84123648,8192,187487,,0,0,0,0,0,0,0,0,0,15,13253679,,,,,0,0,0,0
plm,nbcu_asset_style_guide,r,135192576,100892672,34299904,8192,61800,,0,0,0,0,0,0,0,0,0,0,2,,,,,0,0,0,0
plm,nbcu_asset_scope,r,129515520,48840704,80674816,8192,131685,,0,0,0,0,0,0,0,0,0,0,1,,,,,0,0,0,0
public,style_guide_tagging_state,r,108601344,54550528,54050816,8192,296889,,296889,14218,520,2233,2233,1525650,0,1515406,6256,0,1604886,,2026-08-30 22:03:45.303425-04,,2026-09-03 22:12:10.802524-04,0,1,0,35
plm,dcp_asset_tile_observation,r,108601344,48947200,59654144,8192,423763,,0,0,0,0,0,0,0,0,0,0,1,,,,,0,0,0,0
plm,wb_asset_property,r,108593152,96526336,12066816,8192,188410,,0,0,0,0,0,0,0,0,0,0,1,,,,,0,0,0,0
plm,wb_asset_style_guide_normalized,r,89202688,79765504,9437184,8192,147484,,0,0,0,0,0,0,0,0,0,0,1,,,,,0,0,0,0
plm,wb_asset_franchise,r,85041152,75595776,9445376,8192,147536,,0,0,0,0,0,0,0,0,0,0,1,,,,,0,0,0,0
plm,dcp_asset_crawl,r,80748544,48660480,32088064,8192,338644,,0,0,0,0,0,0,0,0,0,0,1,,,,,0,0,0,0
plm,item_import,r,80461824,77504512,2957312,8192,19362,,0,0,0,0,0,0,0,0,0,0,0,,,,,0,0,0,0
plm,wwe_asset_tag,r,76447744,37855232,38592512,8192,200271,,200271,0,0,0,200271,0,0,0,0,2,200272,,2026-08-30 12:21:06.945661-04,,2026-08-30 12:21:08.078004-04,0,1,0,1
dflow,itemAttachment,r,69853184,65028096,4825088,8192,194624,,0,0,0,0,0,0,0,0,0,9,1,,,,,0,0,0,0
plm,style_tracker_item_bridge,r,69165056,55803904,13361152,24576,15734,,15734,0,0,0,0,42210,0,1718,27825,7,1835236,,2026-09-04 17:09:18.410663-04,,2026-09-04 17:09:19.478679-04,0,3,0,2
plm,production_order_line,r,68714496,59768832,8945664,8192,24010,,0,1,0,1,1,0,0,0,0,4,439,,,,,0,0,0,0
plm,peanuts_asset,r,67575808,62988288,4587520,45686784,22463,,0,0,0,0,0,0,0,0,0,0,0,,,,,0,0,0,0
plm,dcp_asset_character_observation,r,66789376,31531008,35258368,8192,327085,,0,0,0,0,0,0,0,0,0,0,1,,,,,0,0,0,0
plm,marvel_asgard_node_asset_observation,r,63119360,53215232,9904128,8192,44497,,0,0,0,0,0,0,0,0,0,0,0,,,,,0,0,0,0
plm,lucasfilm_dcp_asset_term_observation,r,57344000,26984448,30359552,8192,279284,,0,0,0,0,0,0,0,0,0,0,0,,,,,0,0,0,0
public,style_tracker_rows,r,54353920,33366016,20987904,8192,15734,,0,2,2,0,0,2,0,0,0,72,767,,,,,0,0,0,0
plm,pmt_authorized_property_asset,r,49913856,20037632,29876224,8192,67876,,0,0,0,0,0,0,0,0,0,0,1,,,,,0,0,0,0
plm,pmt_asset,r,44802048,25911296,18890752,8192,67724,,0,0,0,0,0,0,0,0,0,0,1,,,,,0,0,0,0
public,style_groups,r,43384832,12582912,30801920,32768,10865,,10866,1535,354,13,32563,1392386,32520,852120,354813,38201,13250012,,2026-09-04 00:30:25.122528-04,,2026-09-04 16:04:15.724436-04,0,288,0,415
pim,product_file,r,42401792,35758080,6643712,24576,20281,,0,0,0,0,0,0,0,0,0,0,9,,,,,0,0,0,0
public,asset_path_history,r,41918464,33931264,7987200,8192,38963,,41640,421,3519,6236,14231,0,473,0,0,0,7,,2026-08-29 18:59:11.248076-04,,2026-08-29 20:23:15.773843-04,0,1,0,3
plm,pmt_asset_collection,r,40984576,22421504,18563072,8192,86260,,0,0,0,0,0,0,0,0,0,0,1,,,,,0,0,0,0
plm,marvel_asgard_asset_term_observation,r,39936000,24141824,15794176,8192,179459,,0,0,0,0,0,0,0,0,0,0,0,,,,,0,0,0,0
plm,item,r,39378944,36610048,2768896,8192,19362,,0,0,0,0,0,0,0,0,0,7,51666,,,,,0,0,0,0
plm,marvel_asgard_asset,r,36470784,24084480,12386304,8192,42551,,0,0,0,0,0,0,0,0,0,0,0,,,,,0,0,0,0
plm,pmt_asset_property,r,35053568,19259392,15794176,8192,69076,,0,0,0,0,0,0,0,0,0,0,1,,,,,0,0,0,0
plm,pmt_asset_brand,r,34226176,18956288,15269888,8192,68102,,0,0,0,0,0,0,0,0,0,0,1,,,,,0,0,0,0
plm,pmt_asset_franchise,r,33308672,18415616,14893056,8192,66402,,0,0,0,0,0,0,0,0,0,0,1,,,,,0,0,0,0
plm,sega_asset,r,31227904,27795456,3432448,8192,21000,,0,0,0,0,0,0,0,0,0,0,0,,,,,0,0,0,0
plm,wb_asset_character_normalized,r,31211520,27918336,3293184,8192,51036,,0,0,0,0,0,0,0,0,0,0,1,,,,,0,0,0,0
plm,lucasfilm_dcp_asset_property_observation,r,29138944,11837440,17301504,8192,126658,,0,0,0,0,0,0,0,0,0,2,1540,,,,,0,0,0,0
dflow,email_logs,r,27336704,26894336,442368,57344,18701,,0,0,0,0,0,0,0,0,0,1,1,,,,,0,0,0,0
app,email_logs,r,27271168,26828800,442368,57344,18838,,0,0,0,0,0,0,0,0,0,0,0,,,,,0,0,0,0
public,admin_config,r,26845184,26730496,114688,25640960,756,,756,187,0,1,12,270321,12,267752,2569,78494,9674286,,2026-09-03 16:16:57.080971-04,,2026-09-04 16:47:17.02935-04,0,17,0,1847
crm,email_message,r,23650304,16449536,7200768,57344,17052,,626,88,714,626,626,88,0,0,32,172778,4390,,,,,0,0,0,0
public,asset_characters,r,22134784,10665984,11468800,0,160892,,0,0,0,0,0,0,0,0,0,0,16587747,,,,,0,0,0,0
app,quote_auth_token,r,21897216,20029440,1867776,8192,40695,,0,0,0,0,0,0,0,0,0,0,0,,,,,0,0,0,0
dflow,quote_auth_token,r,21356544,19505152,1851392,8192,40558,,0,0,0,0,0,0,0,0,0,1,1,,,,,0,0,0,0
plm,wwe_asset,r,20766720,18472960,2293760,8192,11277,,11277,0,0,0,11277,0,0,0,0,4,234103,,2026-08-30 12:21:08.280101-04,,2026-08-30 12:21:08.590756-04,0,1,0,1
pim,checklist_item,r,20373504,10674176,9699328,8192,33325,,0,0,0,0,0,0,0,0,0,0,9,,,,,0,0,0,0
pim,product_update,r,20004864,16572416,3432448,2318336,11367,,0,0,0,0,0,0,0,0,0,0,1,,,,,0,0,0,0
plm,itemDetail,r,16228352,15228928,999424,8192,21841,,0,0,0,0,0,0,0,0,0,0,0,,,,,0,0,0,0
plm,lucasfilm_dcp_asset,r,16048128,7217152,8830976,8192,21820,,0,0,0,0,0,0,0,0,0,85,633486,,,,,0,0,0,0
plm,marvel_asgard_asset_character_observation,r,15433728,8773632,6660096,8192,74552,,0,0,0,0,0,0,0,0,0,0,0,,,,,0,0,0,0
plm,opa_property_character,r,15368192,11567104,3801088,8192,10262,,0,0,0,0,0,0,0,0,0,0,267,,,,,0,0,0,0
dflow,user_notification,r,15073280,11771904,3301376,8192,104345,,0,0,0,0,0,0,0,0,0,5,297,,,,,0,0,0,0
public,style_guide_file_groups,m,14262272,10780672,3481600,8192,22039,,22039,3224,82,3274,26733,0,26649,0,0,668,6,,2026-09-02 22:15:34.676573-04,,2026-09-03 22:15:16.80501-04,0,4,0,7
app,user_notification,r,14163968,11771904,2392064,8192,105241,,0,0,0,0,0,0,0,0,0,175,0,,,,,0,0,0,0
public,erp_items_current,r,11264000,8822784,2441216,8192,17703,,0,0,0,0,0,0,0,0,0,5,2114417,,,,,0,0,0,0
plm,sega_asset_property_inferred,r,10584064,6021120,4562944,8192,14226,,0,0,0,0,0,0,0,0,0,0,0,,,,,0,0,0,0
plm,pmt_asset_character,r,10502144,5808128,4694016,8192,19458,,0,0,0,0,0,0,0,0,0,0,2,,,,,0,0,0,0
plm,production_order_line_source_ref,r,9895936,3112960,6782976,8192,24010,,0,0,0,0,0,0,0,0,0,20,12048,,,,,0,0,0,0
plm,sega_catalog,r,9863168,4907008,4956160,8192,8481,,0,0,0,0,0,0,0,0,0,0,0,,,,,0,0,0,0
plm,peanuts_asset_character,r,9363456,4571136,4792320,8192,37238,,0,0,0,0,0,0,0,0,0,0,1,,,,,0,0,0,0
plm,lucasfilm_dcp_asset_character_observation,r,9306112,4349952,4956160,8192,44426,,0,0,0,0,0,0,0,0,0,0,0,,,,,0,0,0,0
plm,itemHeader,r,8888320,8429568,458752,8192,19563,,0,0,0,0,0,0,0,0,0,0,0,,,,,0,0,0,0
dflow,itemHeader,r,8888320,8429568,458752,8192,19451,,0,0,0,0,0,0,0,0,0,41,7,,,,,0,0,0,0
plm,RFQItem,r,8847360,7290880,1556480,8192,6783,,0,0,0,0,0,0,0,0,0,2,1489,,,,,0,0,0,0
public,pdf_text_samples,r,8421376,3424256,4997120,163840,3177,,0,0,0,0,0,0,0,0,0,5,1600409,,,,,0,0,0,0
dflow,itemDetail,r,8159232,7643136,516096,8192,21841,,0,0,0,0,0,0,0,0,0,1,1,,,,,0,0,0,0
plm,dcp_style_guide,r,8028160,6553600,1474560,8192,3009,,0,0,0,0,0,0,0,0,0,14,8404079,,,,,0,0,0,0
plm,item_import_unresolved,r,7725056,5357568,2367488,8192,25712,,0,0,0,0,0,0,0,0,0,0,0,,,,,0,0,0,0
plm,marvel_asgard_asset_likeness_observation,r,7274496,4694016,2580480,8192,42551,,0,0,0,0,0,0,0,0,0,0,0,,,,,0,0,0,0
plm,peanuts_asset_relationship,r,7045120,3096576,3948544,8192,12935,,0,0,0,0,0,0,0,0,0,0,0,,,,,0,0,0,0
core,contact_source_ref,r,6955008,5783552,1171456,8192,9401,,0,0,0,0,0,0,0,0,0,1,2,,,,,0,0,0,0
plm,lucasfilm_dcp_style_guide,r,6397952,6078464,319488,8192,410,,0,0,0,0,0,0,0,0,0,0,130098,,,,,0,0,0,0
plm,item_prod_order_detail_associations,r,5963776,2695168,3268608,8192,29043,,0,0,0,0,0,0,0,0,0,0,0,,,,,0,0,0,0
dflow,item_prod_order_detail_associations,r,5963776,2695168,3268608,8192,29043,,0,0,0,0,0,0,0,0,0,1,1,,,,,0,0,0,0
plm,wildbrain_asset,r,5865472,4857856,1007616,8192,4574,,0,0,0,0,0,0,0,0,0,0,0,,,,,0,0,0,0
plm,lucasfilm_dcp_asset_tile_observation,r,5824512,2433024,3391488,8192,21820,,0,0,0,0,0,0,0,0,0,0,0,,,,,0,0,0,0
plm,dcp_term,r,5750784,4784128,966656,8192,3770,,0,0,0,0,0,0,0,0,0,0,1,,,,,0,0,0,0
public,style_guide_render_queue,r,5750784,2555904,3194880,8192,13212,,13212,0,388,0,2233,4466,3150,0,1225,0,615412,,2026-09-03 23:15:19.94183-04,,2026-09-03 22:33:17.405769-04,0,3,0,6
public,render_queue,r,5742592,4554752,1187840,196608,2551,,2563,36,231,16,8572,17151,8131,7,3176,37174,513553,,2026-09-04 16:13:15.190722-04,,2026-09-04 14:10:08.456879-04,0,40,0,78
plm,sega_asset_catalog,r,5734400,3178496,2555904,8192,21648,,0,0,0,0,0,0,0,0,0,0,0,,,,,0,0,0,0
plm,itemAttachment,r,5439488,4956160,483328,8192,20500,,0,0,0,0,0,0,0,0,0,2,0,,,,,0,0,0,0
plm,lucasfilm_dcp_asset_crawl,r,5406720,3129344,2277376,8192,21820,,0,0,0,0,0,0,0,0,0,0,0,,,,,0,0,0,0
plm,peanuts_asset_art_program,r,5349376,2686976,2662400,8192,22519,,0,0,0,0,0,0,0,0,0,0,0,,,,,0,0,0,0
dflow,RFQVendor,r,5005312,2899968,2105344,8192,32269,,0,0,0,0,0,0,0,0,0,1,283,,,,,0,0,0,0
plm,wb_character_normalized,r,4923392,4202496,720896,8192,5339,,0,0,0,0,0,0,0,0,0,172,80,,,,,0,0,0,0
dflow,RFQItem,r,4710400,3678208,1032192,8192,6685,,0,0,0,0,0,0,0,0,0,1,45224,,,,,0,0,0,0
plm,marvel_dcp_metadata_asset,r,4562944,4087808,475136,2965504,922,,0,0,0,0,0,0,0,0,0,0,0,,,,,0,0,0,0
pim,product_tag,r,4415488,1236992,3178496,8192,13383,,0,0,0,0,0,0,0,0,0,0,1,,,,,0,0,0,0
dflow,ProdOrderDetail,r,4374528,3555328,819200,8192,17550,,0,0,0,0,0,0,0,0,0,1,1,,,,,0,0,0,0
plm,ProdOrderDetail,r,4374528,3555328,819200,8192,17550,,0,0,0,0,0,0,0,0,0,0,0,,,,,0,0,0,0
plm,RFQVendor,r,4284416,2908160,1376256,8192,32534,,0,0,0,0,0,0,0,0,0,0,194,,,,,0,0,0,0
plm,wb_property_character_normalized,r,4268032,3981312,286720,8192,4158,,0,0,0,0,0,0,0,0,0,1,2,,,,,0,0,0,0
plm,peanuts_asset_keyword,r,4227072,2170880,2056192,8192,16827,,0,0,0,0,0,0,0,0,0,0,0,,,,,0,0,0,0
pim,product_field,r,3866624,3112960,753664,589824,3761,,0,0,0,0,0,0,0,0,0,0,0,,,,,0,0,0,0
pim,stage_history,r,3710976,1925120,1785856,8192,18573,,0,0,0,0,0,0,0,0,0,0,9,,,,,0,0,0,0
public,style_guide_tags,r,3686400,1236992,2449408,8192,6431,,6431,952,0,2,2,10218,0,10099,119,0,50233,,,,2026-09-03 22:13:16.302699-04,0,0,0,6
plm,wwe_asset_property_inferred,r,3596288,1933312,1662976,8192,11277,,11277,0,0,0,11277,0,0,0,0,3,11278,,2026-08-30 12:21:08.103672-04,,2026-08-30 12:21:08.175057-04,0,1,0,1
core,contact_company,r,3571712,1531904,2039808,8192,747,,9,0,9,9,9,0,0,0,0,1,654939,,,,,0,0,0,0
plm,dcp_portal_tile,r,3301376,3268608,32768,8192,11,,0,0,0,0,0,0,0,0,0,1,1,,,,,0,0,0,0
plm,lucasfilm_dcp_portal_tile,r,3293184,3260416,32768,8192,1,,0,0,0,0,0,0,0,0,0,1,0,,,,,0,0,0,0
core,contact,r,3244032,2146304,1097728,8192,8654,,9,0,9,9,9,0,0,0,0,16,1104847,,,,,0,0,0,0
supabase_migrations,schema_migrations,r,3235840,3178496,57344,2744320,537,,49,0,49,49,49,0,0,0,0,27,515,,,,,0,0,0,0
dflow,properties_and_characters,r,3006464,1441792,1564672,8192,10122,,0,0,0,0,0,0,0,0,0,1,1,,,,,0,0,0,0
public,ai_tag_bakeoff_results,r,2981888,2719744,262144,1441792,1019,,0,0,0,0,0,0,0,0,0,1,0,,,,,0,0,0,0
dam,sku_human_description,r,2924544,2433024,491520,8192,15360,,15360,0,0,0,107520,0,0,0,0,14,14,,2026-09-04 00:30:23.817253-04,,2026-09-04 00:30:23.940478-04,0,7,0,7
plm,lucasfilm_dcp_term,r,2908160,2441216,466944,8192,1682,,0,0,0,0,0,0,0,0,0,0,0,,,,,0,0,0,0
plm,production_order,r,2703360,1875968,827392,8192,3212,,0,6,0,3,3,3,0,0,3,21,202,,,,,0,0,0,0
plm,licensingStatus,r,2654208,2334720,319488,8192,13328,,0,0,0,0,0,0,0,0,0,0,0,,,,,0,0,0,0
public,product_category_predictions,r,2523136,2170880,352256,8192,2788,,0,0,0,0,0,0,0,0,0,0,0,,,,,0,0,0,0
plm,wwe_asset_folder_member,r,2490368,1548288,942080,8192,11277,,11277,0,0,0,11277,0,0,0,0,2,11278,,2026-08-30 12:21:08.603958-04,,2026-08-30 12:21:08.753018-04,0,1,0,1
dflow,licensingStatus,r,2482176,2170880,311296,8192,13087,,0,0,0,0,0,0,0,0,0,3,1,,,,,0,0,0,0
plm,wb_style_guide_normalized,r,2424832,2105344,319488,8192,2304,,0,0,0,0,0,0,0,0,0,7,194,,,,,0,0,0,0
plm,lucasfilm_dcp_property,r,2400256,2342912,57344,8192,70,,0,0,0,0,0,0,0,0,0,8,2365,,,,,0,0,0,0
plm,marvel_dcp_asset_property_observation,r,2310144,1064960,1245184,8192,10998,,0,0,0,0,0,0,0,0,0,0,0,,,,,0,0,0,0
plm,erp_customer,r,2228224,2048000,180224,8192,836,,0,0,0,0,0,0,0,0,0,0,3753,,,,,0,0,0,0
core,company_source_ref,r,2211840,1392640,819200,8192,989,,0,0,0,0,0,0,0,0,0,3754,381,,,,,0,0,0,0
plm,item_import_staging,r,2211840,24576,2187264,8192,0,,0,0,0,0,0,0,0,0,0,0,0,,,,,0,0,0,0
public,characters,r,2056192,1236992,819200,8192,9622,,0,0,0,0,0,0,0,0,0,16,26005242,,,,,0,0,0,0
plm,marvel_asgard_guide_node,r,2056192,1490944,565248,8192,1401,,0,0,0,0,0,0,0,0,0,0,0,,,,,0,0,0,0
plm,dcp_property,r,2048000,1941504,106496,8192,325,,0,0,0,0,0,0,0,0,0,68,8653,,,,,0,0,0,0
public,style_tracker_audit_log,r,1974272,32768,1941504,8192,0,,2,0,2,2,2,0,0,0,0,0,0,,,,,0,0,0,0
core,customer,r,1900544,778240,1122304,8192,861,,0,0,0,0,0,0,0,0,0,497947,288497,,,,,0,0,0,0
auth,refresh_tokens,r,1720320,679936,1040384,8192,2822,,2757,601,259,386,386,348,128,0,1,3,1371,,,,2026-09-03 13:20:48.730021-04,0,0,0,2
plm,opa_property_scope_membership,r,1712128,1228800,483328,8192,1519,,0,0,0,0,0,0,0,0,0,56,11986,,,,,0,0,0,0
plm,marvel_asgard_capture_checkpoint,r,1703936,1286144,417792,8192,4712,,0,0,0,0,0,0,0,0,0,0,0,,,,,0,0,0,0
plm,opa_character,r,1687552,1196032,491520,8192,9613,,0,0,0,0,0,0,0,0,0,6,2,,,,,0,0,0,0
plm,sega_character_evidence,r,1581056,1032192,548864,8192,1251,,0,0,0,0,0,0,0,0,0,0,0,,,,,0,0,0,0
public,scanner_ai_ignores,r,1564672,475136,1089536,8192,1572,,21,0,21,21,21,0,0,0,0,8,550,,,,,0,0,0,0
cron,job_run_details,r,1531904,1335296,196608,8192,-1,,0,0,0,0,0,0,0,0,0,3,0,,,,,0,0,0,0
plm,wildbrain_asset_guide,r,1482752,991232,491520,8192,4334,,0,0,0,0,0,0,0,0,0,0,0,,,,,0,0,0,0
plm,wildbrain_asset_character,r,1425408,942080,483328,8192,5450,,0,0,0,0,0,0,0,0,0,0,1,,,,,0,0,0,0
plm,nbcu_style_guide_property,r,1368064,1056768,311296,8192,620,,0,0,0,0,0,0,0,0,0,1,0,,,,,0,0,0,0
dflow,property_character_associations,r,1359872,614400,745472,0,9622,,0,0,0,0,0,0,0,0,0,1,1,,,,,0,0,0,0
plm,production_order_source_ref,r,1294336,425984,868352,8192,3212,,0,3,0,3,3,0,0,0,0,0,0,,,,,0,0,0,0
dflow,StandardizedVendor,r,1212416,851968,360448,8192,11320,,0,0,0,0,0,0,0,0,0,2,0,,,,,0,0,0,0
plm,StandardizedVendor,r,1212416,851968,360448,8192,11320,,0,0,0,0,0,0,0,0,0,0,0,,,,,0,0,0,0
plm,erp_vendor,r,1204224,1064960,139264,8192,145,,0,0,0,0,0,0,0,0,0,0,91,,,,,0,0,0,0
plm,ProdOrderHeader,r,1179648,1081344,98304,8192,3530,,0,0,0,0,0,0,0,0,0,0,0,,,,,0,0,0,0
dflow,ProdOrderHeader,r,1171456,1073152,98304,8192,3514,,0,0,0,0,0,0,0,0,0,1,1,,,,,0,0,0,0
pim,project,r,1105920,876544,229376,8192,651,,0,0,0,0,0,0,0,0,0,7,20,,,,,0,0,0,0
plm,coke_approval_metadata_value,r,1081344,688128,393216,8192,2184,,0,0,0,0,0,0,0,0,0,0,0,,,,,0,0,0,0
plm,dcp_character,r,1064960,745472,319488,8192,1930,,0,0,0,0,0,0,0,0,0,0,1,,,,,0,0,0,0
plm,marvel_dcp_asset_term_observation,r,1024000,491520,532480,8192,4820,,0,0,0,0,0,0,0,0,0,0,0,,,,,0,0,0,0
plm,nbcu_style_guide,r,999424,704512,294912,8192,461,,0,0,0,0,0,0,0,0,0,1,0,,,,,0,0,0,0
plm,marvel_dcp_property,r,983040,942080,40960,8192,18,,0,0,0,0,0,0,0,0,0,64,695,,,,,0,0,0,0
plm,wwe_asset_folder,r,966656,565248,401408,8192,1272,,1272,0,0,0,1272,0,0,0,0,5,14717,,2026-08-30 12:21:08.19396-04,,2026-08-30 12:21:08.218423-04,0,1,0,1
plm,marvel_asgard_character,r,958464,598016,360448,8192,1362,,0,0,0,0,0,0,0,0,0,0,0,,,,,0,0,0,0
plm,dcp_metadata_chunk_ledger,r,942080,671744,270336,8192,4407,,0,0,0,0,0,0,0,0,0,1,0,,,,,0,0,0,0
plm,art_piece_attachment,r,901120,630784,270336,8192,2276,,0,0,0,0,0,0,0,0,0,0,0,,,,,0,0,0,0
core,factory,r,851968,245760,606208,8192,93,,0,0,0,0,0,0,0,0,0,107,117,,,,,0,0,0,0
plm,creative_submission_property_resolution,r,843776,376832,466944,8192,1148,,1148,0,0,0,1148,0,0,0,0,10,87571,,2026-08-30 10:30:00.555024-04,,2026-08-30 10:30:00.584705-04,0,1,0,1
dflow,art_piece_attachment,r,794624,540672,253952,8192,2006,,0,0,0,0,0,0,0,0,0,3,15,,,,,0,0,0,0
plm,wb_capture,r,770048,720896,49152,647168,101,,0,0,0,0,0,0,0,0,0,0,1,,,,,0,0,0,0
plm,wwe_tag,r,729088,360448,368640,8192,1670,,1670,0,0,0,1670,0,0,0,0,3,201942,,2026-08-30 12:21:08.756637-04,,2026-08-30 12:21:08.781644-04,0,1,0,1
dflow,merchGroup,r,720896,622592,98304,8192,3645,,0,0,0,0,0,0,0,0,0,16,437,,,,,0,0,0,0
core,merchGroup,r,720896,622592,98304,8192,3645,,0,0,0,0,0,0,0,0,0,55,2202,,,,,0,0,0,0
core,factory_source_ref,r,720896,630784,90112,8192,104,,0,0,0,0,0,0,0,0,0,92,3,,,,,0,0,0,0
dam,pdf_rich_extraction,r,704512,638976,65536,24576,246,,0,0,0,0,0,0,0,0,0,0,0,,,,,0,0,0,0
plm,wb_property,r,671744,532480,139264,8192,525,,0,0,0,0,0,0,0,0,0,142,3393,,,,,0,0,0,0
public,ai_sentinel_cleanup_log,r,638976,466944,172032,8192,1273,,0,0,0,0,0,0,0,0,0,0,0,,,,,0,0,0,0
plm,coke_approval_vocabulary_value,r,630784,442368,188416,8192,1492,,0,0,0,0,0,0,0,0,0,0,0,,,,,0,0,0,0
plm,opa_property_studio_resolution,r,622592,450560,172032,8192,1445,,0,0,0,0,0,0,0,0,0,4,10768,,,,,0,0,0,0
plm,pmt_property_collection,r,614400,303104,311296,8192,1076,,0,0,0,0,0,0,0,0,0,1,0,,,,,0,0,0,0
plm,peanuts_asset_holiday,r,589824,286720,303104,8192,1925,,0,0,0,0,0,0,0,0,0,0,0,,,,,0,0,0,0
plm,pmt_collection,r,589824,344064,245760,8192,1076,,0,0,0,0,0,0,0,0,0,0,1,,,,,0,0,0,0
plm,pmt_capture_batch,r,581632,466944,114688,8192,678,,0,0,0,0,0,0,0,0,0,0,1,,,,,0,0,0,0
pim,revision_request,r,548864,425984,122880,8192,611,,0,0,0,0,0,0,0,0,0,3,0,,,,,0,0,0,0
plm,dcp_property_licensor_resolution,r,540672,327680,212992,8192,650,,0,0,0,0,0,0,0,0,0,4,2,,,,,0,0,0,0
plm,peanuts_style_guide_character,r,524288,401408,122880,8192,1033,,0,0,0,0,0,0,0,0,0,0,1,,,,,0,0,0,0
dflow,art_piece,r,491520,327680,163840,8192,979,,0,0,0,0,0,0,0,0,0,2,8,,,,,0,0,0,0
plm,coke_asset_tag,r,483328,237568,245760,8192,943,,0,0,0,0,0,0,0,0,0,0,0,,,,,0,0,0,0
core,taxonomy_source_ref,r,475136,352256,122880,8192,505,,21,0,21,21,21,0,0,0,0,79,48,,,,,0,0,0,0
plm,coke_approval_item,r,458752,425984,32768,57344,172,,0,0,0,0,0,0,0,0,0,0,0,,,,,0,0,0,0
plm,sega_character_property_inferred,r,450560,155648,294912,8192,250,,0,0,0,0,0,0,0,0,0,0,0,,,,,0,0,0,0
public,sku_files_used,r,442368,188416,253952,8192,821,,821,131,87,0,0,609,0,609,0,15,613,,,,2026-09-03 00:00:40.185387-04,0,0,0,3
designflow_frozen_20260710,art_piece,r,442368,270336,172032,8192,1114,,0,0,0,0,0,0,0,0,0,0,0,,,,,0,0,0,0
plm,coke_asset,r,417792,368640,49152,8192,436,,0,0,0,0,0,0,0,0,0,0,0,,,,,0,0,0,0
core,merchGroupRelations,r,409600,139264,270336,0,1389,,0,0,0,0,0,0,0,0,0,1,2,,,,,0,0,0,0
dflow,merchGroupRelations,r,409600,139264,270336,0,1389,,0,0,0,0,0,0,0,0,0,1,1,,,,,0,0,0,0
plm,property_import,r,409600,311296,98304,8192,468,,0,0,0,0,0,0,0,0,0,0,1,,,,,0,0,0,0
plm,contract_property_evidence,r,401408,253952,147456,8192,1401,,1401,0,0,0,1401,0,0,0,0,0,28,,2026-08-30 10:13:59.640172-04,,2026-08-30 10:13:59.649933-04,0,1,0,1
core,externalCustomer,r,401408,360448,40960,8192,839,,0,0,0,0,0,0,0,0,0,3,0,,,,,0,0,0,0
plm,marvel_dcp_asset,r,401408,180224,221184,8192,461,,0,0,0,0,0,0,0,0,0,0,0,,,,,0,0,0,0
dflow,externalCustomer,r,401408,360448,40960,8192,839,,0,0,0,0,0,0,0,0,0,2,0,,,,,0,0,0,0
dflow,auth_token,r,393216,360448,32768,8192,512,,0,0,0,0,0,0,0,0,0,2,0,,,,,0,0,0,0
plm,sega_property_licensor,r,393216,163840,229376,8192,788,,0,0,0,0,0,0,0,0,0,0,440,,,,,0,0,0,0
app,auth_token,r,393216,360448,32768,8192,512,,0,0,0,0,0,0,0,0,0,0,0,,,,,0,0,0,0
crm,ingested_domain,r,393216,262144,131072,8192,465,,465,0,0,0,6,3112,0,2669,443,1,3119,,2026-09-04 02:11:29.369461-04,,2026-09-04 02:11:29.398399-04,0,10,0,11
plm,sega_character_candidate,r,385024,155648,229376,8192,528,,0,0,0,0,0,0,0,0,0,0,0,,,,,0,0,0,0
plm,lucasfilm_dcp_character,r,385024,270336,114688,8192,370,,0,0,0,0,0,0,0,0,0,0,0,,,,,0,0,0,0
plm,marvel_dcp_asset_character_observation,r,376832,172032,204800,8192,1328,,0,0,0,0,0,0,0,0,0,0,0,,,,,0,0,0,0
plm,nbcu_property,r,376832,229376,147456,8192,249,,0,0,0,0,0,0,0,0,0,123,1521,,,,,0,0,0,0
core,merchGroupMaster,r,368640,303104,65536,8192,2017,,0,0,0,0,0,0,0,0,0,1,2,,,,,0,0,0,0
dflow,app_settings,r,368640,352256,16384,344064,4,,0,0,0,0,0,0,0,0,0,5,0,,,,,0,0,0,0
dflow,merchGroupMaster,r,368640,303104,65536,8192,2017,,0,0,0,0,0,0,0,0,0,1,1,,,,,0,0,0,0
app,app_settings,r,368640,352256,16384,344064,4,,0,0,0,0,0,0,0,0,0,0,0,,,,,0,0,0,0
plm,marvel_dcp_term,r,368640,303104,65536,8192,144,,0,0,0,0,0,0,0,0,0,0,0,,,,,0,0,0,0
core,product_size,r,368640,204800,163840,8192,538,,0,0,0,0,0,0,0,0,0,3,0,,,,,0,0,0,0
dflow,GridLayout,r,360448,245760,114688,8192,1583,,0,0,0,0,0,0,0,0,0,17,1,,,,,0,0,0,0
plm,GridLayout,r,352256,237568,114688,8192,1583,,0,0,0,0,0,0,0,0,0,38,0,,,,,0,0,0,0
plm,dcp_opa_property_resolution,r,352256,204800,147456,8192,250,,250,0,0,250,250,0,0,0,0,88,79402,,,,2026-09-02 22:16:34.632315-04,0,0,0,2
core,product_size_source_ref,r,352256,196608,155648,8192,652,,0,0,0,0,0,0,0,0,0,3,0,,,,,0,0,0,0
plm,sega_property,r,344064,245760,98304,8192,440,,0,0,0,0,0,0,0,0,0,3,192,,,,,0,0,0,0
plm,opa_property,r,335872,212992,122880,8192,1518,,0,0,0,0,0,0,0,0,0,1160,387,,,,,0,0,0,0
plm,StandardizedDetail,r,319488,155648,163840,0,2724,,0,0,0,0,0,0,0,0,0,0,0,,,,,0,0,0,0
dflow,StandardizedDetail,r,319488,155648,163840,0,2724,,0,0,0,0,0,0,0,0,0,2,0,,,,,0,0,0,0
dflow,item_character_associations,r,319488,155648,163840,0,1924,,0,0,0,0,0,0,0,0,0,1,1,,,,,0,0,0,0
auth,users,r,311296,98304,212992,8192,44,,44,30,27,0,3,412,0,354,2,41,40470,,2026-09-01 17:54:00.389692-04,,2026-09-04 05:57:41.845457-04,0,1,0,7
public,agent_registrations,r,286720,221184,65536,147456,2,,2,20,20,0,0,38763,0,0,51,47064,3743494,,2026-09-04 17:25:18.900006-04,,2026-09-04 17:25:18.906704-04,0,756,0,752
app,db_data_admin_audit_event,r,286720,204800,81920,122880,-1,,0,0,0,0,0,0,0,0,0,0,0,,,,,0,0,0,0
plm,peanuts_style_guide,r,278528,196608,81920,8192,528,,0,0,0,0,0,0,0,0,0,0,0,,,,,0,0,0,0
plm,nbcu_character,r,278528,139264,139264,8192,190,,0,0,0,0,0,0,0,0,0,3,2,,,,,0,0,0,0
core,property,r,270336,155648,114688,8192,256,,0,0,0,0,0,0,0,0,0,2334,114470,,,,,0,0,0,0
plm,nbcu_ip_family_property,r,270336,180224,90112,8192,103,,0,0,0,0,0,0,0,0,0,2,0,,,,,0,0,0,0
core,customer_alias,r,262144,73728,188416,8192,71,,0,0,0,0,0,0,0,0,0,3,3753,,,,,0,0,0,0
plm,nbcu_property_character,r,253952,163840,90112,8192,190,,0,0,0,0,0,0,0,0,0,2,0,,,,,0,0,0,0
crm,meeting_note,r,253952,204800,49152,65536,27,,0,0,0,0,0,0,0,0,0,5,8,,,,,0,0,0,0
plm,marvel_dcp_style_guide,r,253952,180224,73728,8192,7,,0,0,0,0,0,0,0,0,0,0,0,,,,,0,0,0,0
plm,creative_submission_property_resolution_member,r,237568,81920,155648,8192,278,,278,0,0,278,278,0,0,0,0,9,21253,,,,2026-08-30 10:30:00.593241-04,0,0,0,1
plm,coke_asset_detail_value,r,229376,155648,73728,8192,657,,0,0,0,0,0,0,0,0,0,0,0,,,,,0,0,0,0
core,externalVendor,r,229376,196608,32768,8192,628,,0,0,0,0,0,0,0,0,0,3,0,,,,,0,0,0,0
dflow,externalVendor,r,229376,196608,32768,8192,627,,0,0,0,0,0,0,0,0,0,2,0,,,,,0,0,0,0
public,properties,r,212992,131072,81920,8192,500,,0,0,0,0,0,0,0,0,0,13,6,,,,,0,0,0,0
plm,marvel_dcp_asset_tile_observation,r,212992,90112,122880,8192,461,,0,0,0,0,0,0,0,0,0,0,0,,,,,0,0,0,0
auth,sessions,r,204800,98304,106496,8192,217,,219,54,46,48,48,339,10,339,0,0,16076,,,,2026-09-03 20:06:09.42805-04,0,0,0,5
plm,customer_import,r,204800,163840,40960,8192,54,,0,0,0,0,0,0,0,0,0,1,5405,,,,,0,0,0,0
plm,marvel_dcp_asset_crawl,r,196608,98304,98304,8192,461,,0,0,0,0,0,0,0,0,0,0,0,,,,,0,0,0,0
pim,product_link,r,188416,122880,65536,8192,104,,0,0,0,0,0,0,0,0,0,0,0,,,,,0,0,0,0
dflow,sample_movement,r,188416,73728,114688,8192,120,,0,0,0,0,0,0,0,0,0,50,0,,,,,0,0,0,0
auth,flow_state,r,180224,114688,65536,65536,109,,3,11,25,14,14,0,11,0,0,0,24,,,,,0,0,0,0
core,licensor_alias,r,180224,90112,90112,24576,-1,,0,0,0,0,0,0,0,0,0,3,0,,,,,0,0,0,0
plm,pmt_property,r,180224,81920,98304,8192,134,,0,0,0,0,0,0,0,0,0,125,2,,,,,0,0,0,0
plm,wwe_submission,r,172032,122880,49152,8192,-1,,48,0,48,48,48,0,0,0,0,3,354,,,,,0,0,0,0
plm,peanuts_asset_animation_title,r,172032,90112,81920,8192,292,,0,0,0,0,0,0,0,0,0,0,0,,,,,0,0,0,0
plm,marvel_asgard_term,r,172032,90112,81920,8192,95,,0,0,0,0,0,0,0,0,0,0,0,,,,,0,0,0,0
plm,taxonomy_resolution_review,r,172032,16384,155648,8192,-1,,0,0,0,0,0,0,0,0,0,2,12,,,,,0,0,0,0
plm,coke_vocabulary_value,r,163840,98304,65536,8192,204,,0,0,0,0,0,0,0,0,0,0,0,,,,,0,0,0,0
plm,erp_property,r,163840,49152,114688,8192,-1,,0,0,0,0,0,0,0,0,0,8,1,,,,,0,0,0,0
plm,vendor_exclusion,r,163840,122880,40960,8192,435,,0,0,0,0,0,0,0,0,0,0,0,,,,,0,0,0,0
plm,coke_tag,r,163840,90112,73728,8192,279,,0,0,0,0,0,0,0,0,0,0,0,,,,,0,0,0,0
plm,lucasfilm_dcp_metadata_chunk_ledger,r,155648,106496,49152,8192,430,,0,0,0,0,0,0,0,0,0,0,0,,,,,0,0,0,0
plm,peanuts_style_guide_art_program,r,155648,114688,40960,8192,262,,0,0,0,0,0,0,0,0,0,0,0,,,,,0,0,0,0
plm,contract_property,r,155648,65536,90112,8192,309,,309,0,0,309,309,0,0,0,0,0,1429,,,,2026-08-30 10:13:59.637862-04,0,0,0,1
plm,pmt_property_character,r,147456,73728,73728,8192,124,,0,0,0,0,0,0,0,0,0,2,0,,,,,0,0,0,0
pim,product_submission,r,147456,114688,32768,8192,84,,0,0,0,0,0,0,0,0,0,4,0,,,,,0,0,0,0
plm,marvel_asgard_style_guide,r,147456,90112,57344,8192,75,,0,0,0,0,0,0,0,0,0,63,1,,,,,0,0,0,0
plm,style_tracker_value_resolution,r,147456,24576,122880,8192,0,,0,0,0,0,0,0,0,0,0,9,0,,,,,0,0,0,0
plm,pmt_character,r,147456,73728,73728,8192,124,,0,0,0,0,0,0,0,0,0,3,2,,,,,0,0,0,0
plm,GridAccessLevel,r,139264,98304,40960,8192,926,,0,0,0,0,0,0,0,0,0,224,0,,,,,0,0,0,0
auth,identities,r,139264,73728,65536,8192,29,,1,1,11,1,1,10,0,10,0,0,14652,,,,,0,0,0,0
plm,pmt_property_franchise_evidence,r,139264,81920,57344,8192,168,,0,0,0,0,0,0,0,0,0,1,0,,,,,0,0,0,0
dflow,GridAccessLevel,r,139264,98304,40960,8192,926,,0,0,0,0,0,0,0,0,0,123,0,,,,,0,0,0,0
core,product_depth,r,139264,73728,65536,8192,121,,0,0,0,0,0,0,0,0,0,4,121,,,,,0,0,0,0
dflow,sample_shipment_line,r,131072,49152,81920,8192,23,,0,0,0,0,0,0,0,0,0,8,0,,,,,0,0,0,0
plm,erp_licensor,r,131072,16384,114688,8192,-1,,0,0,0,0,0,0,0,0,0,1,1,,,,,0,0,0,0
plm,nbcu_scope,r,131072,81920,49152,8192,54,,0,0,0,0,0,0,0,0,0,1,0,,,,,0,0,0,0
plm,marvel_dcp_portal_tile,r,131072,98304,32768,8192,1,,0,0,0,0,0,0,0,0,0,1,0,,,,,0,0,0,0
plm,wwe_character_evidence,r,131072,49152,81920,8192,54,,54,0,0,54,54,0,0,0,0,6,54,,,,2026-08-30 12:21:08.089709-04,0,0,0,1
plm,dcp_opa_property_resolution_member,r,131072,49152,81920,0,315,,315,0,0,315,315,0,0,0,0,60,688,,,,2026-09-02 22:16:34.636101-04,0,0,0,2
temp_status_watch,status_snapshot,r,131072,81920,49152,8192,282,,0,0,0,0,0,0,0,0,0,0,0,,,,,0,0,0,0
plm,dcp_chunk_ledger,r,122880,81920,40960,8192,304,,0,0,0,0,0,0,0,0,0,1,0,,,,,0,0,0,0
realtime,subscription,r,122880,73728,49152,8192,6,,4,51,22,48,267,476,267,470,6,83688,233286,,2026-09-03 16:04:56.49749-04,,2026-09-04 16:59:17.619864-04,0,6,0,19
auth,mfa_amr_claims,r,122880,65536,57344,8192,173,,38,10,58,48,48,0,10,0,0,0,15013,,,,,0,0,0,0
crm,department,r,122880,73728,49152,8192,38,,0,0,0,0,0,0,0,0,0,15,67536,,,,,0,0,0,0
plm,marvel_dcp_character,r,122880,81920,40960,8192,37,,0,0,0,0,0,0,0,0,0,0,0,,,,,0,0,0,0
plm,nbcu_capture,r,122880,73728,49152,24576,-1,,0,0,0,0,0,0,0,0,0,1,66,,,,,0,0,0,0
dflow,artists,r,122880,16384,106496,8192,14,,0,0,0,0,0,0,0,0,0,2,0,,,,,0,0,0,0
auth,custom_oauth_providers,r,114688,16384,98304,8192,-1,,0,0,0,0,0,0,0,0,0,0,0,,,,,0,0,0,0
designflow_frozen_20260710,artists,r,114688,16384,98304,8192,14,,0,0,0,0,0,0,0,0,0,0,0,,,,,0,0,0,0
dflow,sample_factory_visit,r,114688,16384,98304,8192,-1,,0,0,0,0,0,0,0,0,0,2,0,,,,,0,0,0,0
dflow,art_types,r,114688,16384,98304,8192,2,,0,0,0,0,0,0,0,0,0,2,0,,,,,0,0,0,0
plm,pmt_authorized_title,r,114688,65536,49152,8192,29,,0,0,0,0,0,0,0,0,0,0,1,,,,,0,0,0,0
plm,sega_style_guide_candidate,r,114688,81920,32768,8192,74,,0,0,0,0,0,0,0,0,0,0,0,,,,,0,0,0,0
public,ai_tag_bakeoff_reviews,r,114688,65536,49152,8192,76,,0,0,0,0,0,0,0,0,0,0,0,,,,,0,0,0,0
pim,stage,r,114688,81920,32768,8192,86,,0,0,0,0,0,0,0,0,0,2,6,,,,,0,0,0,0
auth,one_time_tokens,r,114688,16384,98304,8192,-1,,0,0,0,0,0,0,0,0,0,0,1,,,,,0,0,0,0
core,art_types,r,114688,16384,98304,8192,2,,0,0,0,0,0,0,0,0,0,3,0,,,,,0,0,0,0
plm,pmt_authorized_title_property,r,106496,73728,32768,8192,72,,0,0,0,0,0,0,0,0,0,1,0,,,,,0,0,0,0
core,product_depth_source_ref,r,106496,57344,49152,8192,121,,0,0,0,0,0,0,0,0,0,3,0,,,,,0,0,0,0
plm,coke_sku,r,106496,57344,49152,8192,-1,,0,0,0,0,0,0,0,0,0,0,0,,,,,0,0,0,0
plm,coke_asset_property_option,r,106496,73728,32768,8192,166,,0,0,0,0,0,0,0,0,0,0,0,,,,,0,0,0,0
plm,licensor_import,r,106496,73728,32768,8192,37,,0,0,0,0,0,0,0,0,0,0,0,,,,,0,0,0,0
core,factory_alias,r,106496,16384,90112,8192,-1,,0,0,0,0,0,0,0,0,0,3,91,,,,,0,0,0,0
app,RolePermissions,r,106496,8192,98304,0,4,,0,0,0,0,0,0,0,0,0,6,0,,,,,0,0,0,0
dflow,RolePermissions,r,106496,8192,98304,0,4,,0,0,0,0,0,0,0,0,0,11,0,,,,,0,0,0,0
plm,sega_style_guide_property_inferred,r,98304,49152,49152,8192,-1,,0,0,0,0,0,0,0,0,0,0,0,,,,,0,0,0,0
storage,objects,r,98304,16384,81920,8192,-1,,0,0,0,0,0,0,0,0,0,0,2,,,,,0,0,0,0
plm,taxonomy_baseline_pin,r,98304,49152,49152,8192,-1,,0,0,0,0,0,0,0,0,0,0,0,,,,,0,0,0,0
plm,GridViewState,r,98304,65536,32768,8192,15,,0,0,0,0,0,0,0,0,0,0,48,,,,,0,0,0,0
plm,itemSize,r,98304,65536,32768,8192,495,,0,0,0,0,0,0,0,0,0,0,0,,,,,0,0,0,0
plm,RFQGroup,r,98304,65536,32768,8192,398,,0,0,0,0,0,0,0,0,0,6,1512,,,,,0,0,0,0
plm,sega_capture,r,98304,49152,49152,8192,-1,,0,0,0,0,0,0,0,0,0,0,66,,,,,0,0,0,0
plm,dcp_metadata_run,r,98304,16384,81920,8192,-1,,0,0,0,0,0,0,0,0,0,2,2,,,,,0,0,0,0
dflow_prod,RFQItem,r,98304,8192,90112,8192,-1,,0,0,0,0,0,0,0,0,0,0,0,,,,,0,0,0,0
plm,wwe_style_guide_page,r,98304,65536,32768,8192,226,,226,0,0,226,226,0,0,0,0,3,226,,,,2026-08-30 12:21:08.189124-04,0,0,0,1
dflow,sample,r,98304,49152,49152,8192,15,,0,0,0,0,0,0,0,0,0,20,0,,,,,0,0,0,0
dflow,itemSize,r,98304,65536,32768,8192,495,,0,0,0,0,0,0,0,0,0,2,0,,,,,0,0,0,0
plm,lucasfilm_dcp_metadata_run,r,98304,16384,81920,8192,-1,,0,0,0,0,0,0,0,0,0,0,0,,,,,0,0,0,0
dflow,sample_piece_lineage,r,98304,16384,81920,8192,-1,,0,0,0,0,0,0,0,0,0,2,0,,,,,0,0,0,0
plm,coke_manufacturer_profile,r,98304,81920,16384,8192,-1,,0,0,0,0,0,0,0,0,0,0,0,,,,,0,0,0,0
plm,marvel_dcp_metadata_run,r,98304,16384,81920,8192,-1,,0,0,0,0,0,0,0,0,0,0,0,,,,,0,0,0,0
dflow,RFQGroup,r,98304,65536,32768,8192,389,,0,0,0,0,0,0,0,0,0,265,1470,,,,,0,0,0,0
plm,dcp_crawl,r,90112,16384,73728,8192,2,,0,0,0,0,0,0,0,0,0,9,0,,,,,0,0,0,0
plm,peanuts_character,r,90112,57344,32768,8192,77,,0,0,0,0,0,0,0,0,0,0,0,,,,,0,0,0,0
plm,pmt_franchise,r,90112,57344,32768,8192,22,,0,0,0,0,0,0,0,0,0,2,0,,,,,0,0,0,0
dflow,licensingMilestone,r,90112,40960,49152,0,114,,0,0,0,0,0,0,0,0,0,2,0,,,,,0,0,0,0
plm,licensingMilestone,r,90112,40960,49152,0,114,,0,0,0,0,0,0,0,0,0,0,0,,,,,0,0,0,0
plm,pmt_property_capture_log,r,90112,65536,24576,8192,72,,0,0,0,0,0,0,0,0,0,1,0,,,,,0,0,0,0
plm,wildbrain_guide,r,90112,57344,32768,8192,65,,0,0,0,0,0,0,0,0,0,0,0,,,,,0,0,0,0
core,vendor,r,90112,73728,16384,8192,167,,0,0,0,0,0,0,0,0,0,7,0,,,,,0,0,0,0
core,product_material,r,90112,16384,73728,8192,-1,,0,0,0,0,0,0,0,0,0,3,0,,,,,0,0,0,0
dflow,vendor,r,90112,73728,16384,8192,163,,0,0,0,0,0,0,0,0,0,2,0,,,,,0,0,0,0
plm,StandardizedSize,r,90112,57344,32768,8192,402,,0,0,0,0,0,0,0,0,0,0,0,,,,,0,0,0,0
dflow,StandardizedSize,r,90112,57344,32768,8192,402,,0,0,0,0,0,0,0,0,0,2,0,,,,,0,0,0,0
plm,peanuts_asset_type,r,81920,49152,32768,8192,-1,,0,0,0,0,0,0,0,0,0,0,0,,,,,0,0,0,0
plm,wwe_product_entitlement,r,81920,16384,65536,8192,-1,,10,0,10,10,10,0,0,0,0,4,11,,,,,0,0,0,0
plm,peanuts_capture,r,81920,49152,32768,8192,-1,,0,0,0,0,0,0,0,0,0,2,0,,,,,0,0,0,0
plm,wwe_character_candidate,r,81920,16384,65536,8192,-1,,11,0,11,11,11,0,0,0,0,4,88,,,,,0,0,0,0
plm,taxonomy_sync_alert,r,81920,16384,65536,8192,-1,,0,2,0,1,1,1,0,0,0,0,4,,,,,0,0,0,0
dflow,artist_types,r,81920,16384,65536,8192,2,,0,0,0,0,0,0,0,0,0,2,0,,,,,0,0,0,0
core,artist_types,r,81920,16384,65536,8192,2,,0,0,0,0,0,0,0,0,0,3,0,,,,,0,0,0,0
plm,lucasfilm_dcp_crawl_section,r,81920,16384,65536,8192,-1,,0,0,0,0,0,0,0,0,0,0,0,,,,,0,0,0,0
plm,wwe_submission_stage,r,81920,49152,32768,8192,121,,121,0,0,121,121,0,0,0,0,3,121,,,,2026-08-30 12:21:08.18167-04,0,0,0,1
plm,dcp_crawl_section,r,81920,16384,65536,8192,-1,,0,0,0,0,0,0,0,0,0,1,0,,,,,0,0,0,0
plm,contract_property_document,r,81920,49152,32768,8192,-1,,39,0,39,39,39,0,0,0,0,0,1429,,,,,0,0,0,0
plm,pmt_capture,r,81920,16384,65536,8192,-1,,0,0,0,0,0,0,0,0,0,1,86,,,,,0,0,0,0
plm,nbcu_ip_family,r,81920,16384,65536,8192,-1,,0,0,0,0,0,0,0,0,0,1,0,,,,,0,0,0,0
plm,wildbrain_character,r,81920,49152,32768,8192,96,,0,0,0,0,0,0,0,0,0,0,0,,,,,0,0,0,0
plm,marvel_dcp_crawl_section,r,81920,16384,65536,8192,-1,,0,0,0,0,0,0,0,0,0,0,0,,,,,0,0,0,0
core,licensor,r,81920,49152,32768,8192,25,,0,0,0,0,0,0,0,0,0,165684,4318,,,,,0,0,0,0
plm,peanuts_metadata_field,r,81920,49152,32768,8192,-1,,0,0,0,0,0,0,0,0,0,0,0,,,,,0,0,0,0
plm,coke_approval_stage_snapshot,r,81920,65536,16384,8192,172,,0,0,0,0,0,0,0,0,0,0,0,,,,,0,0,0,0
plm,wwe_property,r,81920,16384,65536,8192,-1,,1,0,1,1,1,0,0,0,0,4,13,,,,,0,0,0,0
plm,pmt_relationship_anomaly,r,81920,49152,32768,8192,-1,,0,0,0,0,0,0,0,0,0,1,0,,,,,0,0,0,0
dflow,GridViewState,r,81920,49152,32768,8192,14,,0,0,0,0,0,0,0,0,0,19,0,,,,,0,0,0,0
dflow,sample_inventory_balance,r,81920,49152,32768,8192,151,,0,0,0,0,0,0,0,0,0,2,0,,,,,0,0,0,0
plm,merch_group_header,r,81920,16384,65536,8192,-1,,0,0,0,0,0,0,0,0,0,0,0,,,,,0,0,0,0
public,hts_rag_rulings,r,81920,16384,65536,8192,-1,,0,0,0,0,0,0,0,0,0,0,0,,,,,0,0,0,0
plm,wwe_submission_image,r,81920,49152,32768,8192,76,,76,0,0,76,76,0,0,0,0,3,76,,,,2026-08-30 12:21:08.184665-04,0,0,0,1
plm,wb_franchise,r,73728,16384,57344,8192,8,,0,0,0,0,0,0,0,0,0,10,0,,,,,0,0,0,0
public,app_access,r,73728,8192,65536,0,29,,1,0,1,1,1,0,0,0,0,131,1,,,,,0,0,0,0
dflow,users,r,73728,49152,24576,8192,52,,0,15,25,0,0,25,0,25,0,82,55,,,,,0,0,0,0
public,style_guide_crawl_runs,r,73728,57344,16384,8192,94,,7,0,14,7,7,7,0,7,0,12,1531416,,,,,0,0,0,0
dflow,sample_shipment_item,r,73728,8192,65536,0,-1,,0,0,0,0,0,0,0,0,0,2,0,,,,,0,0,0,0
plm,pmt_capture_expectation,r,73728,57344,16384,8192,22,,0,0,0,0,0,0,0,0,0,1,0,,,,,0,0,0,0
plm,sega_tag,r,73728,16384,57344,8192,-1,,0,0,0,0,0,0,0,0,0,0,0,,,,,0,0,0,0
designflow_frozen_20260710,Factory,r,73728,57344,16384,8192,175,,0,0,0,0,0,0,0,0,0,0,0,,,,,0,0,0,0
core,packaging_type,r,73728,16384,57344,8192,-1,,0,0,0,0,0,0,0,0,0,32,0,,,,,0,0,0,0
plm,lucasfilm_dcp_crawl,r,65536,16384,49152,8192,-1,,0,0,0,0,0,0,0,0,0,0,0,,,,,0,0,0,0
public,helper_tokens,r,65536,49152,16384,8192,52,,0,0,0,0,0,0,0,0,0,0,0,,,,,0,0,0,0
plm,wwe_submission_capture,r,65536,16384,49152,8192,-1,,1,1,2,1,1,1,0,0,0,3,62,,,,,0,0,0,0
app,ai_cache_events,r,65536,16384,49152,8192,2,,0,0,0,0,0,0,0,0,0,0,0,,,,,0,0,0,0
dflow,grid_cell_notes,r,65536,16384,49152,8192,2,,0,0,0,0,0,0,0,0,0,78,0,,,,,0,0,0,0
ingest,sync_run,r,65536,49152,16384,8192,-1,,0,0,0,0,0,0,0,0,0,0,0,,,,,0,0,0,0
app,users,r,65536,49152,16384,8192,53,,0,0,0,0,0,0,0,0,0,1,0,,,,,0,0,0,0
plm,wildbrain_capture,r,65536,16384,49152,8192,-1,,0,0,0,0,0,0,0,0,0,0,64,,,,,0,0,0,0
plm,sega_asset_tag,r,65536,16384,49152,8192,-1,,0,0,0,0,0,0,0,0,0,0,0,,,,,0,0,0,0
plm,wwe_style_guide,r,65536,16384,49152,8192,-1,,26,0,26,26,26,0,0,0,0,3,279,,,,,0,0,0,0
public,helper_devices,r,65536,49152,16384,8192,2,,0,0,0,0,0,0,0,0,0,0,0,,,,,0,0,0,0
dflow,sample_factory_visit_event,r,65536,16384,49152,8192,-1,,0,0,0,0,0,0,0,0,0,2,0,,,,,0,0,0,0
plm,wwe_creative_capture,r,65536,16384,49152,8192,-1,,1,1,2,1,1,1,0,0,0,3,2946,,,,,0,0,0,0
plm,pmt_shrink_override,r,65536,16384,49152,8192,-1,,0,0,0,0,0,0,0,0,0,1,0,,,,,0,0,0,0
plm,wildbrain_era,r,65536,16384,49152,8192,-1,,0,0,0,0,0,0,0,0,0,0,124,,,,,0,0,0,0
dflow,itemLicenseImage,r,65536,16384,49152,8192,1,,0,0,0,0,0,0,0,0,0,2,0,,,,,0,0,0,0
core,style_guide,r,65536,8192,57344,8192,-1,,0,0,0,0,0,0,0,0,0,5,0,,,,,0,0,0,0
dflow,sample_reservation,r,65536,16384,49152,8192,-1,,0,0,0,0,0,0,0,0,0,12,0,,,,,0,0,0,0
dflow,itemType,r,65536,16384,49152,8192,-1,,0,0,0,0,0,0,0,0,0,2,0,,,,,0,0,0,0
core,taxonomy_owner_ruling,r,65536,16384,49152,8192,-1,,0,0,0,0,0,0,0,0,0,3,0,,,,,0,0,0,0
dflow,Factory,r,65536,49152,16384,8192,169,,0,0,0,0,0,0,0,0,0,16,1070,,,,,0,0,0,0
plm,StandardizedGroup,r,65536,49152,16384,8192,89,,0,0,0,0,0,0,0,0,0,0,0,,,,,0,0,0,0
dflow,sample_approval_event,r,65536,16384,49152,8192,-1,,0,0,0,0,0,0,0,0,0,2,0,,,,,0,0,0,0
core,mg_category,r,65536,16384,49152,8192,-1,,0,0,0,0,0,0,0,0,0,3,0,,,,,0,0,0,0
plm,marvel_dcp_crawl,r,65536,16384,49152,8192,-1,,0,0,0,0,0,0,0,0,0,0,0,,,,,0,0,0,0
plm,wwe_style_guide_property_inferred,r,65536,16384,49152,8192,-1,,26,0,26,26,26,0,0,0,0,3,27,,,,,0,0,0,0
core,channel,r,65536,16384,49152,8192,-1,,0,0,0,0,0,0,0,0,0,31,0,,,,,0,0,0,0
public,ai_tag_bakeoff_runs,r,65536,49152,16384,8192,-1,,0,0,0,0,0,0,0,0,0,0,0,,,,,0,0,0,0
plm,grid_cell_notes,r,65536,16384,49152,8192,2,,0,0,0,0,0,0,0,0,0,108,0,,,,,0,0,0,0
plm,twentieth_century_dcp_metadata_asset,r,65536,8192,57344,8192,-1,,0,0,0,0,0,0,0,0,0,0,0,,,,,0,0,0,0
dflow,ai_cache_events,r,65536,16384,49152,8192,-1,,0,0,0,0,0,0,0,0,0,2,1,,,,,0,0,0,0
plm,wildbrain_guide_alias,r,65536,49152,16384,8192,72,,0,0,0,0,0,0,0,0,0,0,0,,,,,0,0,0,0
temp_status_watch,status_change_log,r,65536,16384,49152,8192,-1,,0,0,0,0,0,0,0,0,0,0,0,,,,,0,0,0,0
dflow,sample_carrier,r,65536,16384,49152,8192,-1,,0,0,0,0,0,0,0,0,0,2,0,,,,,0,0,0,0
public,agent_pairings,r,65536,16384,49152,8192,-1,,0,0,0,0,0,0,0,0,0,2,0,,,,,0,0,0,0
plm,GridChildrenLayout,r,65536,49152,16384,8192,72,,0,0,0,0,0,0,0,0,0,0,0,,,,,0,0,0,0
plm,wwe_submission_ip,r,65536,16384,49152,8192,54,,54,0,0,54,54,0,0,0,0,4,54,,,,2026-08-30 12:21:08.178813-04,0,0,0,1
plm,itemLicenseImage,r,65536,16384,49152,8192,1,,0,0,0,0,0,0,0,0,0,0,0,,,,,0,0,0,0
plm,sega_submission_capture,r,65536,16384,49152,8192,-1,,0,0,0,0,0,0,0,0,0,0,111,,,,,0,0,0,0
dflow,StandardizedGroup,r,65536,49152,16384,8192,89,,0,0,0,0,0,0,0,0,0,2,0,,,,,0,0,0,0
dflow,sample_workflow,r,65536,16384,49152,8192,18,,0,0,0,0,0,0,0,0,0,77,0,,,,,0,0,0,0
app,profile,r,65536,16384,49152,8192,17,,1,2,1,3,3,0,0,0,0,68120,80,,,,,0,0,0,0
core,mg_category_merch_group,r,65536,16384,49152,8192,58,,0,0,0,0,0,0,0,0,0,3,0,,,,,0,0,0,0
dflow,sample_shipment,r,65536,16384,49152,8192,-1,,0,0,0,0,0,0,0,0,0,2,6,,,,,0,0,0,0
plm,wwe_asset_library,r,65536,16384,49152,8192,-1,,2,0,2,2,2,0,0,0,0,3,11280,,,,,0,0,0,0
dflow,sample_box,r,65536,16384,49152,8192,31,,0,0,0,0,0,0,0,0,0,8,0,,,,,0,0,0,0
plm,wwe_character_property_inferred,r,65536,16384,49152,8192,-1,,11,0,11,11,11,0,0,0,0,3,12,,,,,0,0,0,0
dflow,GridChildrenLayout,r,65536,49152,16384,8192,72,,0,0,0,0,0,0,0,0,0,2,0,,,,,0,0,0,0
dflow_prod,AuditLog,r,57344,8192,49152,8192,-1,,0,0,0,0,0,0,0,0,0,0,0,,,,,0,0,0,0
auth,mfa_factors,r,57344,8192,49152,8192,-1,,0,0,0,0,0,0,0,0,0,0,14617,,,,,0,0,0,0
dflow_prod,art_piece_attachment,r,57344,8192,49152,8192,-1,,0,0,0,0,0,0,0,0,0,0,0,,,,,0,0,0,0
designflow_frozen_20260710,product_category,r,57344,8192,49152,0,7,,0,0,0,0,0,0,0,0,0,0,0,,,,,0,0,0,0
plm,marvel_asgard_guide_category,r,57344,16384,40960,8192,-1,,0,0,0,0,0,0,0,0,0,0,0,,,,,0,0,0,0
public,tiff_optimization_queue,r,57344,8192,49152,8192,-1,,0,0,0,0,0,0,0,0,0,0,109732,,,,,0,0,0,0
dflow_prod,artists,r,57344,8192,49152,8192,-1,,0,0,0,0,0,0,0,0,0,0,0,,,,,0,0,0,0
dflow,productUserAssignment,r,57344,8192,49152,0,-1,,0,0,0,0,0,0,0,0,0,2,2,,,,,0,0,0,0
public,asset_checkouts,r,57344,16384,40960,8192,-1,,0,0,0,0,0,0,0,0,0,8960,10640,,,,,0,0,0,0
dflow,age_group,r,57344,8192,49152,0,2,,0,0,0,0,0,0,0,0,0,2,0,,,,,0,0,0,0
dflow_prod,art_piece,r,57344,8192,49152,8192,-1,,0,0,0,0,0,0,0,0,0,0,0,,,,,0,0,0,0
core,age_group,r,57344,8192,49152,0,2,,0,0,0,0,0,0,0,0,0,3,0,,,,,0,0,0,0
public,hygiene_findings,r,57344,8192,49152,8192,-1,,0,0,0,0,0,0,0,0,0,0,0,,,,,0,0,0,0
public,user_roles,r,57344,8192,49152,0,26,,1,0,1,1,1,0,0,0,0,1627829,112,,,,,0,0,0,0
dflow_archive,AuditLog,r,57344,8192,49152,8192,-1,,0,0,0,0,0,0,0,0,0,0,0,,,,,0,0,0,0
dflow_prod,art_types,r,57344,8192,49152,8192,-1,,0,0,0,0,0,0,0,0,0,0,0,,,,,0,0,0,0
dflow,product_category,r,57344,8192,49152,0,7,,0,0,0,0,0,0,0,0,0,2,0,,,,,0,0,0,0
dflow_prod,item_prod_order_detail_associations,r,57344,8192,49152,8192,-1,,0,0,0,0,0,0,0,0,0,0,0,,,,,0,0,0,0
plm,art_piece_item,r,57344,8192,49152,8192,-1,,0,0,0,0,0,0,0,0,0,0,0,,,,,0,0,0,0
plm,coke_capture,r,49152,16384,32768,8192,-1,,0,0,0,0,0,0,0,0,0,1,0,,,,,0,0,0,0
dflow,sample_path_revision,r,49152,16384,32768,8192,-1,,0,12,0,12,12,0,0,0,0,4,20,,,,,0,0,0,0
dflow,sample_event,r,49152,16384,32768,8192,-1,,0,0,0,0,0,0,0,0,0,8,0,,,,,0,0,0,0
dflow,sample_remote_request_history,r,49152,16384,32768,8192,-1,,0,0,0,0,0,0,0,0,0,2,1,,,,,0,0,0,0
coldlion,change_log,r,49152,8192,40960,8192,-1,,0,0,0,0,0,0,0,0,0,0,0,,,,,0,0,0,0
plm,twentieth_century_dcp_style_guide,r,49152,8192,40960,8192,-1,,0,0,0,0,0,0,0,0,0,0,0,,,,,0,0,0,0
public,invitations,r,49152,16384,32768,8192,-1,,0,0,0,0,0,0,0,0,0,3,1,,,,,0,0,0,0
plm,peanuts_art_program,r,49152,16384,32768,8192,-1,,0,0,0,0,0,0,0,0,0,0,0,,,,,0,0,0,0
pim,view_pref,r,49152,16384,32768,8192,-1,,0,0,0,0,0,0,0,0,0,0,3,,,,,0,0,0,0
storage,buckets,r,49152,16384,32768,8192,-1,,0,0,0,0,0,0,0,0,0,17,43,,,,,0,0,0,0
dflow,sample_remote_request,r,49152,16384,32768,8192,-1,,0,0,0,0,0,0,0,0,0,2,10,,,,,0,0,0,0
plm,taxonomy_parallel_observation,r,49152,8192,40960,8192,-1,,0,0,0,0,0,0,0,0,0,0,0,,,,,0,0,0,0
dflow,licensingFeedbackReply,r,49152,16384,32768,8192,8,,0,0,0,0,0,0,0,0,0,2,0,,,,,0,0,0,0
plm,peanuts_licensing_status,r,49152,16384,32768,8192,-1,,0,0,0,0,0,0,0,0,0,0,0,,,,,0,0,0,0
dflow,sample_remote_request_item,r,49152,16384,32768,8192,-1,,0,0,0,0,0,0,0,0,0,5,3,,,,,0,0,0,0
public,licensors,r,49152,16384,32768,8192,-1,,0,2,2,0,0,2,0,0,0,5,1597,,,,,0,0,0,0
plm,contract_property_capture,r,49152,16384,32768,8192,-1,,14,0,14,14,14,0,0,0,0,28,1749,,,,,0,0,0,0
plm,peanuts_animation_title,r,49152,16384,32768,8192,-1,,0,0,0,0,0,0,0,0,0,0,0,,,,,0,0,0,0
public,hts_rag_determinations,r,49152,8192,40960,8192,-1,,0,0,0,0,0,0,0,0,0,12,0,,,,,0,0,0,0
crm,ignore_rule,r,49152,16384,32768,8192,-1,,0,0,0,0,0,0,0,0,0,1418,0,,,,,0,0,0,0
core,freelance_designer,r,49152,16384,32768,8192,-1,,0,0,0,0,0,0,0,0,0,3,0,,,,,0,0,0,0
public,erp_sync_runs,r,49152,16384,32768,8192,-1,,0,0,0,0,0,0,0,0,0,0,0,,,,,0,0,0,0
core,creative_designer,r,49152,16384,32768,8192,-1,,0,0,0,0,0,0,0,0,0,34,1813,,,,,0,0,0,0
core,artist,r,49152,16384,32768,8192,-1,,0,0,0,0,0,0,0,0,0,3,0,,,,,0,0,0,0
dflow_prod,properties_and_characters,r,49152,8192,40960,8192,-1,,0,0,0,0,0,0,0,0,0,0,0,,,,,0,0,0,0
dflow_prod,merchGroupRelations,r,49152,0,49152,0,-1,,0,0,0,0,0,0,0,0,0,0,0,,,,,0,0,0,0
plm,wwe_contract,r,49152,16384,32768,8192,-1,,1,0,1,1,1,0,0,0,0,2,13,,,,,0,0,0,0
plm,coldlion_promotion_audit,r,49152,8192,40960,8192,-1,,0,0,0,0,0,0,0,0,0,0,0,,,,,0,0,0,0
cron,job,r,49152,16384,32768,8192,-1,,0,0,0,0,0,0,0,0,0,8,1,,,,,0,0,0,0
plm,wwe_creative_brand,r,49152,16384,32768,8192,-1,,2,0,2,2,2,0,0,0,0,2,31,,,,,0,0,0,0
plm,peanuts_initiative,r,49152,16384,32768,8192,-1,,0,0,0,0,0,0,0,0,0,0,0,,,,,0,0,0,0
public,style_guide_folders,m,49152,49152,0,8192,380,,380,0,0,380,250420,0,0,0,0,4,,,,,2026-09-04 17:30:19.172301-04,0,0,0,659
dflow,sample_creation_batch,r,49152,16384,32768,8192,-1,,0,0,0,0,0,0,0,0,0,2,0,,,,,0,0,0,0
public,order_list_user_views,r,49152,16384,32768,8192,-1,,0,0,0,0,0,0,0,0,0,0,4,,,,,0,0,0,0
dflow,sample_attachment,r,49152,16384,32768,8192,-1,,0,0,0,0,0,0,0,0,0,8,0,,,,,0,0,0,0
plm,wildbrain_asset_category,r,49152,16384,32768,8192,-1,,0,0,0,0,0,0,0,0,0,0,0,,,,,0,0,0,0
core,technical_designer,r,49152,16384,32768,8192,-1,,0,0,0,0,0,0,0,0,0,3,0,,,,,0,0,0,0
app,role,r,49152,16384,32768,8192,-1,,0,0,0,0,0,0,0,0,0,1,51924,,,,,0,0,0,0
pim,product_sample,r,49152,16384,32768,8192,-1,,0,0,0,0,0,0,0,0,0,3,0,,,,,0,0,0,0
plm,peanuts_holiday,r,49152,16384,32768,8192,-1,,0,0,0,0,0,0,0,0,0,0,0,,,,,0,0,0,0
public,style_tracker_user_views,r,49152,16384,32768,8192,-1,,0,0,0,0,0,0,0,0,0,0,29,,,,,0,0,0,0
plm,marvel_asgard_capture,r,49152,16384,32768,8192,-1,,0,0,0,0,0,0,0,0,0,0,0,,,,,0,0,0,0
app,notification,r,49152,16384,32768,8192,-1,,0,0,0,0,0,0,0,0,0,1,3,,,,,0,0,0,0
dflow_prod,RolePermissions,r,49152,0,49152,0,-1,,0,0,0,0,0,0,0,0,0,0,0,,,,,0,0,0,0
plm,twentieth_century_dcp_metadata_run,r,49152,8192,40960,8192,-1,,0,0,0,0,0,0,0,0,0,0,0,,,,,0,0,0,0
plm,licensing_write_authorization,r,49152,16384,32768,8192,-1,,0,0,0,0,0,0,0,0,0,0,0,,,,,0,0,0,0
plm,wwe_contract_property,r,49152,16384,32768,8192,-1,,1,0,1,1,1,0,0,0,0,2,2,,,,,0,0,0,0
dam,popsg_property_resolution,r,49152,8192,40960,8192,-1,,0,0,0,0,0,0,0,0,0,1,0,,,,,0,0,0,0
plm,pmt_brand,r,49152,16384,32768,8192,-1,,0,0,0,0,0,0,0,0,0,1,0,,,,,0,0,0,0
plm,twentieth_century_dcp_asset,r,49152,8192,40960,8192,-1,,0,0,0,0,0,0,0,0,0,0,0,,,,,0,0,0,0
plm,wildbrain_creative_group,r,49152,16384,32768,8192,-1,,0,0,0,0,0,0,0,0,0,0,0,,,,,0,0,0,0
auth,oauth_consents,r,49152,8192,40960,8192,-1,,0,0,0,0,0,0,0,0,0,0,0,,,,,0,0,0,0
plm,licensingFeedbackReply,r,49152,16384,32768,8192,13,,0,0,0,0,0,0,0,0,0,0,0,,,,,0,0,0,0
public,prod_order_headers_current,r,49152,8192,40960,8192,-1,,0,0,0,0,0,0,0,0,0,0,4,,,,,0,0,0,0
crm,opportunity,r,40960,8192,32768,8192,-1,,0,0,0,0,0,0,0,0,0,103941,274559,,,,,0,0,0,0
dflow,comments,r,40960,16384,24576,8192,17,,0,0,0,0,0,0,0,0,0,4,0,,,,,0,0,0,0
dflow,sample_import_job,r,40960,8192,32768,8192,-1,,0,0,0,0,0,0,0,0,0,2,0,,,,,0,0,0,0
app,UIElements,r,40960,8192,32768,0,28,,0,0,0,0,0,0,0,0,0,0,0,,,,,0,0,0,0
dflow,UIElements,r,40960,8192,32768,0,28,,0,0,0,0,0,0,0,0,0,6,0,,,,,0,0,0,0
coldlion,sync_run,r,40960,8192,32768,8192,-1,,0,0,0,0,0,0,0,0,0,1,0,,,,,0,0,0,0
plm,marvel_dcp_metadata_load_exception,r,40960,8192,32768,8192,-1,,0,0,0,0,0,0,0,0,0,0,0,,,,,0,0,0,0
auth,saml_relay_states,r,40960,8192,32768,8192,-1,,0,0,0,0,0,0,0,0,0,11,0,,,,,0,0,0,0
plm,sesame_category,r,40960,8192,32768,8192,-1,,0,0,0,0,0,0,0,0,0,0,0,,,,,0,0,0,0
pim,customer_order,r,40960,8192,32768,8192,-1,,0,0,0,0,0,0,0,0,0,3,0,,,,,0,0,0,0
plm,twentieth_century_dcp_crawl_section,r,40960,8192,32768,8192,-1,,0,0,0,0,0,0,0,0,0,0,0,,,,,0,0,0,0
app,user_role,r,40960,8192,32768,0,-1,,1,0,1,1,1,0,0,0,0,4,51943,,,,,0,0,0,0
plm,dcp_metadata_load_exception,r,40960,8192,32768,8192,-1,,0,0,0,0,0,0,0,0,0,1,0,,,,,0,0,0,0
plm,lucasfilm_dcp_metadata_load_exception,r,40960,8192,32768,8192,-1,,0,0,0,0,0,0,0,0,0,0,0,,,,,0,0,0,0
plm,twentieth_century_dcp_metadata_load_exception,r,40960,8192,32768,8192,-1,,0,0,0,0,0,0,0,0,0,0,0,,,,,0,0,0,0
plm,coldlion_promotion_quarantine,r,40960,8192,32768,8192,-1,,0,0,0,0,0,0,0,0,0,0,0,,,,,0,0,0,0
app,app_access,r,40960,8192,32768,0,16,,2,2,2,4,4,0,0,0,0,56,848,,,,,0,0,0,0
plm,twentieth_century_dcp_load_exception,r,40960,8192,32768,8192,-1,,0,0,0,0,0,0,0,0,0,0,0,,,,,0,0,0,0
coldlion,window_ledger,r,40960,8192,32768,8192,-1,,0,0,0,0,0,0,0,0,0,0,0,,,,,0,0,0,0
plm,dcp_load_exception,r,40960,8192,32768,8192,-1,,0,0,0,0,0,0,0,0,0,1,0,,,,,0,0,0,0
core,character,r,40960,8192,32768,8192,-1,,0,0,0,0,0,0,0,0,0,14,0,,,,,0,0,0,0
plm,lucasfilm_dcp_load_exception,r,40960,8192,32768,8192,-1,,0,0,0,0,0,0,0,0,0,0,0,,,,,0,0,0,0
dam,asset,r,40960,8192,32768,8192,-1,,0,0,0,0,0,0,0,0,0,1,0,,,,,0,0,0,0
core,customer_channel,r,40960,8192,32768,0,-1,,0,0,0,0,0,0,0,0,0,3,3753,,,,,0,0,0,0
plm,creative_submission_contract_resolution,r,40960,8192,32768,8192,-1,,0,0,0,0,0,0,0,0,0,4,3058,,,,,0,0,0,0
plm,twentieth_century_dcp_asset_tile_observation,r,40960,8192,32768,8192,-1,,0,0,0,0,0,0,0,0,0,0,0,,,,,0,0,0,0
auth,oauth_authorizations,r,40960,8192,32768,8192,-1,,0,0,0,0,0,0,0,0,0,0,0,,,,,0,0,0,0
dflow_prod,artist_types,r,40960,8192,32768,8192,-1,,0,0,0,0,0,0,0,0,0,0,0,,,,,0,0,0,0
storage,migrations,r,40960,8192,32768,0,61,,0,0,0,0,0,0,0,0,0,0,0,,,,,0,0,0,0
plm,marvel_dcp_load_exception,r,40960,8192,32768,8192,-1,,0,0,0,0,0,0,0,0,0,0,0,,,,,0,0,0,0
public,hts_rag_precedent_rulings,r,40960,8192,32768,8192,-1,,0,0,0,0,0,0,0,0,0,4,0,,,,,0,0,0,0
core,property_alias,r,40960,8192,32768,8192,-1,,0,0,0,0,0,0,0,0,0,8,0,,,,,0,0,0,0
plm,sega_submission_property,r,32768,16384,16384,8192,-1,,0,0,0,0,0,0,0,0,0,0,110,,,,,0,0,0,0
plm,coke_approval_related_item,r,32768,16384,16384,8192,-1,,0,0,0,0,0,0,0,0,0,0,0,,,,,0,0,0,0
crm,task,r,32768,8192,24576,8192,-1,,0,0,0,0,0,0,0,0,0,8,0,,,,,0,0,0,0
core,product_subtype,r,32768,8192,24576,8192,-1,,0,0,0,0,0,0,0,0,0,3,0,,,,,0,0,0,0
plm,dcp_crawl_gap,r,32768,8192,24576,8192,-1,,0,0,0,0,0,0,0,0,0,1,0,,,,,0,0,0,0
auth,sso_domains,r,32768,8192,24576,8192,-1,,0,0,0,0,0,0,0,0,0,0,0,,,,,0,0,0,0
dflow,RFQItemStatus,r,32768,16384,16384,8192,3,,0,0,0,0,0,0,0,0,0,10,0,,,,,0,0,0,0
core,sku_ref,r,32768,8192,24576,8192,-1,,0,0,0,0,0,0,0,0,0,3,0,,,,,0,0,0,0
dflow,item_user_assignment,r,32768,8192,24576,8192,-1,,0,0,0,0,0,0,0,0,0,5,0,,,,,0,0,0,0
plm,lucasfilm_dcp_chunk_ledger,r,32768,16384,16384,8192,-1,,0,0,0,0,0,0,0,0,0,0,0,,,,,0,0,0,0
plm,SeasonCode,r,32768,16384,16384,8192,8,,0,0,0,0,0,0,0,0,0,2,0,,,,,0,0,0,0
plm,externalApi,r,32768,16384,16384,8192,5,,0,0,0,0,0,0,0,0,0,0,0,,,,,0,0,0,0
plm,divisionCode,r,32768,16384,16384,8192,5,,0,0,0,0,0,0,0,0,0,24,0,,,,,0,0,0,0
plm,twentieth_century_dcp_asset_property_observation,r,32768,8192,24576,8192,-1,,0,0,0,0,0,0,0,0,0,0,0,,,,,0,0,0,0
dflow,licenseList,r,32768,16384,16384,8192,19,,0,0,0,0,0,0,0,0,0,7,0,,,,,0,0,0,0
plm,vendor_quarantine,r,32768,16384,16384,8192,-1,,0,0,0,0,0,0,0,0,0,0,0,,,,,0,0,0,0
plm,sesame_style_guide,r,32768,8192,24576,8192,-1,,0,0,0,0,0,0,0,0,0,0,0,,,,,0,0,0,0
dflow,StandardizedProductType,r,32768,16384,16384,8192,4,,0,0,0,0,0,0,0,0,0,2,0,,,,,0,0,0,0
plm,deployment_environment,r,32768,16384,16384,8192,-1,,0,0,0,0,0,0,0,0,0,0,0,,,,,0,0,0,0
public,hts_rag_product_examples,r,32768,8192,24576,8192,-1,,0,0,0,0,0,0,0,0,0,3,0,,,,,0,0,0,0
plm,RFQItemStatus,r,32768,16384,16384,8192,3,,0,0,0,0,0,0,0,0,0,12,0,,,,,0,0,0,0
plm,marvel_dcp_chunk_ledger,r,32768,16384,16384,8192,-1,,0,0,0,0,0,0,0,0,0,0,0,,,,,0,0,0,0
net,_http_response,r,32768,16384,16384,16384,-1,,0,0,0,0,0,0,0,0,0,1,0,,,,,0,0,0,0
plm,twentieth_century_dcp_property,r,32768,8192,24576,8192,-1,,0,0,0,0,0,0,0,0,0,64,0,,,,,0,0,0,0
crm,factory_ext,r,32768,16384,16384,8192,-1,,0,0,0,0,0,0,0,0,0,1,0,,,,,0,0,0,0
dflow_prod,itemType,r,32768,8192,24576,8192,-1,,0,0,0,0,0,0,0,0,0,0,0,,,,,0,0,0,0
plm,companyCode,r,32768,16384,16384,8192,5,,0,0,0,0,0,0,0,0,0,14,0,,,,,0,0,0,0
dflow_prod,itemLicenseImage,r,32768,8192,24576,8192,-1,,0,0,0,0,0,0,0,0,0,0,0,,,,,0,0,0,0
pim,product_time_entry,r,32768,8192,24576,8192,-1,,0,0,0,0,0,0,0,0,0,0,0,,,,,0,0,0,0
plm,art_piece,r,32768,8192,24576,8192,-1,,0,0,0,0,0,0,0,0,0,0,0,,,,,0,0,0,0
dflow,groups,r,32768,16384,16384,8192,6,,0,0,0,0,0,0,0,0,0,2,0,,,,,0,0,0,0
core,product_type,r,32768,8192,24576,8192,-1,,0,0,0,0,0,0,0,0,0,4,0,,,,,0,0,0,0
crm,worker_delta_cursor,r,32768,16384,16384,8192,2,,2,8,16,0,0,1316,0,1316,0,3948,5264,,,,2026-09-04 15:30:12.755456-04,0,0,0,25
plm,pmt_metadata_element,r,32768,16384,16384,8192,-1,,0,0,0,0,0,0,0,0,0,1,0,,,,,0,0,0,0
dflow,sample_stop_closeout,r,32768,8192,24576,8192,-1,,0,0,0,0,0,0,0,0,0,2,6,,,,,0,0,0,0
app,db_data_admin_feature_gate,r,32768,16384,16384,8192,-1,,0,0,0,0,0,0,0,0,0,0,0,,,,,0,0,0,0
plm,twentieth_century_dcp_crawl_gap,r,32768,8192,24576,8192,-1,,0,0,0,0,0,0,0,0,0,0,0,,,,,0,0,0,0
dflow_prod,ai_cache_events,r,32768,8192,24576,8192,-1,,0,0,0,0,0,0,0,0,0,0,0,,,,,0,0,0,0
plm,StandardizedProductElement,r,32768,16384,16384,8192,6,,0,0,0,0,0,0,0,0,0,0,0,,,,,0,0,0,0
dflow_prod,grid_cell_notes,r,32768,8192,24576,8192,-1,,0,0,0,0,0,0,0,0,0,0,0,,,,,0,0,0,0
dflow,companyCode,r,32768,16384,16384,8192,5,,0,0,0,0,0,0,0,0,0,6,0,,,,,0,0,0,0
dflow,vendorGroup,r,32768,16384,16384,8192,5,,0,0,0,0,0,0,0,0,0,2,0,,,,,0,0,0,0
plm,twentieth_century_dcp_asset_character_observation,r,32768,8192,24576,8192,-1,,0,0,0,0,0,0,0,0,0,0,0,,,,,0,0,0,0
plm,sega_asset_property,r,32768,8192,24576,8192,-1,,0,0,0,0,0,0,0,0,0,0,0,,,,,0,0,0,0
core,vendorGroup,r,32768,16384,16384,8192,5,,0,0,0,0,0,0,0,0,0,3,0,,,,,0,0,0,0
public,hts_rag_precedents,r,32768,8192,24576,8192,-1,,0,0,0,0,0,0,0,0,0,4,0,,,,,0,0,0,0
pim,saved_view,r,32768,16384,16384,8192,-1,,0,0,0,0,0,0,0,0,0,6,0,,,,,0,0,0,0
plm,twentieth_century_dcp_asset_term_observation,r,32768,8192,24576,8192,-1,,0,0,0,0,0,0,0,0,0,0,0,,,,,0,0,0,0
plm,StandardizedProductType,r,32768,16384,16384,8192,4,,0,0,0,0,0,0,0,0,0,0,0,,,,,0,0,0,0
dflow,UDFElement,r,32768,16384,16384,8192,49,,0,0,0,0,0,0,0,0,0,2,0,,,,,0,0,0,0
dflow,LicenseFeedBacks,r,32768,16384,16384,8192,22,,0,0,0,0,0,0,0,0,0,19,0,,,,,0,0,0,0
public,erp_enrichment_log,r,32768,8192,24576,8192,-1,,0,0,0,0,0,0,0,0,0,0,0,,,,,0,0,0,0
dam,factory_ext,r,32768,16384,16384,8192,-1,,0,0,0,0,0,0,0,0,0,30,0,,,,,0,0,0,0
designflow_frozen_20260710,customers,r,32768,16384,16384,8192,57,,0,0,0,0,0,0,0,0,0,0,0,,,,,0,0,0,0
plm,marvel_dcp_crawl_gap,r,32768,8192,24576,8192,-1,,0,0,0,0,0,0,0,0,0,0,0,,,,,0,0,0,0
public,style_group_tags,r,32768,8192,24576,8192,-1,,0,0,0,0,0,0,0,0,0,3,3107944,,,,,0,0,0,0
plm,FOBCountry,r,32768,16384,16384,8192,11,,0,0,0,0,0,0,0,0,0,6,0,,,,,0,0,0,0
plm,groups,r,32768,16384,16384,8192,6,,0,0,0,0,0,0,0,0,0,0,0,,,,,0,0,0,0
plm,wildbrain_asset_nature,r,32768,16384,16384,8192,-1,,0,0,0,0,0,0,0,0,0,0,0,,,,,0,0,0,0
dflow,RFQStep,r,32768,16384,16384,8192,8,,0,0,0,0,0,0,0,0,0,6,24,,,,,0,0,0,0
plm,itemDepth,r,32768,16384,16384,8192,121,,0,0,0,0,0,0,0,0,0,0,650,,,,,0,0,0,0
plm,GridChildrenLayoutOrder,r,32768,16384,16384,8192,2,,0,0,0,0,0,0,0,0,0,0,0,,,,,0,0,0,0
dflow,merchGroupHeaders,r,32768,16384,16384,8192,45,,0,0,0,0,0,0,0,0,0,2,0,,,,,0,0,0,0
plm,LicenseFeedBacks,r,32768,16384,16384,8192,22,,0,0,0,0,0,0,0,0,0,4,0,,,,,0,0,0,0
dflow_prod,RFQVendor,r,32768,8192,24576,8192,-1,,0,0,0,0,0,0,0,0,0,0,0,,,,,0,0,0,0
dflow,Roles,r,32768,8192,24576,0,5,,0,0,0,0,0,0,0,0,0,2,0,,,,,0,0,0,0
pim,product_assignee,r,32768,8192,24576,8192,-1,,0,0,0,0,0,0,0,0,0,0,2,,,,,0,0,0,0
public,profiles,r,32768,16384,16384,8192,-1,,1,0,1,1,1,0,0,0,0,1,3,,,,,0,0,0,0
plm,coke_contract_manufacturer,r,32768,16384,16384,8192,-1,,0,0,0,0,0,0,0,0,0,0,0,,,,,0,0,0,0
dflow,StandardizedProductElement,r,32768,16384,16384,8192,6,,0,0,0,0,0,0,0,0,0,2,0,,,,,0,0,0,0
dflow,deliveryLocation,r,32768,16384,16384,8192,19,,0,0,0,0,0,0,0,0,0,6,64,,,,,0,0,0,0
ingest,coldlion_product_size_landing,r,32768,8192,24576,8192,-1,,0,0,0,0,0,0,0,0,0,0,0,,,,,0,0,0,0
dam,customer_ext,r,32768,16384,16384,8192,-1,,0,0,0,0,0,0,0,0,0,111,0,,,,,0,0,0,0
core,licenseList,r,32768,16384,16384,8192,19,,0,0,0,0,0,0,0,0,0,22,0,,,,,0,0,0,0
dflow,StandardizedVersion,r,32768,16384,16384,8192,14,,0,0,0,0,0,0,0,0,0,2,0,,,,,0,0,0,0
dflow,customers,r,32768,16384,16384,8192,55,,0,0,0,0,0,0,0,0,0,20,424,,,,,0,0,0,0
public,style_guide_tag_aliases,r,32768,8192,24576,8192,-1,,0,0,0,0,0,0,0,0,0,0,0,,,,,0,0,0,0
plm,twentieth_century_dcp_crawl,r,32768,8192,24576,8192,-1,,0,0,0,0,0,0,0,0,0,0,0,,,,,0,0,0,0
plm,RFQStep,r,32768,16384,16384,8192,8,,0,0,0,0,0,0,0,0,0,6,36,,,,,0,0,0,0
public,hts_rag_provider_responses,r,32768,8192,24576,8192,-1,,0,0,0,0,0,0,0,0,0,3,0,,,,,0,0,0,0
plm,coke_contract,r,32768,16384,16384,8192,-1,,0,0,0,0,0,0,0,0,0,0,0,,,,,0,0,0,0
dflow,AdditionalUserEmail,r,32768,16384,16384,8192,5,,0,0,0,0,0,0,0,0,0,2,0,,,,,0,0,0,0
plm,licensing_write_guard_audit,r,32768,16384,16384,8192,-1,,0,0,0,0,0,0,0,0,0,0,0,,,,,0,0,0,0
dflow_prod,property_character_associations,r,32768,0,32768,0,-1,,0,0,0,0,0,0,0,0,0,0,0,,,,,0,0,0,0
auth,webauthn_credentials,r,32768,8192,24576,8192,-1,,0,0,0,0,0,0,0,0,0,0,0,,,,,0,0,0,0
dflow,item_workflow_action,r,32768,8192,24576,8192,-1,,0,0,0,0,0,0,0,0,0,5,0,,,,,0,0,0,0
plm,lucasfilm_dcp_crawl_gap,r,32768,8192,24576,8192,-1,,0,0,0,0,0,0,0,0,0,0,0,,,,,0,0,0,0
dflow,sample_import_row,r,32768,8192,24576,8192,-1,,0,0,0,0,0,0,0,0,0,2,0,,,,,0,0,0,0
pim,factory_ext,r,32768,16384,16384,8192,-1,,0,0,0,0,0,0,0,0,0,1,0,,,,,0,0,0,0
dflow,itemDepth,r,32768,16384,16384,8192,121,,0,0,0,0,0,0,0,0,0,2,432,,,,,0,0,0,0
plm,production_lane_canary,r,32768,16384,16384,8192,-1,,0,0,0,0,0,0,0,0,0,0,0,,,,,0,0,0,0
plm,twentieth_century_dcp_character,r,32768,8192,24576,8192,-1,,0,0,0,0,0,0,0,0,0,0,0,,,,,0,0,0,0
plm,UDFTable,r,32768,16384,16384,8192,75,,0,0,0,0,0,0,0,0,0,16,0,,,,,0,0,0,0
dam,style_group,r,32768,8192,24576,8192,-1,,0,0,0,0,0,0,0,0,0,1,0,,,,,0,0,0,0
dflow,FOBCountry,r,32768,16384,16384,8192,11,,0,0,0,0,0,0,0,0,0,6,0,,,,,0,0,0,0
auth,sso_providers,r,32768,8192,24576,8192,-1,,0,0,0,0,0,0,0,0,0,0,0,,,,,0,0,0,0
app,AdditionalUserEmail,r,32768,16384,16384,8192,5,,0,0,0,0,0,0,0,0,0,0,0,,,,,0,0,0,0
plm,UDFElement,r,32768,16384,16384,8192,49,,0,0,0,0,0,0,0,0,0,2,0,,,,,0,0,0,0
dflow,externalApi,r,32768,16384,16384,8192,5,,0,0,0,0,0,0,0,0,0,2,0,,,,,0,0,0,0
plm,marvel_dcp_metadata_chunk_ledger,r,32768,16384,16384,8192,-1,,0,0,0,0,0,0,0,0,0,0,0,,,,,0,0,0,0
plm,itemType,r,32768,8192,24576,8192,-1,,0,0,0,0,0,0,0,0,0,0,0,,,,,0,0,0,0
plm,deliveryLocation,r,32768,16384,16384,8192,19,,0,0,0,0,0,0,0,0,0,6,102,,,,,0,0,0,0
dflow,divisionCode,r,32768,16384,16384,8192,5,,0,0,0,0,0,0,0,0,0,19,0,,,,,0,0,0,0
dam,style_guide_file,r,32768,8192,24576,8192,-1,,0,0,0,0,0,0,0,0,0,1,0,,,,,0,0,0,0
plm,taxonomy_circuit_breaker,r,32768,16384,16384,8192,-1,,0,0,0,0,0,0,0,0,0,0,0,,,,,0,0,0,0
dflow,UDFTable,r,32768,16384,16384,8192,75,,0,0,0,0,0,0,0,0,0,60,0,,,,,0,0,0,0
public,prod_order_headers_raw,r,32768,8192,24576,8192,-1,,0,0,0,0,0,0,0,0,0,0,0,,,,,0,0,0,0
dflow,GridChildrenLayoutOrder,r,32768,16384,16384,8192,2,,0,0,0,0,0,0,0,0,0,2,0,,,,,0,0,0,0
plm,StandardizedVersion,r,32768,16384,16384,8192,14,,0,0,0,0,0,0,0,0,0,0,0,,,,,0,0,0,0
public,hts_rag_extraction_jobs,r,32768,8192,24576,8192,-1,,0,0,0,0,0,0,0,0,0,16,0,,,,,0,0,0,0
plm,wwe_asset_style_guide_inferred,r,32768,8192,24576,8192,-1,,0,0,0,0,0,0,0,0,0,3,1,,,,,0,0,0,0
dflow,SeasonCode,r,32768,16384,16384,8192,8,,0,0,0,0,0,0,0,0,0,4,0,,,,,0,0,0,0
pim,customer_ext,r,32768,16384,16384,8192,-1,,0,0,0,0,0,0,0,0,0,27,0,,,,,0,0,0,0
plm,coke_royalty_report,r,32768,16384,16384,8192,-1,,0,0,0,0,0,0,0,0,0,0,0,,,,,0,0,0,0
app,activity,r,32768,8192,24576,8192,-1,,0,0,0,0,0,0,0,0,0,0,5,,,,,0,0,0,0
crm,customer_ext,r,32768,16384,16384,8192,-1,,0,0,0,0,0,0,0,0,0,29,0,,,,,0,0,0,0
core,merchGroupHeaders,r,32768,16384,16384,8192,45,,0,0,0,0,0,0,0,0,0,13,0,,,,,0,0,0,0
auth,webauthn_challenges,r,32768,8192,24576,8192,-1,,0,0,0,0,0,0,0,0,0,0,0,,,,,0,0,0,0
auth,saml_providers,r,32768,8192,24576,8192,-1,,0,0,0,0,0,0,0,0,0,0,0,,,,,0,0,0,0
public,dam_search_synonyms,r,32768,16384,16384,8192,-1,,0,0,0,0,0,0,0,0,0,118,0,,,,,0,0,0,0
dflow_prod,item_character_associations,r,24576,0,24576,0,-1,,0,0,0,0,0,0,0,0,0,0,0,,,,,0,0,0,0
storage,buckets_analytics,r,24576,8192,16384,8192,-1,,0,0,0,0,0,0,0,0,0,0,0,,,,,0,0,0,0
plm,RFQWhse,r,24576,8192,16384,0,1,,0,0,0,0,0,0,0,0,0,5,0,,,,,0,0,0,0
plm,taxonomy_circuit_breaker_event,r,24576,8192,16384,8192,-1,,0,0,0,0,0,0,0,0,0,0,0,,,,,0,0,0,0
dflow_prod,GridViewState,r,24576,8192,16384,8192,-1,,0,0,0,0,0,0,0,0,0,0,0,,,,,0,0,0,0
plm,sample_attachment,r,24576,8192,16384,8192,-1,,0,0,0,0,0,0,0,0,0,0,0,,,,,0,0,0,0
plm,item_taxonomy_disagreement,r,24576,8192,16384,8192,-1,,0,0,0,0,0,0,0,0,0,1,0,,,,,0,0,0,0
dflow,UDFGroup,r,24576,8192,16384,0,7,,0,0,0,0,0,0,0,0,0,2,0,,,,,0,0,0,0
plm,UDFElementType,r,24576,8192,16384,0,4,,0,0,0,0,0,0,0,0,0,2,0,,,,,0,0,0,0
plm,sesame_sub_brand,r,24576,8192,16384,8192,-1,,0,0,0,0,0,0,0,0,0,0,0,,,,,0,0,0,0
public,hts_rag_review_events,r,24576,8192,16384,8192,-1,,0,0,0,0,0,0,0,0,0,2,0,,,,,0,0,0,0
crm,opportunity_product,r,24576,8192,16384,8192,-1,,0,0,0,0,0,0,0,0,0,0,0,,,,,0,0,0,0
plm,sesame_theme,r,24576,8192,16384,8192,-1,,0,0,0,0,0,0,0,0,0,0,0,,,,,0,0,0,0
plm,twentieth_century_dcp_portal_tile,r,24576,8192,16384,8192,-1,,0,0,0,0,0,0,0,0,0,1,0,,,,,0,0,0,0
dflow_prod,GridLayout,r,24576,8192,16384,8192,-1,,0,0,0,0,0,0,0,0,0,0,0,,,,,0,0,0,0
core,product_category,r,24576,8192,16384,8192,-1,,0,0,0,0,0,0,0,0,0,3,0,,,,,0,0,0,0
plm,marvel_asgard_guide_opa_property_resolution,r,24576,8192,16384,8192,-1,,0,0,0,0,0,0,0,0,0,1,0,,,,,0,0,0,0
plm,productUserAssignment,r,24576,0,24576,0,-1,,0,0,0,0,0,0,0,0,0,0,0,,,,,0,0,0,0
dflow_prod,product_category,r,24576,0,24576,0,-1,,0,0,0,0,0,0,0,0,0,0,0,,,,,0,0,0,0
core,vendor_contact,r,24576,8192,16384,8192,-1,,0,0,0,0,0,0,0,0,0,3,0,,,,,0,0,0,0
plm,nbcu_asset_character,r,24576,8192,16384,8192,-1,,0,0,0,0,0,0,0,0,0,2,0,,,,,0,0,0,0
public,processing_queue,r,24576,8192,16384,8192,-1,,0,0,0,0,0,0,0,0,0,0,0,,,,,0,0,0,0
designflow_frozen_20260710,Roles,r,24576,8192,16384,0,5,,0,0,0,0,0,0,0,0,0,0,0,,,,,0,0,0,0
dflow,UDFElementType,r,24576,8192,16384,0,4,,0,0,0,0,0,0,0,0,0,2,0,,,,,0,0,0,0
dflow_prod,sample_event,r,24576,8192,16384,8192,-1,,0,0,0,0,0,0,0,0,0,0,0,,,,,0,0,0,0
plm,LicensingTime,r,24576,8192,16384,0,14,,0,0,0,0,0,0,0,0,0,1,0,,,,,0,0,0,0
crm,ai_model_config,r,24576,8192,16384,8192,-1,,0,0,0,0,0,0,0,0,0,142,0,,,,,0,0,0,0
pim,design_asset,r,24576,8192,16384,8192,-1,,0,0,0,0,0,0,0,0,0,0,0,,,,,0,0,0,0
core,merch_group,r,24576,8192,16384,8192,-1,,0,0,0,0,0,0,0,0,0,3,0,,,,,0,0,0,0
ingest,coldlion_product_size_run,r,24576,8192,16384,8192,-1,,0,0,0,0,0,0,0,0,0,0,0,,,,,0,0,0,0
plm,sesame_asset_sub_brand,r,24576,8192,16384,8192,-1,,0,0,0,0,0,0,0,0,0,0,0,,,,,0,0,0,0
plm,FactoryTimes,r,24576,8192,16384,0,3,,0,0,0,0,0,0,0,0,0,0,0,,,,,0,0,0,0
storage,vector_indexes,r,24576,8192,16384,8192,-1,,0,0,0,0,0,0,0,0,0,0,0,,,,,0,0,0,0
dflow,LicensingTime,r,24576,8192,16384,0,14,,0,0,0,0,0,0,0,0,0,12,0,,,,,0,0,0,0
plm,licensing_status,r,24576,8192,16384,8192,-1,,0,0,0,0,0,0,0,0,0,1,0,,,,,0,0,0,0
public,product_categories,r,24576,8192,16384,8192,-1,,0,0,0,0,0,0,0,0,0,0,0,,,,,0,0,0,0
realtime,messages_2026_09_02,r,24576,8192,16384,8192,-1,,0,0,0,0,0,0,0,0,0,2,0,,,,,0,0,0,0
core,style_guide_character,r,24576,8192,16384,8192,-1,,0,0,0,0,0,0,0,0,0,6,0,,,,,0,0,0,0
plm,UDFGroup,r,24576,8192,16384,0,7,,0,0,0,0,0,0,0,0,0,2,0,,,,,0,0,0,0
plm,sesame_asset_brand,r,24576,8192,16384,8192,-1,,0,0,0,0,0,0,0,0,0,0,0,,,,,0,0,0,0
plm,sample,r,24576,8192,16384,8192,-1,,0,0,0,0,0,0,0,0,0,0,0,,,,,0,0,0,0
dflow_prod,quote_auth_token,r,24576,8192,16384,8192,-1,,0,0,0,0,0,0,0,0,0,0,0,,,,,0,0,0,0
plm,sesame_asset_category,r,24576,8192,16384,8192,-1,,0,0,0,0,0,0,0,0,0,0,0,,,,,0,0,0,0
dflow_prod,sample,r,24576,8192,16384,8192,-1,,0,0,0,0,0,0,0,0,0,0,0,,,,,0,0,0,0
realtime,messages_2026_09_05,r,24576,8192,16384,8192,-1,,0,0,0,0,0,0,0,0,0,2,0,,,,,0,0,0,0
plm,rfq_group,r,24576,8192,16384,8192,-1,,0,0,0,0,0,0,0,0,0,0,0,,,,,0,0,0,0
plm,sesame_asset_theme,r,24576,8192,16384,8192,-1,,0,0,0,0,0,0,0,0,0,0,0,,,,,0,0,0,0
pim,design_collection,r,24576,8192,16384,8192,-1,,0,0,0,0,0,0,0,0,0,3,0,,,,,0,0,0,0
dflow,FactoryTimes,r,24576,8192,16384,0,3,,0,0,0,0,0,0,0,0,0,2,0,,,,,0,0,0,0
plm,sesame_asset_type,r,24576,8192,16384,8192,-1,,0,0,0,0,0,0,0,0,0,0,0,,,,,0,0,0,0
plm,RFQContainer,r,24576,8192,16384,0,25,,0,0,0,0,0,0,0,0,0,6,132,,,,,0,0,0,0
realtime,messages_2026_09_04,r,24576,8192,16384,8192,-1,,0,0,0,0,0,0,0,0,0,2,0,,,,,0,0,0,0
public,product_subtypes,r,24576,8192,16384,8192,-1,,0,0,0,0,0,0,0,0,0,0,0,,,,,0,0,0,0
public,product_types,r,24576,8192,16384,8192,-1,,0,0,0,0,0,0,0,0,0,0,0,,,,,0,0,0,0
dflow_prod,licensingMilestone,r,24576,0,24576,0,-1,,0,0,0,0,0,0,0,0,0,0,0,,,,,0,0,0,0
crm,licensor_approval_thread,r,24576,8192,16384,8192,-1,,0,0,0,0,0,0,0,0,0,12,0,,,,,0,0,0,0
dflow,LicensingTimes,r,24576,8192,16384,0,3,,0,0,0,0,0,0,0,0,0,2,0,,,,,0,0,0,0
plm,licensing_feedback,r,24576,8192,16384,8192,-1,,0,0,0,0,0,0,0,0,0,0,0,,,,,0,0,0,0
plm,UDFComponent,r,24576,8192,16384,0,2,,0,0,0,0,0,0,0,0,0,2,0,,,,,0,0,0,0
dflow_prod,ProdOrderDetail,r,24576,8192,16384,8192,-1,,0,0,0,0,0,0,0,0,0,0,0,,,,,0,0,0,0
dam,asset_tag,r,24576,8192,16384,8192,-1,,0,0,0,0,0,0,0,0,0,0,0,,,,,0,0,0,0
app,comment,r,24576,8192,16384,8192,-1,,0,0,0,0,0,0,0,0,0,0,2,,,,,0,0,0,0
plm,ProductNickname,r,24576,8192,16384,0,7,,0,0,0,0,0,0,0,0,0,0,0,,,,,0,0,0,0
auth,mfa_challenges,r,24576,8192,16384,8192,-1,,0,0,0,0,0,0,0,0,0,0,0,,,,,0,0,0,0
dflow,UDFComponent,r,24576,8192,16384,0,2,,0,0,0,0,0,0,0,0,0,3,0,,,,,0,0,0,0
realtime,messages_2026_09_06,r,24576,8192,16384,8192,-1,,0,0,0,0,0,0,0,0,0,2,0,,,,,0,0,0,0
plm,marvel_asgard_capture_gap,r,24576,8192,16384,8192,-1,,0,0,0,0,0,0,0,0,0,0,0,,,,,0,0,0,0
plm,twentieth_century_dcp_asset_crawl,r,24576,8192,16384,8192,-1,,0,0,0,0,0,0,0,0,0,0,0,,,,,0,0,0,0
dam,production_order_snapshot,r,24576,8192,16384,8192,-1,,0,0,0,0,0,0,0,0,0,0,0,,,,,0,0,0,0
dam,sku_style_guide_source,r,24576,8192,16384,8192,-1,,0,0,0,0,0,0,0,0,0,0,0,,,,,0,0,0,0
auth,audit_log_entries,r,24576,8192,16384,8192,-1,,0,0,0,0,0,0,0,0,0,0,0,,,,,0,0,0,0
designflow_frozen_20260710,comments,r,24576,8192,16384,0,13,,0,0,0,0,0,0,0,0,0,0,0,,,,,0,0,0,0
realtime,messages_2026_09_01,r,24576,8192,16384,8192,-1,,0,0,0,0,0,0,0,0,0,2,0,,,,,0,0,0,0
pim,design,r,24576,8192,16384,8192,-1,,0,0,0,0,0,0,0,0,0,3,0,,,,,0,0,0,0
plm,sesame_capture,r,24576,8192,16384,8192,-1,,0,0,0,0,0,0,0,0,0,2,0,,,,,0,0,0,0
dflow_prod,sample_attachment,r,24576,8192,16384,8192,-1,,0,0,0,0,0,0,0,0,0,0,0,,,,,0,0,0,0
plm,DesignTeamTimes,r,24576,8192,16384,0,4,,0,0,0,0,0,0,0,0,0,0,0,,,,,0,0,0,0
plm,rfq_vendor,r,24576,8192,16384,8192,-1,,0,0,0,0,0,0,0,0,0,0,0,,,,,0,0,0,0
dflow_prod,age_group,r,24576,0,24576,0,-1,,0,0,0,0,0,0,0,0,0,0,0,,,,,0,0,0,0
plm,sample_event,r,24576,8192,16384,8192,-1,,0,0,0,0,0,0,0,0,0,0,0,,,,,0,0,0,0
dflow,ProductNickname,r,24576,8192,16384,0,7,,0,0,0,0,0,0,0,0,0,2,0,,,,,0,0,0,0
plm,sesame_character,r,24576,8192,16384,8192,-1,,0,0,0,0,0,0,0,0,0,0,0,,,,,0,0,0,0
realtime,schema_migrations,r,24576,8192,16384,0,75,,1,0,1,1,1,0,0,0,0,4,0,,,,,0,0,0,0
dflow,RFQWhse,r,24576,8192,16384,0,1,,0,0,0,0,0,0,0,0,0,5,0,,,,,0,0,0,0
plm,item_detail,r,24576,8192,16384,8192,-1,,0,0,0,0,0,0,0,0,0,0,0,,,,,0,0,0,0
plm,sesame_asset_character,r,24576,8192,16384,8192,-1,,0,0,0,0,0,0,0,0,0,1,0,,,,,0,0,0,0
realtime,messages_2026_09_03,r,24576,8192,16384,8192,-1,,0,0,0,0,0,0,0,0,0,2,0,,,,,0,0,0,0
auth,oauth_clients,r,24576,8192,16384,8192,-1,,0,0,0,0,0,0,0,0,0,0,0,,,,,0,0,0,0
dam,erp_item_snapshot,r,24576,8192,16384,8192,-1,,0,0,0,0,0,0,0,0,0,0,0,,,,,0,0,0,0
storage,s3_multipart_uploads,r,24576,8192,16384,8192,-1,,0,0,0,0,0,0,0,0,0,0,0,,,,,0,0,0,0
plm,sesame_art_style,r,24576,8192,16384,8192,-1,,0,0,0,0,0,0,0,0,0,0,0,,,,,0,0,0,0
plm,rfq_item,r,24576,8192,16384,8192,-1,,0,0,0,0,0,0,0,0,0,0,0,,,,,0,0,0,0
dflow,DesignTeamTimes,r,24576,8192,16384,0,4,,0,0,0,0,0,0,0,0,0,2,0,,,,,0,0,0,0
realtime,messages_2026_09_07,r,24576,8192,16384,8192,-1,,0,0,0,0,0,0,0,0,0,2,0,,,,,0,0,0,0
auth,oauth_client_states,r,24576,8192,16384,8192,-1,,0,0,0,0,0,0,0,0,0,0,0,,,,,0,0,0,0
plm,sesame_asset_asset_type,r,24576,8192,16384,8192,-1,,0,0,0,0,0,0,0,0,0,0,0,,,,,0,0,0,0
plm,twentieth_century_dcp_term,r,24576,8192,16384,8192,-1,,0,0,0,0,0,0,0,0,0,0,0,,,,,0,0,0,0
plm,sesame_brand,r,24576,8192,16384,8192,-1,,0,0,0,0,0,0,0,0,0,0,0,,,,,0,0,0,0
app,file_object,r,24576,8192,16384,8192,-1,,0,0,0,0,0,0,0,0,0,0,0,,,,,0,0,0,0
plm,item_character_associations,r,24576,0,24576,0,-1,,0,0,0,0,0,0,0,0,0,8,0,,,,,0,0,0,0
vault,secrets,r,24576,8192,16384,8192,-1,,0,0,0,0,0,0,0,0,0,7,0,,,,,0,0,0,0
plm,LicensingTimes,r,24576,8192,16384,0,3,,0,0,0,0,0,0,0,0,0,0,0,,,,,0,0,0,0
dflow,RFQContainer,r,24576,8192,16384,0,25,,0,0,0,0,0,0,0,0,0,7,88,,,,,0,0,0,0
plm,reference_value,r,24576,8192,16384,8192,-1,,0,0,0,0,0,0,0,0,0,0,0,,,,,0,0,0,0
plm,sesame_asset_art_style,r,24576,8192,16384,8192,-1,,0,0,0,0,0,0,0,0,0,0,0,,,,,0,0,0,0
auth,schema_migrations,r,24576,8192,16384,0,76,,0,0,0,0,0,0,0,0,0,142,0,,,,,0,0,0,0
public,prod_order_sync_runs,r,24576,8192,16384,8192,-1,,0,0,0,0,0,0,0,0,0,0,0,,,,,0,0,0,0
plm,sesame_style_guide_character,r,24576,8192,16384,8192,-1,,0,0,0,0,0,0,0,0,0,1,0,,,,,0,0,0,0
plm,marvel_asgard_character_opa_resolution,r,24576,8192,16384,8192,-1,,0,0,0,0,0,0,0,0,0,0,0,,,,,0,0,0,0
plm,wwe_submission_comment,r,24576,8192,16384,8192,-1,,0,0,0,0,0,0,0,0,0,2,1,,,,,0,0,0,0
plm,sesame_asset_style_guide,r,24576,8192,16384,8192,-1,,0,0,0,0,0,0,0,0,0,0,0,,,,,0,0,0,0
dflow_prod,licensingFeedbackReply,r,24576,8192,16384,8192,-1,,0,0,0,0,0,0,0,0,0,0,0,,,,,0,0,0,0
plm,item_attachment,r,24576,8192,16384,8192,-1,,0,0,0,0,0,0,0,0,0,0,0,,,,,0,0,0,0
dflow_prod,productUserAssignment,r,24576,0,24576,0,-1,,0,0,0,0,0,0,0,0,0,0,0,,,,,0,0,0,0
dflow_prod,externalCustomer,r,16384,8192,8192,8192,-1,,0,0,0,0,0,0,0,0,0,0,0,,,,,0,0,0,0
dam,agent_registration,r,16384,8192,8192,8192,-1,,0,0,0,0,0,0,0,0,0,0,0,,,,,0,0,0,0
coldlion,customer,r,16384,8192,8192,8192,-1,,0,0,0,0,0,0,0,0,0,0,0,,,,,0,0,0,0
coldlion,salesperson,r,16384,8192,8192,8192,-1,,0,0,0,0,0,0,0,0,0,1,0,,,,,0,0,0,0
dflow_prod,companyCode,r,16384,8192,8192,8192,-1,,0,0,0,0,0,0,0,0,0,0,0,,,,,0,0,0,0
dflow_prod,StandardizedSize,r,16384,8192,8192,8192,-1,,0,0,0,0,0,0,0,0,0,0,0,,,,,0,0,0,0
dflow_prod,ProdOrderHeader,r,16384,8192,8192,8192,-1,,0,0,0,0,0,0,0,0,0,0,0,,,,,0,0,0,0
plm,UDFQuery,r,16384,8192,8192,8192,-1,,0,0,0,0,0,0,0,0,0,0,0,,,,,0,0,0,0
coldlion,season,r,16384,8192,8192,8192,-1,,0,0,0,0,0,0,0,0,0,1,0,,,,,0,0,0,0
dflow_prod,licensingStatus,r,16384,8192,8192,8192,-1,,0,0,0,0,0,0,0,0,0,0,0,,,,,0,0,0,0
dflow_prod,users,r,16384,8192,8192,8192,-1,,0,0,0,0,0,0,0,0,0,0,0,,,,,0,0,0,0
dflow_prod,itemAttachment,r,16384,8192,8192,8192,-1,,0,0,0,0,0,0,0,0,0,0,0,,,,,0,0,0,0
dam,processing_queue,r,16384,8192,8192,8192,-1,,0,0,0,0,0,0,0,0,0,0,0,,,,,0,0,0,0
dflow,ProdShipmentTransitTime,r,16384,8192,8192,8192,-1,,0,0,0,0,0,0,0,0,0,2,0,,,,,0,0,0,0
dflow_prod,UDFTable,r,16384,8192,8192,8192,-1,,0,0,0,0,0,0,0,0,0,0,0,,,,,0,0,0,0
dflow_prod,itemDepth,r,16384,8192,8192,8192,-1,,0,0,0,0,0,0,0,0,0,0,0,,,,,0,0,0,0
dflow_prod,itemDetail,r,16384,8192,8192,8192,-1,,0,0,0,0,0,0,0,0,0,0,0,,,,,0,0,0,0
storage,s3_multipart_uploads_parts,r,16384,8192,8192,8192,-1,,0,0,0,0,0,0,0,0,0,0,0,,,,,0,0,0,0
plm,StandardizedProductElementValue,r,16384,8192,8192,8192,-1,,0,0,0,0,0,0,0,0,0,0,0,,,,,0,0,0,0
dam,asset_path_history,r,16384,8192,8192,8192,-1,,0,0,0,0,0,0,0,0,0,0,0,,,,,0,0,0,0
dflow_prod,externalApi,r,16384,8192,8192,8192,-1,,0,0,0,0,0,0,0,0,0,0,0,,,,,0,0,0,0
dflow_prod,StandardizedGroup,r,16384,8192,8192,8192,-1,,0,0,0,0,0,0,0,0,0,0,0,,,,,0,0,0,0
plm,sample_factory_group,r,16384,8192,8192,8192,-1,,0,0,0,0,0,0,0,0,0,0,0,,,,,0,0,0,0
plm,ContainerHeader,r,16384,8192,8192,8192,-1,,0,0,0,0,0,0,0,0,0,0,0,,,,,0,0,0,0
pim,product_style_group,r,16384,0,16384,0,-1,,0,0,0,0,0,0,0,0,0,0,0,,,,,0,0,0,0
dflow_prod,merchGroup,r,16384,8192,8192,8192,-1,,0,0,0,0,0,0,0,0,0,0,0,,,,,0,0,0,0
dflow_prod,auth_token,r,16384,8192,8192,8192,-1,,0,0,0,0,0,0,0,0,0,0,0,,,,,0,0,0,0
dflow_prod,GridChildrenLayoutOrder,r,16384,8192,8192,8192,-1,,0,0,0,0,0,0,0,0,0,0,0,,,,,0,0,0,0
coldlion,item_merch_group,r,16384,8192,8192,8192,-1,,0,0,0,0,0,0,0,0,0,0,0,,,,,0,0,0,0
dflow,sample_factory_group,r,16384,8192,8192,8192,-1,,0,0,0,0,0,0,0,0,0,2,0,,,,,0,0,0,0
coldlion,item_detail,r,16384,8192,8192,8192,-1,,0,0,0,0,0,0,0,0,0,0,0,,,,,0,0,0,0
dflow_prod,StandardizedVersion,r,16384,8192,8192,8192,-1,,0,0,0,0,0,0,0,0,0,0,0,,,,,0,0,0,0
coldlion,merch_group_detail,r,16384,8192,8192,8192,-1,,0,0,0,0,0,0,0,0,0,0,0,,,,,0,0,0,0
dflow,sample_comments,r,16384,8192,8192,8192,-1,,0,0,0,0,0,0,0,0,0,2,0,,,,,0,0,0,0
dflow_prod,divisionCode,r,16384,8192,8192,8192,-1,,0,0,0,0,0,0,0,0,0,0,0,,,,,0,0,0,0
dflow_prod,email_logs,r,16384,8192,8192,8192,-1,,0,0,0,0,0,0,0,0,0,0,0,,,,,0,0,0,0
dflow_prod,ProdShipmentTransitTime,r,16384,8192,8192,8192,-1,,0,0,0,0,0,0,0,0,0,0,0,,,,,0,0,0,0
dflow_prod,customers,r,16384,8192,8192,8192,-1,,0,0,0,0,0,0,0,0,0,0,0,,,,,0,0,0,0
coldlion,merch_group_header,r,16384,8192,8192,8192,-1,,0,0,0,0,0,0,0,0,0,0,0,,,,,0,0,0,0
dflow_prod,ContainerHeader,r,16384,8192,8192,8192,-1,,0,0,0,0,0,0,0,0,0,0,0,,,,,0,0,0,0
dflow_prod,GridAccessLevel,r,16384,8192,8192,8192,-1,,0,0,0,0,0,0,0,0,0,0,0,,,,,0,0,0,0
dflow_prod,groups,r,16384,8192,8192,8192,-1,,0,0,0,0,0,0,0,0,0,0,0,,,,,0,0,0,0
dflow_prod,merchGroupHeaders,r,16384,8192,8192,8192,-1,,0,0,0,0,0,0,0,0,0,0,0,,,,,0,0,0,0
coldlion,prod_history_line,r,16384,8192,8192,8192,-1,,0,0,0,0,0,0,0,0,0,0,0,,,,,0,0,0,0
dflow_prod,FOBCountry,r,16384,8192,8192,8192,-1,,0,0,0,0,0,0,0,0,0,0,0,,,,,0,0,0,0
dflow,StandardizedProductElementValue,r,16384,8192,8192,8192,-1,,0,0,0,0,0,0,0,0,0,2,0,,,,,0,0,0,0
dflow_prod,SeasonCode,r,16384,8192,8192,8192,-1,,0,0,0,0,0,0,0,0,0,0,0,,,,,0,0,0,0
plm,twentieth_century_dcp_metadata_chunk_ledger,r,16384,8192,8192,8192,-1,,0,0,0,0,0,0,0,0,0,0,0,,,,,0,0,0,0
plm,ShippingPort,r,16384,8192,8192,8192,-1,,0,0,0,0,0,0,0,0,0,0,0,,,,,0,0,0,0
dflow_prod,StandardizedProductType,r,16384,8192,8192,8192,-1,,0,0,0,0,0,0,0,0,0,0,0,,,,,0,0,0,0
plm,wb_franchise_property_evidence,r,16384,8192,8192,8192,-1,,0,0,0,0,0,0,0,0,0,1,0,,,,,0,0,0,0
dflow_prod,StandardizedVendor,r,16384,8192,8192,8192,-1,,0,0,0,0,0,0,0,0,0,0,0,,,,,0,0,0,0
dflow_prod,sample_comments,r,16384,8192,8192,8192,-1,,0,0,0,0,0,0,0,0,0,0,0,,,,,0,0,0,0
plm,taxonomy_baseline_activation,r,16384,8192,8192,8192,-1,,0,0,0,0,0,0,0,0,0,0,0,,,,,0,0,0,0
dflow_prod,StandardizedProductElementValue,r,16384,8192,8192,8192,-1,,0,0,0,0,0,0,0,0,0,0,0,,,,,0,0,0,0
dflow_prod,GridChildrenLayout,r,16384,8192,8192,8192,-1,,0,0,0,0,0,0,0,0,0,0,0,,,,,0,0,0,0
core,property_character_associations,r,16384,0,16384,0,-1,,0,0,0,0,0,0,0,0,0,5,0,,,,,0,0,0,0
coldlion,item_header,r,16384,8192,8192,8192,-1,,0,0,0,0,0,0,0,0,0,0,0,,,,,0,0,0,0
coldlion,order_history_component,r,16384,8192,8192,8192,-1,,0,0,0,0,0,0,0,0,0,0,0,,,,,0,0,0,0
dflow_prod,sample_box,r,16384,8192,8192,8192,-1,,0,0,0,0,0,0,0,0,0,0,0,,,,,0,0,0,0
dflow_prod,licenseList,r,16384,8192,8192,8192,-1,,0,0,0,0,0,0,0,0,0,0,0,,,,,0,0,0,0
plm,source_resolution,r,16384,8192,8192,8192,-1,,0,0,0,0,0,0,0,0,0,13,11,,,,,0,0,0,0
dflow,ContainerHeader,r,16384,8192,8192,8192,-1,,0,0,0,0,0,0,0,0,0,2,0,,,,,0,0,0,0
dflow_prod,itemSize,r,16384,8192,8192,8192,-1,,0,0,0,0,0,0,0,0,0,0,0,,,,,0,0,0,0
dflow,ShippingPort,r,16384,8192,8192,8192,-1,,0,0,0,0,0,0,0,0,0,2,0,,,,,0,0,0,0
dam,helper_device,r,16384,8192,8192,8192,-1,,0,0,0,0,0,0,0,0,0,0,0,,,,,0,0,0,0
dflow_prod,vendorGroup,r,16384,8192,8192,8192,-1,,0,0,0,0,0,0,0,0,0,0,0,,,,,0,0,0,0
dflow_prod,StandardizedDetail,r,16384,0,16384,0,-1,,0,0,0,0,0,0,0,0,0,0,0,,,,,0,0,0,0
dflow_prod,RFQGroup,r,16384,8192,8192,8192,-1,,0,0,0,0,0,0,0,0,0,0,0,,,,,0,0,0,0
coldlion,order_history_line,r,16384,8192,8192,8192,-1,,0,0,0,0,0,0,0,0,0,0,0,,,,,0,0,0,0
dflow_prod,AdditionalUserEmail,r,16384,8192,8192,8192,-1,,0,0,0,0,0,0,0,0,0,0,0,,,,,0,0,0,0
storage,buckets_vectors,r,16384,8192,8192,8192,-1,,0,0,0,0,0,0,0,0,0,0,0,,,,,0,0,0,0
public,hts_rag_product_family_allowlist,r,16384,8192,8192,8192,-1,,0,0,0,0,0,0,0,0,0,2,0,,,,,0,0,0,0
dflow_prod,deliveryLocation,r,16384,8192,8192,8192,-1,,0,0,0,0,0,0,0,0,0,0,0,,,,,0,0,0,0
dam,asset_checkout,r,16384,8192,8192,8192,-1,,0,0,0,0,0,0,0,0,0,0,0,,,,,0,0,0,0
dflow_prod,app_settings,r,16384,8192,8192,8192,-1,,0,0,0,0,0,0,0,0,0,0,0,,,,,0,0,0,0
plm,ProdShipmentTransitTime,r,16384,8192,8192,8192,-1,,0,0,0,0,0,0,0,0,0,0,0,,,,,0,0,0,0
crm,note,r,16384,8192,8192,8192,-1,,0,0,0,0,0,0,0,0,0,0,0,,,,,0,0,0,0
dflow_prod,RFQItemStatus,r,16384,8192,8192,8192,-1,,0,0,0,0,0,0,0,0,0,0,0,,,,,0,0,0,0
dflow_prod,RFQStep,r,16384,8192,8192,8192,-1,,0,0,0,0,0,0,0,0,0,0,0,,,,,0,0,0,0
dflow_prod,LicenseFeedBacks,r,16384,8192,8192,8192,-1,,0,0,0,0,0,0,0,0,0,0,0,,,,,0,0,0,0
dflow_prod,StandardizedProductElement,r,16384,8192,8192,8192,-1,,0,0,0,0,0,0,0,0,0,0,0,,,,,0,0,0,0
plm,coke_approval_comment,r,16384,8192,8192,8192,-1,,0,0,0,0,0,0,0,0,0,0,0,,,,,0,0,0,0
dflow,UDFQuery,r,16384,8192,8192,8192,-1,,0,0,0,0,0,0,0,0,0,2,0,,,,,0,0,0,0
dflow_prod,itemHeader,r,16384,8192,8192,8192,-1,,0,0,0,0,0,0,0,0,0,0,0,,,,,0,0,0,0
dflow_prod,UIElements,r,16384,0,16384,0,-1,,0,0,0,0,0,0,0,0,0,0,0,,,,,0,0,0,0
coldlion,vendor,r,16384,8192,8192,8192,-1,,0,0,0,0,0,0,0,0,0,0,0,,,,,0,0,0,0
plm,wb_character_canonical_property_edge,r,16384,8192,8192,8192,-1,,0,0,0,0,0,0,0,0,0,6,0,,,,,0,0,0,0
dflow_prod,UDFQuery,r,16384,8192,8192,8192,-1,,0,0,0,0,0,0,0,0,0,0,0,,,,,0,0,0,0
dflow_prod,sample_factory_group,r,16384,8192,8192,8192,-1,,0,0,0,0,0,0,0,0,0,0,0,,,,,0,0,0,0
dflow_prod,vendor,r,16384,8192,8192,8192,-1,,0,0,0,0,0,0,0,0,0,0,0,,,,,0,0,0,0
app,db_data_admin_grid_state,r,16384,8192,8192,8192,-1,,0,0,0,0,0,0,0,0,0,0,28,,,,,0,0,0,0
plm,wb_style_guide_canonical_property_edge,r,16384,8192,8192,8192,-1,,0,0,0,0,0,0,0,0,0,7,0,,,,,0,0,0,0
net,http_request_queue,r,16384,16384,0,16384,-1,,0,0,0,0,0,0,0,0,0,1,,,,,,0,0,0,0
plm,sample_comments,r,16384,8192,8192,8192,-1,,0,0,0,0,0,0,0,0,0,0,0,,,,,0,0,0,0
dflow_prod,externalVendor,r,16384,8192,8192,8192,-1,,0,0,0,0,0,0,0,0,0,0,0,,,,,0,0,0,0
dflow_prod,ShippingPort,r,16384,8192,8192,8192,-1,,0,0,0,0,0,0,0,0,0,0,0,,,,,0,0,0,0
coldlion,prod_history_component,r,16384,8192,8192,8192,-1,,0,0,0,0,0,0,0,0,0,0,0,,,,,0,0,0,0
auth,instances,r,16384,8192,8192,8192,-1,,0,0,0,0,0,0,0,0,0,0,0,,,,,0,0,0,0
dflow_prod,UDFElement,r,16384,8192,8192,8192,-1,,0,0,0,0,0,0,0,0,0,0,0,,,,,0,0,0,0
dflow_prod,merchGroupMaster,r,16384,8192,8192,8192,-1,,0,0,0,0,0,0,0,0,0,0,0,,,,,0,0,0,0
plm,wb_asset_canonical_property_edge,r,16384,8192,8192,8192,-1,,0,0,0,0,0,0,0,0,0,7,0,,,,,0,0,0,0
coldlion,prod_history_last_lookup,r,16384,8192,8192,8192,-1,,0,0,0,0,0,0,0,0,0,0,0,,,,,0,0,0,0
dflow_prod,Factory,r,16384,8192,8192,8192,-1,,0,0,0,0,0,0,0,0,0,0,0,,,,,0,0,0,0
ingest,dedupe_candidate,r,16384,8192,8192,8192,-1,,0,0,0,0,0,0,0,0,0,0,0,,,,,0,0,0,0
plm,sesame_asset,r,16384,8192,8192,8192,-1,,0,0,0,0,0,0,0,0,0,0,0,,,,,0,0,0,0
dflow_prod,user_notification,r,16384,8192,8192,8192,-1,,0,0,0,0,0,0,0,0,0,0,0,,,,,0,0,0,0
plm,twentieth_century_dcp_chunk_ledger,r,16384,8192,8192,8192,-1,,0,0,0,0,0,0,0,0,0,0,0,,,,,0,0,0,0
dam,asset_character,r,16384,0,16384,0,-1,,0,0,0,0,0,0,0,0,0,0,0,,,,,0,0,0,0
plm,sample_box,r,16384,8192,8192,8192,-1,,0,0,0,0,0,0,0,0,0,0,0,,,,,0,0,0,0
dflow,FactoryTime,r,8192,0,8192,0,-1,,0,0,0,0,0,0,0,0,0,12,0,,,,,0,0,0,0
plm,DesignTeamTime,r,8192,0,8192,0,-1,,0,0,0,0,0,0,0,0,0,0,0,,,,,0,0,0,0
dflow_prod,DesignTeamTime,r,8192,0,8192,0,-1,,0,0,0,0,0,0,0,0,0,0,0,,,,,0,0,0,0
dflow,RFQItemDivision,r,8192,0,8192,0,-1,,0,0,0,0,0,0,0,0,0,2,0,,,,,0,0,0,0
dflow_prod,RFQItemDivision,r,8192,0,8192,0,-1,,0,0,0,0,0,0,0,0,0,0,0,,,,,0,0,0,0
dflow_prod,UDFGroup,r,8192,0,8192,0,-1,,0,0,0,0,0,0,0,0,0,0,0,,,,,0,0,0,0
dflow_prod,LicensingTimes,r,8192,0,8192,0,-1,,0,0,0,0,0,0,0,0,0,0,0,,,,,0,0,0,0
dflow_prod,RFQContainer,r,8192,0,8192,0,-1,,0,0,0,0,0,0,0,0,0,0,0,,,,,0,0,0,0
dflow_prod,comments,r,8192,0,8192,0,-1,,0,0,0,0,0,0,0,0,0,0,0,,,,,0,0,0,0
plm,sample_shipment_item,r,8192,0,8192,0,-1,,0,0,0,0,0,0,0,0,0,0,0,,,,,0,0,0,0
plm,FactoryTime,r,8192,0,8192,0,-1,,0,0,0,0,0,0,0,0,0,1,0,,,,,0,0,0,0
dflow_prod,ProductNickname,r,8192,0,8192,0,-1,,0,0,0,0,0,0,0,0,0,0,0,,,,,0,0,0,0
plm,ProdPaymentTerms,r,8192,8192,0,8192,-1,,0,0,0,0,0,0,0,0,0,0,,,,,,0,0,0,0
dflow_prod,OrderLeadTime,r,8192,0,8192,0,-1,,0,0,0,0,0,0,0,0,0,0,0,,,,,0,0,0,0
dflow_prod,Roles,r,8192,0,8192,0,-1,,0,0,0,0,0,0,0,0,0,0,0,,,,,0,0,0,0
plm,OrderLeadTime,r,8192,0,8192,0,-1,,0,0,0,0,0,0,0,0,0,0,0,,,,,0,0,0,0
plm,RFQItemDivision,r,8192,0,8192,0,-1,,0,0,0,0,0,0,0,0,0,0,0,,,,,0,0,0,0
dflow_prod,FactoryTimes,r,8192,0,8192,0,-1,,0,0,0,0,0,0,0,0,0,0,0,,,,,0,0,0,0
dflow_prod,FactoryTime,r,8192,0,8192,0,-1,,0,0,0,0,0,0,0,0,0,0,0,,,,,0,0,0,0
dflow_prod,DesignTeamTimes,r,8192,0,8192,0,-1,,0,0,0,0,0,0,0,0,0,0,0,,,,,0,0,0,0
dflow,DesignTeamTime,r,8192,0,8192,0,-1,,0,0,0,0,0,0,0,0,0,2,0,,,,,0,0,0,0
dflow_prod,sample_shipment_item,r,8192,0,8192,0,-1,,0,0,0,0,0,0,0,0,0,0,0,,,,,0,0,0,0
dflow_prod,RFQWhse,r,8192,0,8192,0,-1,,0,0,0,0,0,0,0,0,0,0,0,,,,,0,0,0,0
dflow_prod,LicensingTime,r,8192,0,8192,0,-1,,0,0,0,0,0,0,0,0,0,0,0,,,,,0,0,0,0
dflow_prod,ProdPaymentTerms,r,8192,8192,0,8192,-1,,0,0,0,0,0,0,0,0,0,0,,,,,,0,0,0,0
dflow_prod,UDFElementType,r,8192,0,8192,0,-1,,0,0,0,0,0,0,0,0,0,0,0,,,,,0,0,0,0
dflow_prod,UDFComponent,r,8192,0,8192,0,-1,,0,0,0,0,0,0,0,0,0,0,0,,,,,0,0,0,0
dflow,ProdPaymentTerms,r,8192,8192,0,8192,-1,,0,0,0,0,0,0,0,0,0,2,,,,,,0,0,0,0
dflow,OrderLeadTime,r,8192,0,8192,0,-1,,0,0,0,0,0,0,0,0,0,2,0,,,,,0,0,0,0
realtime,messages,p,0,0,0,0,-1,,0,0,0,0,0,0,0,0,0,0,0,,,,,0,0,0,0
