licenselist_code,universe_b_id,universe_b_name,universe_b_source_key,portal,portal_label,portal_source_id
NU,10252,"2 FAST 2 FURIOUS",77d386da-d103-49bb-bd46-8ee1aaa578f7,NBCU Creative Asset Factory,"2 FAST 2 FURIOUS",1498
NU,10253,"A DAY AT THE SEASHORE (1951 LITTLE GOLDEN BOOK)",ae491218-255b-4d2a-a904-3770c0550971,NBCU Creative Asset Factory,"A DAY AT THE SEASHORE (1951 LITTLE GOLDEN BOOK)",3776
NU,10254,"AN AMERICAN WEREWOLF IN LONDON",59d76a10-8513-4123-acad-a2542ed2be74,NBCU Creative Asset Factory,"AN AMERICAN WEREWOLF IN LONDON",1128
NU,10255,"APOLLO 13",7828236b-277e-480f-9123-b3e2b0e48b81,NBCU Creative Asset Factory,"APOLLO 13",1191
NU,10256,"BACK TO THE FUTURE",47a40b49-52e0-4309-8616-0775fe6b621e,NBCU Creative Asset Factory,"BACK TO THE FUTURE",1100
NU,10257,"BACK TO THE FUTURE FRANCHISE ASSET",d9cbf09f-4d7a-4ff2-9f42-66f28599c9c2,NBCU Creative Asset Factory,"BACK TO THE FUTURE FRANCHISE ASSET",3463
NU,10258,"BACK TO THE FUTURE II",9a06c604-3e11-4864-9e9e-b49e93bf75f2,NBCU Creative Asset Factory,"BACK TO THE FUTURE II",1374
NU,10259,"BACK TO THE FUTURE III",6a7216c8-6569-48e8-ad68-3d0334a0c020,NBCU Creative Asset Factory,"BACK TO THE FUTURE III",3031
NU,10260,"BATTLESTAR GALACTICA (1978)",9d1d0a03-79a8-41a6-a04b-ba7702eeeb95,NBCU Creative Asset Factory,"BATTLESTAR GALACTICA (1978)",1034
NU,10261,"BATTLESTAR GALACTICA (2004)",c56b1ece-39c3-4651-8a85-643aecca48ad,NBCU Creative Asset Factory,"BATTLESTAR GALACTICA (2004)",2413
NU,10262,"BRIDE OF CHUCKY",d5e96ce2-7a21-48ca-935e-2ca3a07d1ab5,NBCU Creative Asset Factory,"BRIDE OF CHUCKY",1538
NU,10263,"CASPER (1995)",9f3ff566-91f9-47aa-9134-27f0e71865d9,NBCU Creative Asset Factory,"Casper (1995)",1060
NU,10264,"CASPER THE FRIENDLY GHOST - LITERARY",0847ab03-6bbd-44e6-97c2-1de82906644b,NBCU Creative Asset Factory,"CASPER THE FRIENDLY GHOST  - LITERARY",3753
NU,10265,"CHEECH AND CHONG'S NEXT MOVIE",cacbc3cf-3545-497d-abc1-8e3d38fb0b2b,NBCU Creative Asset Factory,"CHEECH AND CHONG'S NEXT MOVIE",1055
NU,10266,"CHILD'S PLAY 2",c7e1b9c5-9efe-4762-97d7-509eaffc7734,NBCU Creative Asset Factory,"CHILD'S PLAY 2",1386
NU,10267,"CHILD'S PLAY 3",e765b109-c291-4f67-80a8-8933fc371335,NBCU Creative Asset Factory,"CHILD'S PLAY 3",1387
NU,10268,"CHUCKY FRANCHISE ASSET",e03bdffd-b54a-4152-b0a2-f0dcb225cec7,NBCU Creative Asset Factory,"CHUCKY FRANCHISE ASSET",3464
NU,10269,"CURIOUS GEORGE-TV",7e67b4d8-472e-46df-972f-eecf2a10a1e0,NBCU Creative Asset Factory,"Curious George TV",1752
NU,10270,"DAZED AND CONFUSED",fba35f5c-20b1-4bc1-863c-dc64f6a006b6,NBCU Creative Asset Factory,"DAZED AND CONFUSED",1553
NU,10271,"DESPICABLE ME",e7c9e5ba-3a30-416d-a45a-4afdf2182a67,NBCU Creative Asset Factory,"DESPICABLE ME",2326
NU,10272,"DESPICABLE ME 2",abf5cf4a-11c9-4452-9bea-97e281f8359f,NBCU Creative Asset Factory,"DESPICABLE ME 2",2484
NU,10273,"DESPICABLE ME 3",cf392a52-ff9c-4251-8b05-9687bd49e6c6,NBCU Creative Asset Factory,"DESPICABLE ME 3",3001
NU,10274,"DESPICABLE ME 4",e93f26f2-6efa-463c-94b6-d87347468b8d,NBCU Creative Asset Factory,"DESPICABLE ME 4",5765
NU,10275,"DESPICABLE ME FRANCHISE ASSET",a458ce12-8bb0-427c-8781-bcaf387f47db,NBCU Creative Asset Factory,"DESPICABLE ME FRANCHISE ASSET",3458
NU,10276,"DRAGONS FRANCHISE ASSET",d52fa5ac-cb15-4680-afe8-457179ab38df,NBCU Creative Asset Factory,"DRAGONS FRANCHISE ASSET",3468
NU,10277,"E.T.: THE EXTRA-TERRESTRIAL",a20000d7-38ad-456b-8084-f58cc7087170,NBCU Creative Asset Factory,"E.T.: THE EXTRA-TERRESTRIAL",1211
NU,10278,"F9",e9d46883-0cf2-4eef-b873-935fc8a271f6,NBCU Creative Asset Factory,"F9",4406
NU,10279,"FAST & FURIOUS",d8cda42e-81cf-46cf-8446-af9e2fd88eae,NBCU Creative Asset Factory,"FAST & FURIOUS",2273
NU,10280,"FAST & FURIOUS 10",4867f4af-dceb-41a5-b661-82042486fc61,NBCU Creative Asset Factory,"FAST & FURIOUS 10",5184
NU,10281,"FAST & FURIOUS 6",0d4c90aa-9569-4d9b-8d80-86770f761f22,NBCU Creative Asset Factory,"FAST & FURIOUS 6",2500
NU,10282,"FAST & FURIOUS PRESENTS: HOBBS & SHAW",8ae6844c-6ec7-44e0-b29f-b5f95bee86aa,NBCU Creative Asset Factory,"FAST & FURIOUS PRESENTS: HOBBS & SHAW",4488
NU,10283,"FAST FIVE",8607a14e-f734-4d8b-aaf0-93a99d98c867,NBCU Creative Asset Factory,"FAST FIVE",2396
NU,10284,"FAST FRANCHISE ASSET",54cbb0b0-4d0e-45fe-b2c1-e84f41448b72,NBCU Creative Asset Factory,"FAST FRANCHISE ASSET",3459
NU,10285,"FAST TIMES AT RIDGEMONT HIGH",6e89d0bb-95ba-4ab4-b687-53d032d55a0a,NBCU Creative Asset Factory,"FAST TIMES AT RIDGEMONT HIGH",1075
NU,10286,"FELIX THE CAT",b636da4e-d300-4771-9975-7985dc1f6d21,NBCU Creative Asset Factory,"Felix the Cat",3666
NU,10287,"FIELD OF DREAMS",64613eb1-de1b-4fdb-95f4-f81f606951c2,NBCU Creative Asset Factory,"FIELD OF DREAMS",1216
NU,10288,"FURIOUS 7",9c0f8db3-c160-4273-8efd-cb84cec3f477,NBCU Creative Asset Factory,"FURIOUS 7",2590
NU,10290,"GABBY'S DOLLHOUSE",02de1078-8453-4ea2-b3fb-efc8d09325df,NBCU Creative Asset Factory,"GABBY'S DOLLHOUSE",4818
NU,10289,"GABBY'S DOLLHOUSE: THE MOVIE",12e4de82-1f23-4b57-84f5-7fa3196c4163,NBCU Creative Asset Factory,"GABBY'S DOLLHOUSE: THE MOVIE",7006
NU,10291,"GOOD LUCK TROLLS (CLASSIC) - LITERARY",f6fa5fcc-4241-4ccd-88f7-2b3ceca661aa,NBCU Creative Asset Factory,"GOOD LUCK TROLLS  (CLASSIC)  - LITERARY",3771
NU,10292,"HALF BAKED",4ffa4ff1-2125-441c-86a0-aa7dd1e5d07c,NBCU Creative Asset Factory,"HALF BAKED",2115
NU,10293,"HALLOWEEN II",19f886e3-9297-43bc-9b61-8c81540dab85,NBCU Creative Asset Factory,"HALLOWEEN II",1829
NU,10294,"HAPPY GILMORE",1046e5e7-7eb1-496d-b1af-6ab63497ea5f,NBCU Creative Asset Factory,"HAPPY GILMORE",1251
NU,10295,"HOME FOR A BUNNY (1956 LITTLE GOLDEN BOOK)",aaf5c60f-ab37-4fcd-b62b-8ba863f37946,NBCU Creative Asset Factory,"HOME FOR A BUNNY  (1956 LITTLE GOLDEN BOOK)",3783
NU,10296,"HOT STUFF, THE LITTLE DEVIL - LITERARY",c59e0cfb-5943-4e42-b1c3-4c26f6251daf,NBCU Creative Asset Factory,"HOT STUFF, THE LITTLE DEVIL  - LITERARY",3766
NU,10297,"HOW HIGH",ee178b67-1a72-4c0a-b9e6-a6c3861fcfae,NBCU Creative Asset Factory,"HOW HIGH",2240
NU,10298,"HOW TO TRAIN YOUR DRAGON",87009436-355d-4c48-a2ca-9915e2524237,NBCU Creative Asset Factory,"How to Train Your Dragon",3422
NU,10299,"HOW TO TRAIN YOUR DRAGON (LIVE)",dcf2fc50-4992-4856-8e59-ceaf6d7a65aa,NBCU Creative Asset Factory,"HOW TO TRAIN YOUR DRAGON (LIVE)",6607
NU,10300,"HOW TO TRAIN YOUR DRAGON 2",641b70d9-6914-456f-8041-2792b3a79ebd,NBCU Creative Asset Factory,"HOW TO TRAIN YOUR DRAGON 2",3428
NU,10301,"HOW TO TRAIN YOUR DRAGON: THE HIDDEN WORLD",4353f0b9-c2a7-4c4d-b42b-81696935eaac,NBCU Creative Asset Factory,"HOW TO TRAIN YOUR DRAGON: THE HIDDEN WORLD",3606
NU,10302,"JAWS",8abc7fdd-e3c3-4731-a05f-2ff3102176d4,NBCU Creative Asset Factory,"JAWS",1217
NU,10303,"JAWS 2",a26335ce-2974-4844-a5e2-a5c7e0a78afb,NBCU Creative Asset Factory,"JAWS 2",1417
NU,10304,"JAWS 3",9fe9f3e9-35e4-43a2-aa85-5218fe38d0d2,NBCU Creative Asset Factory,"JAWS 3",1073
NU,10305,"JAWS: THE REVENGE",c5c3b80e-96db-4236-8bb4-5ccbe779c638,NBCU Creative Asset Factory,"JAWS: THE REVENGE",1129
NU,10306,"JURASSIC PARK",763bb0ea-cd5e-4de9-958c-e15b684106cb,NBCU Creative Asset Factory,"JURASSIC PARK",1038
NU,10307,"JURASSIC PARK FRANCHISE ASSET",09f82725-8566-4395-af25-2d68151d4ea5,NBCU Creative Asset Factory,"JURASSIC PARK FRANCHISE ASSET",3460
NU,10308,"JURASSIC PARK III",ac9efac9-0b24-4812-9bbb-25854a98c2ff,NBCU Creative Asset Factory,"JURASSIC PARK III",1332
NU,10309,"JURASSIC WORLD",435f2523-fefb-49c4-b0fd-ab6f3baa2b2c,NBCU Creative Asset Factory,"JURASSIC WORLD",1837
NU,10310,"JURASSIC WORLD REBIRTH",12162893-0a1e-4e32-a3cb-0214e1ba0c61,NBCU Creative Asset Factory,"JURASSIC WORLD REBIRTH",6946
NU,10311,"JURASSIC WORLD: DOMINION",73aa53f3-1ffd-45d1-833e-9541580535e6,NBCU Creative Asset Factory,"JURASSIC WORLD: DOMINION",4747
NU,10312,"JURASSIC WORLD: FALLEN KINGDOM",f48a0986-a689-4440-a087-ea7fbc6520b5,NBCU Creative Asset Factory,"JURASSIC WORLD: FALLEN KINGDOM",3174
NU,10313,"KUNG FU PANDA",2250d73c-883a-41e3-ab95-c0f444cec298,NBCU Creative Asset Factory,"KUNG FU PANDA",3417
NU,10314,"KUNG FU PANDA 2",b175e8b6-5d68-4eeb-aea9-7e150abb4902,NBCU Creative Asset Factory,"KUNG FU PANDA 2",3425
NU,10315,"KUNG FU PANDA 3",7952e48e-37d1-408a-aaeb-eb8249fb77c4,NBCU Creative Asset Factory,"KUNG FU PANDA 3",3430
NU,10316,"KUNG FU PANDA 4",ba4be5f1-195d-4c0e-95a9-d9c8700a2280,NBCU Creative Asset Factory,"Kung Fu Panda 4",6226
NU,10317,"KUNG FU PANDA FRANCHISE ASSET",f4308469-bbf2-46aa-aaa0-4059a9e95494,NBCU Creative Asset Factory,"KUNG FU PANDA FRANCHISE ASSET",3469
NU,10318,"LAMB CHOP - LITERARY",8df6affc-3b48-4c1c-b7bb-1fa035234fd5,NBCU Creative Asset Factory,"LAMB CHOP - LITERARY",3811
NU,10319,"LASSIE",5a9e981f-21cf-4800-b995-83b4a580774d,NBCU Creative Asset Factory,"LASSIE",3747
NU,10320,"LONE RANGER - LITERARY",b7cdfc4a-d728-45f7-b7b9-52d7540bf6e9,NBCU Creative Asset Factory,"LONE RANGER  - LITERARY",3787
NU,10321,"MIGRATION",b7d0734c-8fb5-4e9e-aed2-6bf2b1d0678e,NBCU Creative Asset Factory,"MIGRATION",5545
NU,10322,"MINIONS",57b7db02-d5fd-4985-81ba-413741f7e8fd,NBCU Creative Asset Factory,"Minions",2576
NU,10323,"MINIONS 2: THE RISE OF GRU",7fe28a73-3b08-459b-93e2-bb0ce2993f1f,NBCU Creative Asset Factory,"MINIONS 2: THE RISE OF GRU",4147
NU,10324,"MINIONS 3",9cce4b57-2073-455c-ab11-c3c98b951673,NBCU Creative Asset Factory,"MINIONS 3",7506
NU,10325,"SANTA CLAUS IS COMIN' TO TOWN",2f488fc9-1624-409b-b625-3714c40b6d88,NBCU Creative Asset Factory,"SANTA CLAUS IS COMIN' TO TOWN",3647
NU,10326,"SCARFACE (1983)",e1440e50-3f61-407e-bc56-1ab26d77cab4,NBCU Creative Asset Factory,"Scarface (1983)",1088
NU,10327,"SCUFFY THE TUGBOAT (1947 LITTLE GOLDEN BOOK)",ae22427d-1c20-4e70-b5c0-3507297ac268,NBCU Creative Asset Factory,"SCUFFY THE TUGBOAT  (1947 LITTLE GOLDEN BOOK)",3768
NU,10328,"SEED OF CHUCKY",6664f3a2-bafe-4c93-a6a9-b65820cff51e,NBCU Creative Asset Factory,"SEED OF CHUCKY",1936
NU,10329,"SHREK",e32ed12d-04dd-4d00-a8eb-1676f2f14ee3,NBCU Creative Asset Factory,"SHREK",3413
NU,10330,"SHREK 2",874fa498-dcd0-4874-b803-332394169090,NBCU Creative Asset Factory,"SHREK 2",3416
NU,10331,"SHREK 5",e5dee0a9-97d9-4d8d-87ef-e6f8604b124b,NBCU Creative Asset Factory,"SHREK 5",7206
NU,10332,"SHREK FOREVER AFTER",992f87df-3a97-44a0-a6fa-6ddf7788e990,NBCU Creative Asset Factory,"SHREK FOREVER AFTER",3424
NU,10333,"SHREK FRANCHISE ASSET",38dbfb91-84ca-4608-a854-d9f848dfdcbb,NBCU Creative Asset Factory,"SHREK FRANCHISE ASSET",3475
NU,10334,"SHREK THE HALLS",70315617-47b9-4070-86b3-b3c498750435,NBCU Creative Asset Factory,"SHREK THE HALLS",3685
NU,10335,"SHREK THE THIRD",7ad3c259-beab-4f15-913f-c52c3568c162,NBCU Creative Asset Factory,"SHREK THE THIRD",3418
NU,10336,"SLAP SHOT",80ce56f8-246f-48db-8a13-48979dbcc48a,NBCU Creative Asset Factory,"SLAP SHOT",1462
NU,10337,"SLAP SHOT 2: BREAKING THE ICE",0c009389-c2ba-4383-bb16-7f7d2843362a,NBCU Creative Asset Factory,"SLAP SHOT 2: BREAKING THE ICE",1870
NU,10338,"SLAP SHOT 3: THE JUNIOR LEAGUE",20a7b323-3419-4db5-9dbf-612f3b32adaf,NBCU Creative Asset Factory,"SLAP SHOT 3:  THE JUNIOR LEAGUE",3328
NU,10339,"TAWNY SCRAWNY LION (1952 LITTLE GOLDEN BOOK)",45e9ccca-bab4-48f8-977e-546c02c8ef26,NBCU Creative Asset Factory,"TAWNY SCRAWNY LION  (1952 LITTLE GOLDEN BOOK)",3770
NU,10340,"THE BIG LEBOWSKI",e88236db-9581-4e93-8d42-4641f846a9a9,NBCU Creative Asset Factory,"THE BIG LEBOWSKI",1527
NU,10341,"THE COLOR KITTENS (LITTLE GOLDEN BOOK)",f95bc17e-9157-4dd8-824c-353b798f4654,NBCU Creative Asset Factory,"THE COLOR KITTENS (LITTLE GOLDEN BOOK)",3774
NU,10342,"THE FAST AND THE FURIOUS",220bd4ea-6f85-4063-b13c-2cef551517b2,NBCU Creative Asset Factory,"THE FAST AND THE FURIOUS",1345
NU,10343,"THE FAST AND THE FURIOUS: TOKYO DRIFT",323fc0f0-b44f-41ff-a03f-179004bc6dbc,NBCU Creative Asset Factory,"THE FAST AND THE FURIOUS: TOKYO DRIFT",1924
NU,10344,"THE FATE OF THE FURIOUS",1ed40cc1-6162-4ec0-8127-19e745f83398,NBCU Creative Asset Factory,"THE FATE OF THE FURIOUS",3143
NU,10345,"THE FIRE ENGINE BOOK (LITTLE GOLDEN BOOK)",b217d843-16ff-4ef4-a862-8c2f7bef682c,NBCU Creative Asset Factory,"THE FIRE ENGINE BOOK (LITTLE GOLDEN BOOK)",3781
NU,10346,"THE FUZZY DUCKLING (1949 LITTLE GOLDEN BOOK)",45b18cdc-5ac0-4086-935c-1cabad33ddca,NBCU Creative Asset Factory,"THE FUZZY DUCKLING (1949 LITTLE GOLDEN BOOK)",3805
NU,10347,"THE HAPPY LITTLE WHALE (1960 LITTLE GOLDEN BOOK)",15496407-3365-4eae-ac8e-4920c0129d05,NBCU Creative Asset Factory,"THE HAPPY LITTLE WHALE (1960 LITTLE GOLDEN BOOK)",3806
NU,10348,"THE HAPPY MAN AND HIS DUMP TRUCK (1950 LITTLE GOLDEN BOOK)",5c6e10d6-55fb-49e0-b0ea-584da7a79238,NBCU Creative Asset Factory,"THE HAPPY MAN AND HIS DUMP TRUCK (1950 LITTLE GOLDEN BOOK)",3782
NU,10349,"THE LAND BEFORE TIME",def197e7-0b87-4a60-8d76-7433af07118b,NBCU Creative Asset Factory,"THE LAND BEFORE TIME",1213
NU,10350,"THE LITTLE RED CABOOSE (1953 LITTLE GOLDEN BOOK)",06331a36-78d8-4c73-96d1-978ed948e1ab,NBCU Creative Asset Factory,"THE LITTLE RED CABOOSE (1953 LITTLE GOLDEN BOOK)",3757
NU,10351,"THE LITTLE RED HEN (1954 LITTLE GOLDEN BOOK)",7567b4db-2ffa-4a71-9f73-edd02511437c,NBCU Creative Asset Factory,"THE LITTLE RED HEN (1954 LITTLE GOLDEN BOOK)",3807
NU,10352,"THE LIVELY LITTLE RABBIT (1943 LITTLE GOLDEN BOOK)",37a02a12-1b30-4e61-b040-664c65c8b993,NBCU Creative Asset Factory,"THE LIVELY LITTLE RABBIT (1943 LITTLE GOLDEN BOOK)",3758
NU,10353,"THE LOST WORLD: JURASSIC PARK",5ea9543f-72d3-4637-a406-6c0c70e924f8,NBCU Creative Asset Factory,"THE LOST WORLD: JURASSIC PARK",1253
NU,10354,"THE MUNSTERS",5c051c3b-7d11-44b6-ac41-c117e2cfe452,NBCU Creative Asset Factory,"THE MUNSTERS",1271
NU,10355,"THE OFFICE",ecf1dd95-ff3f-4f87-bea0-d66d452f25a4,NBCU Creative Asset Factory,"THE OFFICE",2084
NU,10356,"THE POKY LITTLE PUPPY (1942 LITTLE GOLDEN BOOK)",4e8fce86-9a0d-4f7c-9de0-f2e6aad91bd3,NBCU Creative Asset Factory,"THE POKY LITTLE PUPPY (1942 LITTLE GOLDEN BOOK)",3763
NU,10357,"THE SAGGY BAGGY ELEPHANT (1947 LITTLE GOLDEN BOOK)",6aa5eb4c-8ba1-4c6c-b535-9acf897a76ca,NBCU Creative Asset Factory,"THE SAGGY BAGGY ELEPHANT (1947 LITTLE GOLDEN BOOK)",3767
NU,10358,"THE SHY LITTLE KITTEN (1946 LITTLE GOLDEN BOOK)",7b30a987-1a4d-4771-9b3f-466b74e999e8,NBCU Creative Asset Factory,"THE SHY LITTLE KITTEN (1946 LITTLE GOLDEN BOOK)",3769
NU,10359,"THE THREE BEARS (1948 LITTLE GOLDEN BOOK)",570f2bee-2d87-4b0e-9a66-241a44a33f7c,NBCU Creative Asset Factory,"THE THREE BEARS (1948 LITTLE GOLDEN BOOK)",3794
NU,10360,"TOOTLE THE TRAIN (1945 LITTLE GOLDEN BOOK)",ff8b7165-de98-4b8f-8c90-b9c1141f95ed,NBCU Creative Asset Factory,"TOOTLE THE TRAIN  (1945 LITTLE GOLDEN BOOK)",3809
NU,10361,"TROLLS (2016)",18bdbbb9-f573-43c7-a8e7-0727eefd93b6,NBCU Creative Asset Factory,"Trolls (2016)",3554
NU,10362,"TROLLS 3",4a5f36f6-1db8-4a49-a663-15c56a31eb9b,NBCU Creative Asset Factory,"TROLLS 3",5547
NU,10363,"TROLLS FRANCHISE ASSET",aa21ed43-d79a-41fe-a356-f1f51b95307a,NBCU Creative Asset Factory,"TROLLS FRANCHISE ASSET",4090
NU,10364,"TROLLS TOPIA",489707f5-28a1-4483-80c0-176f29e1a00c,NBCU Creative Asset Factory,"TROLLS TOPIA",5166
NU,10365,"TROLLS WORLD TOUR",f3222b46-a38e-46e4-9efe-ff67a5c0404b,NBCU Creative Asset Factory,"TROLLS WORLD TOUR",4086
NU,10366,"TROLLS: THE BEAT GOES ON",28883126-6def-4f9b-88c9-4ad9a33eb3fa,NBCU Creative Asset Factory,"TROLLS: THE BEAT GOES ON",3702
NU,10367,"UP AND DOWN BOOK (LITTLE GOLDEN BOOK)",8b32a2af-1902-4851-993b-7867bb5f3adc,NBCU Creative Asset Factory,"UP AND DOWN BOOK  (LITTLE GOLDEN BOOK)",3796
NU,10368,"VOLTRON: DEFENDER OF THE UNIVERSE - LION FORCE - CLASSIC TV",28ac7bfb-5122-4f34-b268-329003ea71dd,NBCU Creative Asset Factory,"VOLTRON: DEFENDER OF THE UNIVERSE - LION FORCE - CLASSIC TV",3650
NU,10369,"VOLTRON: LEGENDARY DEFENDER (2016)",9be184b4-f21d-45b9-8590-c7163eb35e5c,NBCU Creative Asset Factory,"Voltron Legendary Defender (2016)",3649
NU,10370,"WHERE'S WALLY/WHERE'S WALDO (CLASSIC) - LITERARY",883c0b6f-d493-47fd-9c8f-e601bca4266d,NBCU Creative Asset Factory,"WHERE'S WALLY/WHERE'S WALDO  (CLASSIC)  - LITERARY",3799
NU,10371,"WICKED",7c045125-b47e-4283-bb85-bb757f035812,NBCU Creative Asset Factory,"WICKED",5128
NU,10372,"WICKED FRANCHISE ASSET",7714305a-b242-4496-856b-788a4d21dda0,NBCU Creative Asset Factory,"WICKED Franchise Asset",7907
NU,10373,"WICKED: FOR GOOD",9e14a333-8a09-42e3-a613-b8f5b802a7e3,NBCU Creative Asset Factory,"WICKED: FOR GOOD",6367
NU,10374,"WOODY WOODPECKER CLASSIC",51757694-3fbc-413c-b1a1-39bb884a4acf,NBCU Creative Asset Factory,"WOODY WOODPECKER CLASSIC",1193
VM,10425,"90210 (2008)",90210_2008,Paramount Creative Library,(NO NAME MATCH),
VM,10426,"Anchorman 2: The Legend Continues",anchorman_2_the_legend_continues,Paramount Creative Library,(NO NAME MATCH),
VM,10427,"Anchorman: The Legend of Ron Burgundy",anchorman_the_legend_of_ron_burgundy,Paramount Creative Library,"Anchorman: The Legend of Ron Burgundy",1994
VM,10428,"Avatar: The Last Airbender (2005 Animated Series)",avatar_the_last_airbender_2005_animated_series,Paramount Creative Library,(NO NAME MATCH),
VM,10429,"Beverly Hills 90210 (1990)",beverly_hills_90210_1990,Paramount Creative Library,(NO NAME MATCH),
VM,10430,"Cheers",cheers,Paramount Creative Library,"Cheers",22331
VM,10431,"Clueless",clueless,Paramount Creative Library,"Clueless",2375
VM,10432,"Emily in Paris",emily_in_paris,Paramount Creative Library,"Emily in Paris",8502
VM,10433,"Ferris Bueller's Day Off",ferris_bueller_s_day_off,Paramount Creative Library,"Ferris Bueller's Day Off",2553
VM,10434,"Footloose (1984)",footloose_1984,Paramount Creative Library,(NO NAME MATCH),
VM,10435,"Forrest Gump",forrest_gump,Paramount Creative Library,"Forrest Gump",2703
VM,10436,"Garfield - Retro/Classic",garfield_retro_classic,Paramount Creative Library,(NO NAME MATCH),
VM,10437,"Garfield Theatrical 2024",garfield_theatrical_2024,Paramount Creative Library,(NO NAME MATCH),
VM,10438,"Grease",grease,Paramount Creative Library,"Grease",2820
VM,10439,"Happy Days",happy_days,Paramount Creative Library,"Happy Days",18101
VM,10440,"Invader Zim",invader_zim,Paramount Creative Library,"Invader Zim",638
VM,10441,"It's A Wonderful Life (B/W)",it_s_a_wonderful_life_b_w,Paramount Creative Library,(NO NAME MATCH),
VM,10442,"Mean Girls",mean_girls,Paramount Creative Library,"Mean Girls",3025
VM,10443,"Mean Girls (2024)",mean_girls_2024,Paramount Creative Library,"Mean Girls (2024)",55645895
VM,10444,"Mighty Mouse",mighty_mouse,Paramount Creative Library,"Mighty Mouse",18272
VM,10445,"Scream 2022",scream_2022,Paramount Creative Library,"Scream (2022)",24755
VM,10446,"Scream 6 (2023)",scream_6_2023,Paramount Creative Library,(NO NAME MATCH),
VM,10447,"Scream 7 (2026)",scream_7_2026,Paramount Creative Library,(NO NAME MATCH),
VM,10448,"SpongeBob SquarePants",spongebob_squarepants,Paramount Creative Library,"SpongeBob SquarePants",843
VM,10449,"Tales of the Teenage Mutant Ninja Turtles (2024 Series)",tales_of_the_teenage_mutant_ninja_turtles_2024_series,Paramount Creative Library,(NO NAME MATCH),
VM,10450,"Teenage Mutant Ninja Turtles Classic",teenage_mutant_ninja_turtles_classic,Paramount Creative Library,(NO NAME MATCH),
VM,10451,"The Brady Bunch",the_brady_bunch,Paramount Creative Library,(NO NAME MATCH),
VM,10452,"The Godfather",the_godfather,Paramount Creative Library,"The Godfather",9456
VM,10453,"The Twilight Zone (1985)",the_twilight_zone_1985,Paramount Creative Library,"The Twilight Zone (1985)",18133
VM,10454,"The Twilight Zone (2019)",the_twilight_zone_2019,Paramount Creative Library,(NO NAME MATCH),
VM,10455,"Top Gun",top_gun,Paramount Creative Library,"Top Gun",3795
VM,10456,"Top Gun: Maverick",top_gun_maverick,Paramount Creative Library,"Top Gun: Maverick",26160
VM,10457,"Twilight Zone (1959 Series)",twilight_zone_1959_series,Paramount Creative Library,(NO NAME MATCH),
VM,10458,"Yellowstone",yellowstone,Paramount Creative Library,"Yellowstone",1140
