licenselist_code,universe_b_id,universe_b_name,source_licensed_property_id,portal,portal_label
DS,1,"101 Dalmatians",92,Disney OPA,"101 Dalmatians"
DS,3,"A Bug's Life",176,Disney OPA,"A Bug's Life"
DS,5,"Aladdin (2019)",1159076691,Disney OPA,"Aladdin (2019)"
DS,8,"Alice In Wonderland",99,Disney OPA,"Alice In Wonderland"
DS,10,"Aristocats",101,Disney OPA,"Aristocats"
DS,12,"Atlantis",103,Disney OPA,"Atlantis"
DS,118,"Bambi",104,Disney OPA,"Bambi"
DS,120,"Big Hero 6 TV",1159070742,Disney OPA,"Big Hero 6 TV"
DS,149,"Camp Rock",518,Disney OPA,"Camp Rock"
DS,170,"Camp Rock 2",588,Disney OPA,"Camp Rock 2"
DS,224,"Cars",177,Disney OPA,"Cars"
DS,309,"Cars 2",582,Disney OPA,"Cars 2"
DS,354,"Cars 3",1096,Disney OPA,"Cars 3"
DS,412,"Coco",1097,Disney OPA,"Coco"
DS,414,"Cruella (Live Action)",1159109150,Disney OPA,"Cruella (Live Action)"
DS,463,"Descendants 3",1159087780,Disney OPA,"Descendants 3"
DS,476,"Disney Babies",50,Disney OPA,"Disney Babies"
DS,491,"Disney Junior Ariel",1159143529,Disney OPA,"Disney Junior Ariel"
DS,493,"Disney Junior Super Kitties",1159137490,Disney OPA,"Disney Junior Super Kitties"
DS,495,"Disney Princess",52,Disney OPA,"Disney Princess"
DS,498,"Disney Stitch Franchise",137,Disney OPA,"Disney Stitch Franchise"
DS,509,"Disney Zombies",1159074143,Disney OPA,"Disney Zombies"
DS,520,"Disney Zombies 2",1159097431,Disney OPA,"Disney Zombies 2"
DS,530,"Disney Zombies 3",1159125995,Disney OPA,"Disney Zombies 3"
DS,532,"Doc McStuffins",704,Disney OPA,"Doc McStuffins"
DS,534,"Ducktales",435,Disney OPA,"Ducktales"
DS,551,"Dumbo",120,Disney OPA,"Dumbo"
DS,553,"Dumbo (2019)",1159074962,Disney OPA,"Dumbo (2019)"
DS,564,"Elio",1159140399,Disney OPA,"Elio"
DS,566,"Emperor's New Groove",122,Disney OPA,"Emperor's New Groove"
DS,568,"Encanto",1159112952,Disney OPA,"Encanto"
DS,570,"Fancy Nancy",1159071163,Disney OPA,"Fancy Nancy"
DS,627,"Finding Dory",946,Disney OPA,"Finding Dory"
DS,629,"Finding Nemo",178,Disney OPA,"Finding Nemo"
DS,631,"Firebuds",1159124989,Disney OPA,"Firebuds"
DS,633,"Frozen",777,Disney OPA,"Frozen"
DS,636,"Frozen 3",1159369426,Disney OPA,"Frozen 3"
DS,638,"Frozen II",1159075393,Disney OPA,"Frozen II"
DS,645,"Goofy Movie",126,Disney OPA,"Goofy Movie"
DS,675,"Hannah Montana Movie",558,Disney OPA,"Hannah Montana Movie"
DS,684,"Haunted Mansion (Theme Park)",1159107789,Disney OPA,"Haunted Mansion (Theme Park)"
DS,686,"Hercules",128,Disney OPA,"Hercules"
DS,688,"High School Musical",398,Disney OPA,"High School Musical"
DS,706,"High School Musical 2",524,Disney OPA,"High School Musical 2"
DS,727,"High School Musical 3",525,Disney OPA,"High School Musical 3"
DS,746,"High School Musical 4",589,Disney OPA,"High School Musical 4"
DS,748,"High School Musical: The Musical: The Series",1159099894,Disney OPA,"High School Musical: The Musical: The Series"
DS,760,"Hocus Pocus",1017,Disney OPA,"Hocus Pocus"
DS,762,"Hunchback of Notre Dame",130,Disney OPA,"Hunchback of Notre Dame"
DS,764,"Incredibles, The",179,Disney OPA,"Incredibles, The"
DS,767,"Inside Out",958,Disney OPA,"Inside Out"
DS,769,"Inside Out 2",1159141314,Disney OPA,"Inside Out 2"
DS,771,"Jungle Book",132,Disney OPA,"Jungle Book"
DS,773,"Kim Possible",449,Disney OPA,"Kim Possible"
DS,775,"Kingdom Hearts 3.0",1159074781,Disney OPA,"Kingdom Hearts 3.0"
DS,777,"Lady And The Tramp",134,Disney OPA,"Lady And The Tramp"
DS,779,"Lightyear",1159119952,Disney OPA,"Lightyear"
DS,781,"Lilo & Stitch (Live-Action)",1159151809,Disney OPA,"Lilo & Stitch (Live-Action)"
DS,783,"Lion King",139,Disney OPA,"Lion King"
DS,785,"Lion King, The (2019)",1159074933,Disney OPA,"Lion King, The (2019)"
DS,787,"Little Mermaid, The (Live Action)",1159129603,Disney OPA,"Little Mermaid, The (Live Action)"
DS,790,"Lizzie McGuire - TV Series",401,Disney OPA,"Lizzie McGuire - TV Series"
DS,793,"Lizzie McGuire Movie",260,Disney OPA,"Lizzie McGuire Movie"
DS,800,"Luca",1159109229,Disney OPA,"Luca"
DS,4146,"Mickey Mouse",372,Disney OPA,"Mickey Mouse"
DS,4161,"Mickey Mouse Family",373,Disney OPA,"Mickey Mouse Family"
DS,4172,"Minnie",376,Disney OPA,"Minnie"
DS,4176,"Moana (Live-Action)",1159371365,Disney OPA,"Moana (Live-Action)"
DS,4178,"Moana 2",1159145630,Disney OPA,"Moana 2"
DS,4184,"Monsters at Work",1159109249,Disney OPA,"Monsters at Work"
DS,4180,"Monsters Inc",180,Disney OPA,"Monsters Inc"
DS,4182,"Monsters University",702,Disney OPA,"Monsters University"
DS,812,"MS Disney Plus TV Shows - No Likeness",1159106622,Disney OPA,"MS Disney Plus TV Shows - No Likeness"
DS,992,"MS Disney Plus TV Shows - With Likeness",1159115029,Disney OPA,"MS Disney Plus TV Shows - With Likeness"
DS,4186,"Muppet Babies (2018)",1159073432,Disney OPA,"Muppet Babies (2018)"
DS,4188,"Muppets",333,Disney OPA,"Muppets"
DS,4190,"Nightmare Before Christmas",268,Disney OPA,"Nightmare Before Christmas"
DS,4192,"Oswald The Lucky Rabbit",536,Disney OPA,"Oswald The Lucky Rabbit"
DS,4194,"Pete's Dragon (2016)",1056,Disney OPA,"Pete's Dragon (2016)"
DS,4196,"Pete's Dragon (Classic)",152,Disney OPA,"Pete's Dragon (Classic)"
DS,4199,"Peter Pan",153,Disney OPA,"Peter Pan"
DS,4201,"Peter Pan - Individual Characters",154,Disney OPA,"Peter Pan - Individual Characters"
DS,4204,"Pinocchio",156,Disney OPA,"Pinocchio"
DS,4208,"Pirates of the Caribbean 2: Dead Man's Chest",186,Disney OPA,"Pirates of the Caribbean 2: Dead Man's Chest"
DS,4251,"Pirates of the Caribbean 3: At Worlds End",187,Disney OPA,"Pirates of the Caribbean 3: At Worlds End"
DS,4305,"Pirates of the Caribbean 4: On Stranger Tides",649,Disney OPA,"Pirates of the Caribbean 4: On Stranger Tides"
DS,4328,"Pirates of the Caribbean 5: Dead Men Tell No Tales",1092,Disney OPA,"Pirates of the Caribbean 5: Dead Men Tell No Tales"
DS,4343,"Pirates of the Caribbean: Curse of the Black Pearl",185,Disney OPA,"Pirates of the Caribbean: Curse of the Black Pearl"
DS,4362,"Pixar Collection",944,Disney OPA,"Pixar Collection"
DS,4422,"Pixar Shorts - Luxo Jr",974,Disney OPA,"Pixar Shorts - Luxo Jr"
DS,4424,"Pixar Studios Logo",1159095315,Disney OPA,"Pixar Studios Logo"
DS,4426,"Pocahontas",157,Disney OPA,"Pocahontas"
DS,4428,"Preschool CG Mickey (& Friends)",510,Disney OPA,"Preschool CG Mickey (& Friends)"
DS,4431,"Preschool CG Minnie (& Friends)",753,Disney OPA,"Preschool CG Minnie (& Friends)"
DS,4436,"Puppy Dog Pals",1118,Disney OPA,"Puppy Dog Pals"
DS,4438,"Pupstruction",1159141309,Disney OPA,"Pupstruction"
DS,4441,"Ratatouille",181,Disney OPA,"Ratatouille"
DS,4443,"Raya and the Last Dragon",1159095060,Disney OPA,"Raya and the Last Dragon"
DS,4445,"Robin Hood",160,Disney OPA,"Robin Hood"
DS,4447,"Soul",1159095063,Disney OPA,"Soul"
DS,4735,"Standard Characters",361,Disney OPA,"Standard Characters"
DS,4737,"Steamboat Willie",380,Disney OPA,"Steamboat Willie"
DS,4739,"Strange World",1159128413,Disney OPA,"Strange World"
DS,4741,"Suite Life of Zack and Cody",523,Disney OPA,"Suite Life of Zack and Cody"
DS,4754,"T.O.T.S. (TINY ONES TRANSPORT SERVICE)",1159088182,Disney OPA,"T.O.T.S. (TINY ONES TRANSPORT SERVICE)"
DS,4756,"That's So Raven",400,Disney OPA,"That's So Raven"
DS,4766,"The Good Dinosaur",805,Disney OPA,"The Good Dinosaur"
DS,4768,"The Incredibles 2",1159065560,Disney OPA,"The Incredibles 2"
DS,4771,"Toy Story",182,Disney OPA,"Toy Story"
DS,4777,"Toy Story 2",183,Disney OPA,"Toy Story 2"
DS,4783,"Toy Story 3",560,Disney OPA,"Toy Story 3"
DS,4820,"Toy Story 4",1059,Disney OPA,"Toy Story 4"
DS,4830,"Toy Story 5",1159366247,Disney OPA,"Toy Story 5"
DS,4832,"Tsum Tsum",1034,Disney OPA,"Tsum Tsum"
DS,4896,"Turning Red",1159119971,Disney OPA,"Turning Red"
DS,4898,"Up",499,Disney OPA,"Up"
DS,4900,"Vampirina Ballerina",1113,Disney OPA,"Vampirina Ballerina"
DS,4911,"Villains",57,Disney OPA,"Villains"
DS,4913,"Wall-E",522,Disney OPA,"Wall-E"
DS,4915,"Winnie The Pooh",494,Disney OPA,"Winnie The Pooh"
DS,4917,"Winnie The Pooh Classic",497,Disney OPA,"Winnie The Pooh Classic"
DS,4919,"Wish",1159137990,Disney OPA,"Wish"
DS,4921,"Wizards of Waverly Place",512,Disney OPA,"Wizards of Waverly Place"
DS,4930,"Wreck-It Ralph 2",1159065180,Disney OPA,"Wreck-It Ralph 2"
MV,14,"Avengers",709,Disney OPA,"Avengers"
MV,122,"Black Panther Movie 2 - No Likeness",1159103669,Disney OPA,"Black Panther Movie 2 - No Likeness"
MV,144,"Black Panther Movie 2 - With Likeness",1159102820,Disney OPA,"Black Panther Movie 2 - With Likeness"
MV,188,"Captain Marvel Movie - No Likeness",1071,Disney OPA,"Captain Marvel Movie - No Likeness"
MV,211,"Captain Marvel Movie - With Likeness",1072,Disney OPA,"Captain Marvel Movie - With Likeness"
MV,423,"Deadpool Classic",1108,Disney OPA,"Deadpool Classic"
MV,572,"Fantastic Four",625,Disney OPA,"Fantastic Four"
MV,611,"Fantastic Four Movie - No Likeness",610,Disney OPA,"Fantastic Four Movie - No Likeness"
MV,619,"Fantastic Four Movie - With Likeness",732,Disney OPA,"Fantastic Four Movie - With Likeness"
MV,647,"Guardians of the Galaxy",1000,Disney OPA,"Guardians of the Galaxy"
MV,1030,"Marvel Comics (Retro)",629,Disney OPA,"Marvel Comics (Retro)"
MV,1942,"Marvel Cross-Franchise Art Packs",1159110949,Disney OPA,"Marvel Cross-Franchise Art Packs"
MV,2214,"Marvel Games",1094,Disney OPA,"Marvel Games"
MV,2390,"Marvel Seasonal",1159099408,Disney OPA,"Marvel Seasonal"
MV,2482,"Marvel Studios Collection - No Likeness",1159152015,Disney OPA,"Marvel Studios Collection - No Likeness"
MV,2818,"Marvel Studios: The Infinity Saga - No Likeness",1159115273,Disney OPA,"Marvel Studios: The Infinity Saga - No Likeness"
MV,2961,"Marvel Studios: The Infinity Saga - With Likeness",1159115289,Disney OPA,"Marvel Studios: The Infinity Saga - With Likeness"
MV,2609,"Marvel Studios' Ant-Man Wasp Quantumania - No Likeness",1159135450,Disney OPA,"Marvel Studios' Ant-Man Wasp Quantumania - No Likeness"
MV,2629,"Marvel Studios' Ant-Man Wasp Quantumania - With Likeness",1159135451,Disney OPA,"Marvel Studios' Ant-Man Wasp Quantumania - With Likeness"
MV,2641,"Marvel Studios' Avengers Doomsday - No Likeness",1159142494,Disney OPA,"Marvel Studios' Avengers Doomsday - No Likeness"
MV,2675,"Marvel Studios' Avengers Doomsday - With Likeness",1159142492,Disney OPA,"Marvel Studios' Avengers Doomsday - With Likeness"
MV,2677,"Marvel Studios' Avengers Secret Wars - No Likeness",1159142475,Disney OPA,"Marvel Studios' Avengers Secret Wars - No Likeness"
MV,2683,"Marvel Studios' Avengers Secret Wars - With Likeness",1159142476,Disney OPA,"Marvel Studios' Avengers Secret Wars - With Likeness"
MV,2685,"Marvel Studios' Captain Marvel 2 - No Likeness",1159117210,Disney OPA,"Marvel Studios' Captain Marvel 2 - No Likeness"
MV,2710,"Marvel Studios' Captain Marvel 2 - With Likeness",1159117211,Disney OPA,"Marvel Studios' Captain Marvel 2 - With Likeness"
MV,2717,"Marvel Studios' Deadpool Movie 3 - No Likeness",1159142621,Disney OPA,"Marvel Studios' Deadpool Movie 3 - No Likeness"
MV,2746,"Marvel Studios' Deadpool Movie 3 - With Likeness",1159142592,Disney OPA,"Marvel Studios' Deadpool Movie 3 - With Likeness"
MV,2753,"Marvel Studios' Fantastic Four - No Likeness",1159142150,Disney OPA,"Marvel Studios' Fantastic Four - No Likeness"
MV,2770,"Marvel Studios' Fantastic Four - With Likeness",1159142130,Disney OPA,"Marvel Studios' Fantastic Four - With Likeness"
MV,2775,"Marvel Studios' GOTG Vol. 3 - No Likeness",1159135359,Disney OPA,"Marvel Studios' GOTG Vol. 3 - No Likeness"
MV,2791,"Marvel Studios' GOTG Vol. 3 - With Likeness",1159135358,Disney OPA,"Marvel Studios' GOTG Vol. 3 - With Likeness"
MV,2803,"Marvel Studios' Thunderbolts - No Likeness",1159142474,Disney OPA,"Marvel Studios' Thunderbolts - No Likeness"
MV,2816,"Marvel Studios' Thunderbolts - With Likeness",1159142493,Disney OPA,"Marvel Studios' Thunderbolts - With Likeness"
MV,3050,"Marvel Universe",634,Disney OPA,"Marvel Universe"
MV,4092,"Marvel's Moon Girl and Devil Dinosaur",1159127786,Disney OPA,"Marvel's Moon Girl and Devil Dinosaur"
MV,4099,"Marvel's Spidey and His Amazing Friends",1159114229,Disney OPA,"Marvel's Spidey and His Amazing Friends"
MV,4140,"Marvels' Blade Movie - No Likeness",1159143637,Disney OPA,"Marvels' Blade Movie - No Likeness"
MV,4144,"Marvels' Blade Movie - With Likeness",1159144711,Disney OPA,"Marvels' Blade Movie - With Likeness"
MV,803,"MS Captain America New World Order - No Likeness",1159141611,Disney OPA,"MS Captain America New World Order - No Likeness"
MV,810,"MS Captain America New World Order - With Likeness",1159142419,Disney OPA,"MS Captain America New World Order - With Likeness"
MV,4449,"Spider-Man",635,Disney OPA,"Spider-Man"
MV,4614,"Spider-Man Animated",643,Disney OPA,"Spider-Man Animated"
MV,4630,"Spider-Man Animated Movie 2022",1159122709,Disney OPA,"Spider-Man Animated Movie 2022"
MV,4656,"Spider-Man Family Live Action Movies - No Likeness",1159148352,Disney OPA,"Spider-Man Family Live Action Movies - No Likeness"
MV,4665,"Spider-Man Family Live Action Movies - With Likeness",1159149509,Disney OPA,"Spider-Man Family Live Action Movies - With Likeness"
MV,4667,"Spider-Man Movie (2017) - No Likeness",1103,Disney OPA,"Spider-Man Movie (2017) - No Likeness"
MV,4679,"Spider-Man Movie (2017) - With Likeness",1106,Disney OPA,"Spider-Man Movie (2017) - With Likeness"
MV,4691,"Spider-Man Movie 2021 - No Likeness",1159117150,Disney OPA,"Spider-Man Movie 2021 - No Likeness"
MV,4708,"Spider-Man Movie 2021 - With Likeness",1159117209,Disney OPA,"Spider-Man Movie 2021 - With Likeness"
MV,4723,"Spider-Man: Brand New Day Movie 2026 - No Likeness",1159372116,Disney OPA,"Spider-Man: Brand New Day Movie 2026 - No Likeness"
MV,4733,"Spider-Man: Brand New Day Movie 2026 - With Likeness",1159372167,Disney OPA,"Spider-Man: Brand New Day Movie 2026 - With Likeness"
MV,4902,"Venom Movie 2024 - No Likeness",1159149070,Disney OPA,"Venom Movie 2024 - No Likeness"
MV,4909,"Venom Movie 2024 - With Likeness",1159149089,Disney OPA,"Venom Movie 2024 - With Likeness"
MV,4932,"X-Men Classic",1107,Disney OPA,"X-Men Classic"
WB,9309,"Adventure Time: Animated Series",e6ca2efa-4086-43c7-9885-fe092cdb8523,Warner STARLABS,"Adventure Time: Animated Series"
WB,8853,"Annabelle (2014)",09f2c46b-964c-433b-a13f-c55fee770494,Warner STARLABS,"Annabelle (2014)"
WB,9222,"Annabelle Comes Home (2019)",b8807601-4ea7-4b8b-be33-d9e190ebb39d,Warner STARLABS,"Annabelle Comes Home (2019)"
WB,9176,"Annabelle: Creation (2017)",4b818702-bba6-4848-9bff-f49cd7071811,Warner STARLABS,"Annabelle: Creation (2017)"
WB,9063,"Aquaman (2018)",2b3dd4e2-bb73-4f2c-ad16-b8ff9dee109d,Warner STARLABS,"Aquaman (2018)"
WB,9274,"Aquaman and the Lost Kingdom (2023)",b0025da2-2411-44cb-8ec9-b552798ca5c9,Warner STARLABS,"Aquaman and the Lost Kingdom (2023)"
WB,9168,"Aquaman Core",75d12b11-29d8-4387-9342-f6276a4386d4,Warner STARLABS,"Aquaman Core"
WB,10459,"Bad Fairies (2027)",12ef532f-ddcd-42e3-ac89-6aeb40ab3d9c,Warner STARLABS,"Bad Fairies (2027)"
WB,5905,"Batman (1989)",b2203062-1157-4f15-975b-cc9364d91223,Warner STARLABS,"Batman (1989)"
WB,5881,"Batman & Robin (1997)",249b2f86-11a8-46e3-889e-6c01dfd7fa4d,Warner STARLABS,"Batman & Robin (1997)"
WB,9952,"Batman 85th Mash Ups",2510372c-2ff1-4f9e-98d3-5d95829b2efe,Warner STARLABS,"Batman 85th Mash Ups"
WB,7810,"Batman Begins (2005)",7af64e7c-e8ab-4683-a107-231f830d227d,Warner STARLABS,"Batman Begins (2005)"
WB,6882,"Batman Beyond: Animated Series",d3a1dd1a-5c9b-45b9-ae23-4bf67b52ec4e,Warner STARLABS,"Batman Beyond: Animated Series"
WB,5933,"Batman Core",d34589c0-3a64-4f1a-9937-a79a1490e7d4,Warner STARLABS,"Batman Core"
WB,6685,"Batman Forever (1995)",87fbcaad-834b-472c-b35d-531bbcdd6fde,Warner STARLABS,"Batman Forever (1995)"
WB,10468,"Batman Ninja: DTV",a1874fa3-57f5-43be-8c50-ee099738c488,Warner STARLABS,"Batman Ninja: DTV"
WB,10461,"Batman Part 2, The (2027)",245d031e-15a4-48c8-a553-70ca52c65bac,Warner STARLABS,"Batman Part 2, The (2027)"
WB,6490,"Batman Returns (1992)",8f219db0-7f14-4977-8cc3-35f4530eaffb,Warner STARLABS,"Batman Returns (1992)"
WB,8830,"Batman v Superman: Dawn of Justice (2016)",3b5e1f27-9435-408b-ba2e-d246841dba38,Warner STARLABS,"Batman v Superman: Dawn of Justice (2016)"
WB,9263,"Batman, The (2022)",e79d02f4-8698-4f81-b49c-3b3ba732bbb7,Warner STARLABS,"Batman, The (2022)"
WB,6504,"Batman: Animated Series (1992)",843b0733-7d08-4e8d-bf98-1ad6e0793be0,Warner STARLABS,"Batman: Animated Series (1992)"
WB,8656,"Batman: Arkham Asylum: Video Game 1",f12e51a7-e940-4045-b438-243a58b0eb4e,Warner STARLABS,"Batman: Arkham Asylum: Video Game 1"
WB,8634,"Batman: Arkham City: Video Game 2",39b04e21-452f-4e5f-838a-7a9b2ce9935f,Warner STARLABS,"Batman: Arkham City: Video Game 2"
WB,8816,"Batman: Arkham Knight: Video Game 4",d8de3fb2-1203-4326-aacd-ad575ea6179a,Warner STARLABS,"Batman: Arkham Knight: Video Game 4"
WB,8798,"Batman: Arkham Origins: Video Game 3",3344becd-0643-4842-9b40-ec249084e0a3,Warner STARLABS,"Batman: Arkham Origins: Video Game 3"
WB,7992,"Batman: Television Series (1966)",b847768f-2112-4713-b3d5-1b95a542ef36,Warner STARLABS,"Batman: Television Series (1966)"
WB,9728,"Batwheels: Animated Series",582035ee-5850-4df7-aa59-1f858212f025,Warner STARLABS,"Batwheels: Animated Series"
WB,6467,"Beetlejuice (1988)",df1d2e6a-1d20-49e9-b6b9-26d7c0fd9a5d,Warner STARLABS,"Beetlejuice (1988)"
WB,10001,"Beetlejuice Beetlejuice (2024)",313c900a-72cf-422f-95a6-eecd65be49bd,Warner STARLABS,"Beetlejuice Beetlejuice (2024)"
WB,6464,"Beetlejuice: Animated Series",cde3d2b8-a2b3-4464-b140-50e712ae4ebe,Warner STARLABS,"Beetlejuice: Animated Series"
WB,9693,"Black Adam (2022)",52a96760-33de-49b5-9997-20669705f249,Warner STARLABS,"Black Adam (2022)"
WB,9930,"Blue Beetle (2023)",6e603ab0-59db-497b-9f5d-f5bc31d0a219,Warner STARLABS,"Blue Beetle (2023)"
WB,10464,"Christmas Story, A (1983)",62381740-679e-4f18-8dda-d37123ac794e,Warner STARLABS,"Christmas Story, A (1983)"
WB,9031,"Conjuring 2, The (2016)",5920496d-31d2-4487-a584-7ecb941aee91,Warner STARLABS,"Conjuring 2, The (2016)"
WB,9685,"Conjuring 3: The Devil Made Me Do It, The (2021)",3a8f262d-2865-40f8-8607-71a2e07716c6,Warner STARLABS,"Conjuring 3: The Devil Made Me Do It, The (2021)"
WB,8855,"Conjuring, The (2013)",79c6d511-c7e4-4f32-9958-c9e05b933b82,Warner STARLABS,"Conjuring, The (2013)"
WB,7848,"Corpse Bride (2005)",d6b6656e-8f28-4431-a955-d74762ee1105,Warner STARLABS,"Corpse Bride (2005)"
WB,9174,"Cyborg Core",dcba19bf-0193-4f8a-b2b9-ecda1731ecde,Warner STARLABS,"Cyborg Core"
WB,8597,"Dark Knight Rises, The (2012)",e905b4c6-6937-417b-916b-b422f4ee5fb4,Warner STARLABS,"Dark Knight Rises, The (2012)"
WB,8081,"Dark Knight, The (2008)",b87f25be-728f-4c44-9142-a0830a1526c1,Warner STARLABS,"Dark Knight, The (2008)"
WB,9286,"DC League of Super-Pets (2022)",c9d6666b-f77a-4fd0-9809-1bfe08d4ecfe,Warner STARLABS,"DC League of Super-Pets (2022)"
WB,8025,"DC Super Friends Collection Comics",ff78370d-020d-4076-a2ee-5b6c15dc5611,Warner STARLABS,"DC Super Friends Collection Comics"
WB,8899,"DC Super Hero Girls: Animated Series",9d6c5681-dea9-411f-943d-14ec27a94b45,Warner STARLABS,"DC Super Hero Girls: Animated Series"
WB,9182,"DC Women Core",4216cf63-fb0d-4501-bb6e-85b2981bcc67,Warner STARLABS,"DC Women Core"
WB,8349,"Elf (2003)",d9ce0e26-f9c8-4919-a190-876124d654c6,Warner STARLABS,"Elf (2003)"
WB,7056,"Exorcist, The (1973)",67830330-59a0-4d42-8765-c88e10814332,Warner STARLABS,"Exorcist, The (1973)"
WB,8872,"Fantastic Beasts and Where To Find Them (2016)",d2670bb9-cad6-4888-be9e-57399024a6ea,Warner STARLABS,"Fantastic Beasts and Where To Find Them (2016)"
WB,9086,"Fantastic Beasts: The Crimes of Grindelwald (2018)",e5ee5de3-d8a1-4037-b22a-d3201a81eb92,Warner STARLABS,"Fantastic Beasts: The Crimes of Grindelwald (2018)"
WB,9104,"Fantastic Beasts: The Secrets of Dumbledore (2022)",64e3e5b7-b666-4172-8bff-246dfe3820d8,Warner STARLABS,"Fantastic Beasts: The Secrets of Dumbledore (2022)"
WB,6669,"Flash Core, The",a96c2415-05f6-43be-96d1-a2a723d69596,Warner STARLABS,"Flash Core, The"
WB,9143,"Flash, The (2023)",e09a50af-0246-4959-a9ae-ffc30e51fa40,Warner STARLABS,"Flash, The (2023)"
WB,8152,"Freddy vs. Jason (2003)",47b51c4c-7932-49fb-9841-3688ec1c1750,Warner STARLABS,"Freddy vs. Jason (2003)"
WB,8148,"Friday the 13th (1980)",cd620d1a-57a0-43c5-961d-a267017b0e45,Warner STARLABS,"Friday the 13th (1980)"
WB,8400,"Friday the 13th (2009)",54443b5f-9c5a-40a2-8ddf-71e39dd27d66,Warner STARLABS,"Friday the 13th (2009)"
WB,8361,"Friday the 13th Part II (1981)",7b368679-e827-4ccc-a52e-c510ca93bf9b,Warner STARLABS,"Friday the 13th Part II (1981)"
WB,8367,"Friday the 13th Part III (1982)",e4c1fb7c-9eeb-487f-b8a2-9723ddefd122,Warner STARLABS,"Friday the 13th Part III (1982)"
WB,8380,"Friday the 13th Part VI: Jason Lives (1986)",c21741aa-b8a8-4190-9a87-0ff404e5a70a,Warner STARLABS,"Friday the 13th Part VI: Jason Lives (1986)"
WB,8384,"Friday the 13th Part VII: The New Blood (1988)",a8a3268c-2ec3-4db8-a026-82e50cec0321,Warner STARLABS,"Friday the 13th Part VII: The New Blood (1988)"
WB,8388,"Friday the 13th Part VIII: Jason Takes Manhattan",6296c29f-ad49-48b8-bb7c-d9e3e0d80d4e,Warner STARLABS,"Friday the 13th Part VIII: Jason Takes Manhattan"
WB,8377,"Friday the 13th: A New Beginning (1985)",165fa43e-6c51-4889-a6d9-6d8d6c130b1b,Warner STARLABS,"Friday the 13th: A New Beginning (1985)"
WB,8392,"Friday the 13th: Jason Goes to Hell (1993)",0943c6fb-400c-4363-b7a3-d43a8f115f67,Warner STARLABS,"Friday the 13th: Jason Goes to Hell (1993)"
WB,8396,"Friday the 13th: Jason X (2001)",81d0660b-b95f-4a5e-8990-757f75e138e6,Warner STARLABS,"Friday the 13th: Jason X (2001)"
WB,8371,"Friday the 13th: The Final Chapter (1984)",2eab04e7-e345-44a3-962f-ca57a0534110,Warner STARLABS,"Friday the 13th: The Final Chapter (1984)"
WB,6113,"Friends: Television Series",1f8bfaa9-24bc-4234-9340-df435aed6759,Warner STARLABS,"Friends: Television Series"
WB,6550,"Frosty The Snowman Art Program (1954)",a81bbbdb-4c1d-407c-af82-0f8486196d0f,Warner STARLABS,"Frosty The Snowman Art Program (1954)"
WB,9522,"Game of Thrones: Television Series",90b93c4e-93c7-46ab-a127-99cf146f87ab,Warner STARLABS,"Game of Thrones: Television Series"
WB,7113,"Gilmore Girls: Television Series",da499469-a4d3-42a7-9916-77a9bb6f06bd,Warner STARLABS,"Gilmore Girls: Television Series"
WB,10098,"Gokko x DC",5b0ea175-77b5-4e45-aaec-8c69dd6bed01,Warner STARLABS,"Gokko x DC"
WB,10465,"Gokko x Harry Potter",6fd67dd8-3a56-46e0-a57d-e58007811770,Warner STARLABS,"Gokko x Harry Potter"
WB,10088,"Gokko x Looney Tunes",4d95ac15-582a-4789-ac48-025c60d26439,Warner STARLABS,"Gokko x Looney Tunes"
WB,10102,"Gokko x Powerpuff Girls, The",4b985b99-35c3-4e79-8405-bc4dddabbd1b,Warner STARLABS,"Gokko x Powerpuff Girls, The"
WB,10100,"Gokko x Scooby-Doo",13109fc7-567f-4854-bf51-576581dc8985,Warner STARLABS,"Gokko x Scooby-Doo"
WB,10086,"Gokko x Tom and Jerry",7ad5ffb3-acb6-4cec-a8c2-e02b651c40b8,Warner STARLABS,"Gokko x Tom and Jerry"
WB,6409,"Goodfellas (1990)",80c13597-3a4e-40c3-a3f0-6383c0e2103d,Warner STARLABS,"Goodfellas (1990)"
WB,6438,"Goonies, The (1985)",cc4322bf-7c55-4d48-ae4e-237bd762b9a5,Warner STARLABS,"Goonies, The (1985)"
WB,9715,"Gotham Knights: Video Game",0ca22a37-eec5-4034-9d7e-33e73e2a45b5,Warner STARLABS,"Gotham Knights: Video Game"
WB,8443,"Green Lantern Core",ac2ac2e8-f392-4d8e-a085-d58e6d8d415e,Warner STARLABS,"Green Lantern Core"
WB,6706,"Gremlins (1984)",5727fc93-bdf9-4a99-a776-0a1b05129422,Warner STARLABS,"Gremlins (1984)"
WB,6453,"Gremlins 2: The New Batch (1990)",8f237a4f-1db7-45c1-9d66-269c3a5f5d70,Warner STARLABS,"Gremlins 2: The New Batch (1990)"
WB,6989,"Harry Potter and the Chamber of Secrets (2002)",eedf2e9e-3557-43a8-b7fd-7b9eade2f724,Warner STARLABS,"Harry Potter and the Chamber of Secrets (2002)"
WB,8107,"Harry Potter and the Deathly Hallows Part 1 (2010)",4b2fecfa-9a92-4b0b-83d4-99789d6bcdc9,Warner STARLABS,"Harry Potter and the Deathly Hallows Part 1 (2010)"
WB,8414,"Harry Potter and the Deathly Hallows Part 2 (2011)",65efa063-7947-422b-9d68-6cc8bd983bcc,Warner STARLABS,"Harry Potter and the Deathly Hallows Part 2 (2011)"
WB,7689,"Harry Potter and the Goblet of Fire (2005)",b27e1d9e-6c78-48f2-aaea-17db29521142,Warner STARLABS,"Harry Potter and the Goblet of Fire (2005)"
WB,7945,"Harry Potter and the Half-Blood Prince (2009)",ff5dc36a-031f-48e6-ac57-9bcf06608b4c,Warner STARLABS,"Harry Potter and the Half-Blood Prince (2009)"
WB,7855,"Harry Potter and the Order of the Phoenix (2007)",9aa62e28-ef77-4812-ae03-c3e07d9e502c,Warner STARLABS,"Harry Potter and the Order of the Phoenix (2007)"
WB,7624,"Harry Potter and the Prisoner of Azkaban (2004)",c9cd6357-afc8-4ae0-9046-75eccf5625a5,Warner STARLABS,"Harry Potter and the Prisoner of Azkaban (2004)"
WB,6921,"Harry Potter and the Sorcerer`s Stone (2001)",fec78022-d386-4129-b817-205c57e20fdf,Warner STARLABS,"Harry Potter and the Sorcerer`s Stone (2001)"
WB,7559,"Harry Potter Literary Collection",4f9ff209-95f6-494b-a646-ee75b8829d80,Warner STARLABS,"Harry Potter Literary Collection"
WB,10467,"Harry Potter: Television Series",a062d1fb-3e76-499c-9c2a-4f32d1dbc4d0,Warner STARLABS,"Harry Potter: Television Series"
WB,8504,"Hobbit, The: An Unexpected Journey (2012)",a0365f7c-9ab2-41d4-874a-1bfc9c746e53,Warner STARLABS,"Hobbit, The: An Unexpected Journey (2012)"
WB,8699,"Hobbit, The: The Battle of the Five Armies (2014)",1252f640-3cb7-49df-8112-bc2b101e8ef8,Warner STARLABS,"Hobbit, The: The Battle of the Five Armies (2014)"
WB,8553,"Hobbit, The: The Desolation of Smaug (2013)",26137b76-11e6-4895-ad89-3be9d66f894f,Warner STARLABS,"Hobbit, The: The Desolation of Smaug (2013)"
WB,9758,"Hogwarts Legacy: Video Game",df753701-aceb-45b2-80b4-c132d56bf40f,Warner STARLABS,"Hogwarts Legacy: Video Game"
WB,9780,"House of the Dragon: Television Series",d0c3ca51-4b52-4a5e-b81b-8029ec880d60,Warner STARLABS,"House of the Dragon: Television Series"
WB,8772,"Infinite Crisis: Video Game",e2ea3a76-7422-4183-ae21-30c61b2cc741,Warner STARLABS,"Infinite Crisis: Video Game"
WB,9154,"Injustice 2: Every Battle Defines You: Video Game",1a35fb87-ee12-4090-af98-3c050e979355,Warner STARLABS,"Injustice 2: Every Battle Defines You: Video Game"
WB,8668,"Injustice: Gods Among Us: Video Game",fd287d0b-b627-495f-8dc7-7d4ae67ba3fa,Warner STARLABS,"Injustice: Gods Among Us: Video Game"
WB,7059,"IT (1990): Television Miniseries",415c6fe7-e5a7-4505-a1e8-e2b91abb423c,Warner STARLABS,"IT (1990): Television Miniseries"
WB,9156,"IT (2017)",570527c9-c093-4ef9-8dff-89a2bfd43d82,Warner STARLABS,"IT (2017)"
WB,9204,"IT Chapter Two (2019)",11dac8ce-e6dd-4ed1-a8e4-672bb98f3517,Warner STARLABS,"IT Chapter Two (2019)"
WB,10019,"IT: Welcome to Derry: Television Series",dfd25b62-95d4-48e8-bfe0-b9adcb74501a,Warner STARLABS,"IT: Welcome to Derry: Television Series"
WB,7127,"Justice League Core",acead133-c8da-4d20-8762-f7b0ee5a9b2f,Warner STARLABS,"Justice League Core"
WB,6135,"Looney Tunes Core",4e9997e0-0951-409d-81a8-24acf671d7d7,Warner STARLABS,"Looney Tunes Core"
WB,8166,"Lord of the Rings, The: The Fellowship of the Ring (2001)",37f3b962-aa5d-40d5-b6fd-5471875e64ce,Warner STARLABS,"Lord of the Rings, The: The Fellowship of the Ring (2001)"
WB,8280,"Lord of the Rings, The: The Return of the King (2003)",f9958913-3e87-427c-9676-6e907725f9bc,Warner STARLABS,"Lord of the Rings, The: The Return of the King (2003)"
WB,8223,"Lord of the Rings, The: The Two Towers (2002)",d4baea62-d098-4319-9878-d34130d93af4,Warner STARLABS,"Lord of the Rings, The: The Two Towers (2002)"
WB,9942,"Lord of the Rings, The: The War Of The Rohirrim (2024)",93c07be4-e658-4ba7-b565-6485049c1454,Warner STARLABS,"Lord of the Rings, The: The War Of The Rohirrim (2024)"
WB,5860,"Lost Boys, The (1987)",cc51835c-d14c-4193-a32c-059a3cb1ab02,Warner STARLABS,"Lost Boys, The (1987)"
WB,10460,"Man of Tomorrow (2027)",1acd2acb-e6eb-4afc-b644-8b1528506de2,Warner STARLABS,"Man of Tomorrow (2027)"
WB,10462,"Margie Claus (2027)",2497611c-5013-4878-85fd-6deeb354d805,Warner STARLABS,"Margie Claus (2027)"
WB,7062,"Matrix Reloaded, The (2003)",05b9fd94-b877-4ada-8fb9-69d55a085063,Warner STARLABS,"Matrix Reloaded, The (2003)"
WB,9704,"Matrix Resurrections, The (2022)",2d8a3868-2a53-4e9e-bf16-54711578cf24,Warner STARLABS,"Matrix Resurrections, The (2022)"
WB,7087,"Matrix Revolutions, The (2003)",16eaceba-2d5b-4128-ba62-0abd82612764,Warner STARLABS,"Matrix Revolutions, The (2003)"
WB,6871,"Matrix, The (1999)",a84051b3-f286-4c26-beb7-d9a87a957a67,Warner STARLABS,"Matrix, The (1999)"
WB,9303,"Mortal Kombat (2021)",8b111e5d-5f6a-465f-a67f-263b04a13148,Warner STARLABS,"Mortal Kombat (2021)"
WB,10055,"Mortal Kombat 2 (2025)",e01f0a1f-0ca6-42ac-8e9d-8e5e50421631,Warner STARLABS,"Mortal Kombat II (2026)"
WB,8613,"Mortal Kombat Core: Video Game",e620b231-1d1c-4196-b0d1-47d51c013be4,Warner STARLABS,"Mortal Kombat Core: Video Game"
WB,7110,"Multiple Licensed Properties",639ac294-7205-4f57-9ef8-76f4a0391186,Warner STARLABS,"Multiple Licensed Properties"
WB,8341,"Nightmare on Elm Street 2, A: Freddy`s Revenge (1985)",120ff402-1f9d-4d95-83fd-ba5dbba48f58,Warner STARLABS,"Nightmare on Elm Street 2, A: Freddy`s Revenge (1985)"
WB,8339,"Nightmare on Elm Street 3, A: Dream Warriors (1987)",5d20850d-e1a1-4e38-ab4f-2dbddc7fd1a3,Warner STARLABS,"Nightmare on Elm Street 3, A: Dream Warriors (1987)"
WB,8337,"Nightmare on Elm Street 4, A: The Dream Master (1988)",4efe54b4-7d67-49f5-876f-9cb81643c8ad,Warner STARLABS,"Nightmare on Elm Street 4, A: The Dream Master (1988)"
WB,8343,"Nightmare on Elm Street, A (1984)",f40337ea-c052-4185-96a7-29e1d6f0ac2c,Warner STARLABS,"Nightmare on Elm Street, A (1984)"
WB,8430,"Nightmare on Elm Street, A (2010)",c9fa32d1-03cd-4998-ab93-b0d76d1a3974,Warner STARLABS,"Nightmare on Elm Street, A (2010)"
WB,8333,"Nightmare on Elm Street, A: Freddy`s Dead (1991)",0aaf1698-3f60-430e-a621-7d765dd89ebf,Warner STARLABS,"Nightmare on Elm Street, A: Freddy`s Dead (1991)"
WB,8221,"Nightmare on Elm Street, A: New Nightmare (1994)",53eb2ae7-a2f3-4299-9006-557f47ecda8e,Warner STARLABS,"Nightmare on Elm Street, A: New Nightmare (1994)"
WB,8335,"Nightmare on Elm Street, A: The Dream Child (1989)",b781413a-1092-4405-a4f7-e3d17a78a7e8,Warner STARLABS,"Nightmare on Elm Street, A: The Dream Child (1989)"
WB,9944,"Nun 2, The (2023)",bc4be871-167e-4e2d-adf9-8e848b8f1111,Warner STARLABS,"Nun 2, The (2023)"
WB,9179,"Nun, The (2018)",f6d0612b-f351-40c7-9dff-cf09ab73c381,Warner STARLABS,"Nun, The (2018)"
WB,9683,"Over the Garden Wall: Animated Series",5c56e057-3c94-4fdb-9bc4-8203eed27ce2,Warner STARLABS,"Over the Garden Wall: Animated Series"
WB,9829,"Peacemaker: Television Series",076a0ea6-bfb6-4770-ac26-62feff189908,Warner STARLABS,"Peacemaker: Television Series"
WB,7777,"Polar Express, The (2004)",74047c90-9b91-4502-b175-70bbdd30f472,Warner STARLABS,"Polar Express, The (2004)"
WB,6843,"Powerpuff Girls, The: Animated Series",1775f9b3-94c0-4013-a7bc-7cfce115ed09,Warner STARLABS,"Powerpuff Girls, The: Animated Series"
WB,9520,"Regular Show: Animated Series",d28daf47-ff35-4d5a-84fe-232c9b141ba3,Warner STARLABS,"Regular Show: Animated Series"
WB,9407,"Rick and Morty: Animated Series",ff8802e7-88b4-4719-b1a7-255e87aa643f,Warner STARLABS,"Rick and Morty: Animated Series"
WB,9040,"SCOOB (2020)",0c0cd104-0b1b-4b5d-9b2e-f46d06d297bb,Warner STARLABS,"SCOOB (2020)"
WB,6714,"Scooby-Doo Core",1240c0cb-2df9-491f-ab91-90fc57797f81,Warner STARLABS,"Scooby-Doo Core"
WB,10466,"Scooby-Doo Origins: Television Series",8fe1c8ca-0e72-49e6-9179-403d84d74542,Warner STARLABS,"Scooby-Doo Origins: Television Series"
WB,6778,"Seinfeld: Television Series",a2770883-f58b-4735-a41e-b816ad17b914,Warner STARLABS,"Seinfeld: Television Series"
WB,9125,"Shazam! (2019)",876d7ae7-817f-41b6-956a-d1be076e56b0,Warner STARLABS,"Shazam! (2019)"
WB,9760,"Shazam!: Fury of the Gods (2023)",08256d30-4737-407d-8b32-cb962e3dd5c9,Warner STARLABS,"Shazam!: Fury of the Gods (2023)"
WB,10090,"Smiling Friends: Animated Series",dea50cdb-27d0-4083-a51b-bd1cf906365c,Warner STARLABS,"Smiling Friends: Animated Series"
WB,8968,"Suicide Squad (2016)",9867ccf0-64ec-4580-af52-1978d60c8c2e,Warner STARLABS,"Suicide Squad (2016)"
WB,9228,"Suicide Squad, The (2021)",f291cc4a-3a12-47ff-adfe-f906938d25b0,Warner STARLABS,"Suicide Squad, The (2021)"
WB,9726,"Suicide Squad: Kill the Justice League: Video Game",e3cc14f9-4f76-4f81-bf90-7394780f3d32,Warner STARLABS,"Suicide Squad: Kill the Justice League: Video Game"
WB,10071,"Supergirl (2026)",32abfd9e-09cc-4261-a96f-b905be158fd3,Warner STARLABS,"Supergirl (2026)"
WB,7843,"Supergirl Core",92aaa08b-377a-4ff0-853b-fe95e2f4ddde,Warner STARLABS,"Supergirl Core"
WB,8982,"Supergirl: Television Series (2015)",89e4cede-9ee1-42d1-a028-27b5095b4c95,Warner STARLABS,"Supergirl: Television Series (2015)"
WB,10036,"Superman (2025)",f8c45ab2-3bfd-41f5-83de-89e53d251e80,Warner STARLABS,"Superman (2025)"
WB,6553,"Superman Core",8bc77ac3-ffe7-4884-984e-7becf71a4775,Warner STARLABS,"Superman Core"
WB,9815,"Ted Lasso: Television Series",e38f70b8-0226-4ae4-81d2-7ea11f5e74de,Warner STARLABS,"Ted Lasso: Television Series"
WB,8739,"Teen Titans Go!: Animated Series",b7484007-6ffa-47b5-983e-8db2a782bfe6,Warner STARLABS,"Teen Titans Go!: Animated Series"
WB,9837,"WB 100: Art of the 100th",98ac2030-5626-4026-9766-ea0f239b108f,Warner STARLABS,"WB 100: Art of the 100th"
WB,9841,"WB 100: Artist Collaborations",c6301391-c5ed-412f-b020-89463b663d3f,Warner STARLABS,"WB 100: Artist Collaborations"
WB,9843,"WB 100: Looney Tunes Mashups",cfdc27f0-a15f-4254-87c4-9bf96b14ebe2,Warner STARLABS,"WB 100: Looney Tunes Mashups"
WB,9839,"WB 100: Poster Series",4bfbc3ad-0250-4078-bad0-954d90a3cc25,Warner STARLABS,"WB 100: Poster Series"
WB,8136,"Where The Wild Things Are - Literary",0d6d83de-3d34-4971-bd0e-2ad8f6b0052c,Warner STARLABS,"Where The Wild Things Are - Literary"
WB,7971,"Where The Wild Things Are (2009)",4e3e42f4-4a58-4212-bd36-e500dc3ae72a,Warner STARLABS,"Where The Wild Things Are (2009)"
WB,6094,"Willy Wonka & the Chocolate Factory (1971)",6d425810-e1a8-4ab5-86d3-cf2a5dca6f26,Warner STARLABS,"Willy Wonka & the Chocolate Factory (1971)"
WB,6792,"Wizard of Oz, The (1939)",99afa4da-ee2f-49b0-bb0a-9c0b88b70d5e,Warner STARLABS,"Wizard of Oz, The (1939)"
WB,9006,"Wonder Woman (2017)",cf1183d8-6f1e-487a-a052-d527c53de0fb,Warner STARLABS,"Wonder Woman (2017)"
WB,9195,"Wonder Woman 1984 (2020)",90d29427-2ed9-4735-a6e6-e56f0a5deacf,Warner STARLABS,"Wonder Woman 1984 (2020)"
WB,6413,"Wonder Woman Core",243bca35-e435-4a7d-b18f-7e54f9d56c6d,Warner STARLABS,"Wonder Woman Core"
WB,9914,"Wonka (2023)",26fe9f38-88c7-43a4-9df7-f421aaf18723,Warner STARLABS,"Wonka (2023)"
WB,10463,"Year Without A Santa Claus, The (1974)",2cd30294-85b9-4f3e-9886-9872d2f390d4,Warner STARLABS,"Year Without A Santa Claus, The (1974)"
