licensor,style_guide,characters,licensing_answer,outcome,final_mg06_code
,Adventure Time: Animated Series,97,never designed,NEVER_DESIGNED,
,Over the Garden Wall: Animated Series,1,never designed,NEVER_DESIGNED,
,Regular Show: Animated Series,1,never designed,NEVER_DESIGNED,
,Smiling Friends: Animated Series,7,FN,EXISTING_MG06,FN
,Dumbo,1,CP,EXISTING_MG06,CP
,Dumbo (2019),10,never designed,NEVER_DESIGNED,
,Inside Out 2,1,never designed,NEVER_DESIGNED,
,A Bug's Life,1,BU,EXISTING_MG06,BU
,Atlantis,1,CP,EXISTING_MG06,CP
,Big Hero 6 TV,1,BK,EXISTING_MG06,BK
,Camp Rock,20,never designed,NEVER_DESIGNED,
,Camp Rock 2,17,never designed,NEVER_DESIGNED,
,Cruella (Live Action),8,never designed,NEVER_DESIGNED,
,Descendants 3,12,never designed,NEVER_DESIGNED,
,Disney Babies,14,never designed,NEVER_DESIGNED,
,Disney Junior Ariel,1,never designed,NEVER_DESIGNED,
,Disney Junior Super Kitties,1,never designed,NEVER_DESIGNED,
,Disney Princess,2,PN,EXISTING_MG06,PN
,Disney Stitch Franchise,10,LS,EXISTING_MG06,LS
,Disney Zombies,10,never designed,NEVER_DESIGNED,
,Disney Zombies 2,9,never designed,NEVER_DESIGNED,
,Disney Zombies 3,1,never designed,NEVER_DESIGNED,
,Doc McStuffins,1,never designed,NEVER_DESIGNED,
,Ducktales,16,never designed,NEVER_DESIGNED,
,Elio,1,never designed,NEVER_DESIGNED,
,Emperor's New Groove,1,never designed,NEVER_DESIGNED,
,Fancy Nancy,1,never designed,NEVER_DESIGNED,
,Finding Dory,1,never designed,NEVER_DESIGNED,
,Finding Nemo,1,never designed,NEVER_DESIGNED,
,Firebuds,1,never designed,NEVER_DESIGNED,
,Goofy Movie,1,never designed,NEVER_DESIGNED,
,Haunted Mansion (Theme Park),1,never designed,NEVER_DESIGNED,
,Hunchback of Notre Dame,1,never designed,NEVER_DESIGNED,
,"Incredibles, The",2,never designed,NEVER_DESIGNED,
,Kingdom Hearts 3.0,1,never designed,NEVER_DESIGNED,
,Lady And The Tramp,1,CP,EXISTING_MG06,CP
,Lightyear,1,never designed,NEVER_DESIGNED,
,"Little Mermaid, The (Live Action)",2,never designed,NEVER_DESIGNED,
,Minnie,3,MM,EXISTING_MG06,MM
,Moana (Live-Action),1,never designed,NEVER_DESIGNED,
,Moana 2,1,PN,EXISTING_MG06,PN
,MS Disney Plus TV Shows - No Likeness,179,never designed,NEVER_DESIGNED,
,MS Disney Plus TV Shows - With Likeness,37,never designed,NEVER_DESIGNED,
,Muppet Babies (2018),1,MU,EXISTING_MG06,MU
,Oswald The Lucky Rabbit,1,never designed,NEVER_DESIGNED,
,Pete's Dragon (2016),1,never designed,NEVER_DESIGNED,
,Pete's Dragon (Classic),2,never designed,NEVER_DESIGNED,
,Pinocchio,3,CP,EXISTING_MG06,CP
,Pirates of the Caribbean 2: Dead Man's Chest,42,never designed,NEVER_DESIGNED,
,Pirates of the Caribbean 3: At Worlds End,53,never designed,NEVER_DESIGNED,
,Pirates of the Caribbean 4: On Stranger Tides,22,never designed,NEVER_DESIGNED,
,Pirates of the Caribbean 5: Dead Men Tell No Tales,14,never designed,NEVER_DESIGNED,
,Pirates of the Caribbean: Curse of the Black Pearl,18,never designed,NEVER_DESIGNED,
,Pixar Collection,59,never designed,NEVER_DESIGNED,
,Pixar Shorts - Luxo Jr,1,never designed,NEVER_DESIGNED,
,Pixar Studios Logo,1,never designed,NEVER_DESIGNED,
,Pocahontas,1,never designed,NEVER_DESIGNED,
,Preschool CG Mickey (& Friends),2,MM,EXISTING_MG06,MM
,Preschool CG Minnie (& Friends),4,MM,EXISTING_MG06,MM
,Puppy Dog Pals,1,never designed,NEVER_DESIGNED,
,Pupstruction,2,never designed,NEVER_DESIGNED,
,Ratatouille,1,CP,EXISTING_MG06,CP
,Raya and the Last Dragon,1,never designed,NEVER_DESIGNED,
,Robin Hood,1,CP,EXISTING_MG06,CP
,Soul,1,never designed,NEVER_DESIGNED,
,Standard Characters,1,MM,EXISTING_MG06,MM
,Steamboat Willie,1,never designed,NEVER_DESIGNED,
,Strange World,1,never designed,NEVER_DESIGNED,
,Suite Life of Zack and Cody,12,never designed,NEVER_DESIGNED,
,T.O.T.S. (TINY ONES TRANSPORT SERVICE),1,never designed,NEVER_DESIGNED,
,That's So Raven,9,never designed,NEVER_DESIGNED,
,The Good Dinosaur,1,never designed,NEVER_DESIGNED,
,The Incredibles 2,2,never designed,NEVER_DESIGNED,
,Tsum Tsum,63,never designed,NEVER_DESIGNED,
,Turning Red,1,never designed,NEVER_DESIGNED,
,Vampirina Ballerina,1,never designed,NEVER_DESIGNED,
,Wall-E,1,never designed,NEVER_DESIGNED,
,Wizards of Waverly Place,8,never designed,NEVER_DESIGNED,
,Wreck-It Ralph 2,1,never designed,NEVER_DESIGNED,
,Marvel Comics (Retro),911,MG,EXISTING_MG06,MG
,Marvel Cross-Franchise Art Packs,271,multiple,MULTIPLE,
,Marvel Games,175,GM,EXISTING_MG06,GM
,Marvel Seasonal,91,never designed,NEVER_DESIGNED,
,Marvel Studios Collection - No Likeness,126,never designed,NEVER_DESIGNED,
,Marvel Studios: The Infinity Saga - No Likeness,142,never designed,NEVER_DESIGNED,
,Marvel Studios: The Infinity Saga - With Likeness,88,never designed,NEVER_DESIGNED,
,Marvel Studios' Ant-Man Wasp Quantumania - No Likeness,19,never designed,NEVER_DESIGNED,
,Marvel Studios' Ant-Man Wasp Quantumania - With Likeness,11,never designed,NEVER_DESIGNED,
,Marvel Studios' Avengers Doomsday - No Likeness,33,never designed,NEVER_DESIGNED,
,Marvel Studios' Avengers Doomsday - With Likeness,1,never designed,NEVER_DESIGNED,
,Marvel Studios' Avengers Secret Wars - No Likeness,5,never designed,NEVER_DESIGNED,
,Marvel Studios' Avengers Secret Wars - With Likeness,1,never designed,NEVER_DESIGNED,
,Marvel Studios' Deadpool Movie 3 - No Likeness,28,DP,EXISTING_MG06,DP
,Marvel Studios' Deadpool Movie 3 - With Likeness,6,DP,EXISTING_MG06,DP
,Marvel Studios' Fantastic Four - No Likeness,16,FFF,EXISTING_MG06,FFF
,Marvel Studios' Fantastic Four - With Likeness,4,FFF,EXISTING_MG06,FFF
,Marvel Studios' GOTG Vol. 3 - No Likeness,15,never designed,NEVER_DESIGNED,
,Marvel Studios' GOTG Vol. 3 - With Likeness,11,never designed,NEVER_DESIGNED,
,Marvel Studios' Thunderbolts - No Likeness,12,never designed,NEVER_DESIGNED,
,Marvel Studios' Thunderbolts - With Likeness,1,never designed,NEVER_DESIGNED,
,Marvel Universe,1041,MU,EXISTING_MG06,MU
,Marvel's Moon Girl and Devil Dinosaur,6,never designed,NEVER_DESIGNED,
,Marvel's Spidey and His Amazing Friends,40,SX,EXISTING_MG06,SX
,Marvels' Blade Movie - No Likeness,3,never designed,NEVER_DESIGNED,
,Marvels' Blade Movie - With Likeness,1,never designed,NEVER_DESIGNED,
,MS Captain America New World Order - No Likeness,6,CA,EXISTING_MG06,CA
,MS Captain America New World Order - With Likeness,1,CA,EXISTING_MG06,CA
,Black Adam (2022),10,BP,EXISTING_MG06,BP
,Blue Beetle (2023),11,never designed,NEVER_DESIGNED,
,Cyborg Core,1,never designed,NEVER_DESIGNED,
,"Dark Knight Rises, The (2012)",15,BM,EXISTING_MG06,BM
,"Dark Knight, The (2008)",25,BM,EXISTING_MG06,BM
,DC League of Super-Pets (2022),16,never designed,NEVER_DESIGNED,
,DC Super Friends Collection Comics,55,multiple,MULTIPLE,
,DC Super Hero Girls: Animated Series,68,never designed,NEVER_DESIGNED,
,DC Women Core,12,multiple,MULTIPLE,
,Fantastic Beasts and Where To Find Them (2016),26,never designed,NEVER_DESIGNED,
,Fantastic Beasts: The Crimes of Grindelwald (2018),17,never designed,NEVER_DESIGNED,
,Fantastic Beasts: The Secrets of Dumbledore (2022),20,never designed,NEVER_DESIGNED,
,Gokko x DC,1,never designed,NEVER_DESIGNED,
,Gokko x Scooby-Doo,1,never designed,NEVER_DESIGNED,
,"Goonies, The (1985)",14,never designed,NEVER_DESIGNED,
,Gotham Knights: Video Game,10,never designed,NEVER_DESIGNED,
,Gremlins (1984),7,never designed,NEVER_DESIGNED,
,Gremlins 2: The New Batch (1990),10,never designed,NEVER_DESIGNED,
,"Hobbit, The: An Unexpected Journey (2012)",48,never designed,NEVER_DESIGNED,
,"Hobbit, The: The Battle of the Five Armies (2014)",39,never designed,NEVER_DESIGNED,
,"Hobbit, The: The Desolation of Smaug (2013)",43,never designed,NEVER_DESIGNED,
,House of the Dragon: Television Series,34,never designed,NEVER_DESIGNED,
,Infinite Crisis: Video Game,25,never designed,NEVER_DESIGNED,
,Injustice 2: Every Battle Defines You: Video Game,1,never designed,NEVER_DESIGNED,
,Injustice: Gods Among Us: Video Game,30,never designed,NEVER_DESIGNED,
,IT (1990): Television Miniseries,2,T7,EXISTING_MG06,T7
,"Matrix Reloaded, The (2003) ",24,never designed,NEVER_DESIGNED,
,"Matrix Resurrections, The (2022)",10,never designed,NEVER_DESIGNED,
,"Matrix Revolutions, The (2003) ",22,never designed,NEVER_DESIGNED,
,"Matrix, The (1999)",10,never designed,NEVER_DESIGNED,
,Multiple Licensed Properties,2,never designed,NEVER_DESIGNED,
,Peacemaker: Television Series,7,never designed,NEVER_DESIGNED,
,SCOOB (2020),22,never designed,NEVER_DESIGNED,
,Scooby-Doo Core,63,never designed,NEVER_DESIGNED,
,Shazam! (2019),17,never designed,NEVER_DESIGNED,
,Shazam!: Fury of the Gods (2023),19,never designed,NEVER_DESIGNED,
,Suicide Squad (2016),13,never designed,NEVER_DESIGNED,
,"Suicide Squad, The (2021)",34,never designed,NEVER_DESIGNED,
,Suicide Squad: Kill the Justice League: Video Game,1,never designed,NEVER_DESIGNED,
,Teen Titans Go!: Animated Series,32,never designed,NEVER_DESIGNED,
,WB 100: Art of the 100th,1,never designed,NEVER_DESIGNED,
,WB 100: Artist Collaborations,1,never designed,NEVER_DESIGNED,
,WB 100: Looney Tunes Mashups,70,LT,EXISTING_MG06,LT
,WB 100: Poster Series,1,never designed,NEVER_DESIGNED,
,Willy Wonka & the Chocolate Factory (1971),18,never designed,NEVER_DESIGNED,
,Wonka (2023),15,never designed,NEVER_DESIGNED,
