character_name,style_guides,candidate_mg06_codes,reason,final_mg06_code
A.I.M.,Marvel Cross-Franchise Art Packs,,UNMATCHED,
Abomination,Marvel Cross-Franchise Art Packs,,UNMATCHED,
Absorbing Man,Marvel Cross-Franchise Art Packs,,UNMATCHED,
Ace the Bat-Hound,DC Super Friends Collection Comics,,UNMATCHED,
Agent Venom,Marvel Cross-Franchise Art Packs,,UNMATCHED,
Alligator Loki,Marvel Cross-Franchise Art Packs,,UNMATCHED,
America Chavez,Marvel Cross-Franchise Art Packs,,UNMATCHED,
Angel,Marvel Cross-Franchise Art Packs,,UNMATCHED,
Annihilus,Marvel Cross-Franchise Art Packs,,UNMATCHED,
Ant-Man,Marvel Cross-Franchise Art Packs,,UNMATCHED,
Apocalypse,Marvel Cross-Franchise Art Packs,,UNMATCHED,
Aquaman aka Arthur Curry,DC Super Friends Collection Comics,AQ|JG,CONFLICT,
Archangel,Marvel Cross-Franchise Art Packs,,UNMATCHED,
Avengers Logo,Marvel Cross-Franchise Art Packs,,UNMATCHED,
Bane,DC Super Friends Collection Comics,BM|HP|JG,CONFLICT,
"Barnes, Bucky",Marvel Cross-Franchise Art Packs,,UNMATCHED,
Baron Mordo,Marvel Cross-Franchise Art Packs,,UNMATCHED,
Baron Zemo,Marvel Cross-Franchise Art Packs,,UNMATCHED,
Batgirl aka Barbara Gordon,DC Super Friends Collection Comics,BM|JG,CONFLICT,
Batman,DC Super Friends Collection Comics,BM|GN|JG,CONFLICT,
Beast,Marvel Cross-Franchise Art Packs,,UNMATCHED,
Bishop,Marvel Cross-Franchise Art Packs,,UNMATCHED,
Bizzaro,DC Super Friends Collection Comics,,UNMATCHED,
Black Bolt,Marvel Cross-Franchise Art Packs,,UNMATCHED,
Black Cat,Marvel Cross-Franchise Art Packs,,UNMATCHED,
Black Manta,DC Super Friends Collection Comics,AQ|JG,CONFLICT,
Black Panther,Marvel Cross-Franchise Art Packs,,UNMATCHED,
Black Widow,Marvel Cross-Franchise Art Packs,,UNMATCHED,
Blade,Marvel Cross-Franchise Art Packs,,UNMATCHED,
Bombshell,Marvel Cross-Franchise Art Packs,,UNMATCHED,
Brainiac,DC Super Friends Collection Comics,JG|SM,CONFLICT,
Bulldozer,Marvel Cross-Franchise Art Packs,,UNMATCHED,
Bullseye,Marvel Cross-Franchise Art Packs,,UNMATCHED,
Bumblebee aka Karen Beecher Duncan,DC Super Friends Collection Comics | DC Women Core,,UNMATCHED,
"Cage, Luke",Marvel Cross-Franchise Art Packs,,UNMATCHED,
Cap-Wolf,Marvel Cross-Franchise Art Packs,,UNMATCHED,
Captain America,Marvel Cross-Franchise Art Packs,,UNMATCHED,
Captain America (Sam Wilson),Marvel Cross-Franchise Art Packs,,UNMATCHED,
Captain Cold,DC Super Friends Collection Comics,FS|JG,CONFLICT,
Captain Mar-Vell,Marvel Cross-Franchise Art Packs,,UNMATCHED,
Captain Marvel,Marvel Cross-Franchise Art Packs,,UNMATCHED,
Carnage,Marvel Cross-Franchise Art Packs,,UNMATCHED,
Catwoman,DC Super Friends Collection Comics | DC Women Core,BA|BM,CONFLICT,
Cheetah,DC Super Friends Collection Comics | DC Women Core,JG|WW,CONFLICT,
Cloak,Marvel Cross-Franchise Art Packs,,UNMATCHED,
Collector,Marvel Cross-Franchise Art Packs,,UNMATCHED,
Colossus,Marvel Cross-Franchise Art Packs,,UNMATCHED,
Cosmo,Marvel Cross-Franchise Art Packs,,UNMATCHED,
"Coulson, Phil",Marvel Cross-Franchise Art Packs,,UNMATCHED,
Crossbones,Marvel Cross-Franchise Art Packs,,UNMATCHED,
Crystal,Marvel Cross-Franchise Art Packs,,UNMATCHED,
"Cyborg aka Victor ""Vic"" Stone",DC Super Friends Collection Comics,JG|SM,CONFLICT,
Cyclops,Marvel Cross-Franchise Art Packs,,UNMATCHED,
Dagger,Marvel Cross-Franchise Art Packs,,UNMATCHED,
Daredevil,Marvel Cross-Franchise Art Packs,,UNMATCHED,
Darkseid,DC Super Friends Collection Comics,,UNMATCHED,
Deadpool,Marvel Cross-Franchise Art Packs,,UNMATCHED,
"Dean, Karolina",Marvel Cross-Franchise Art Packs,,UNMATCHED,
"Death, Embodiment of",Marvel Cross-Franchise Art Packs,,UNMATCHED,
Doctor Octopus,Marvel Cross-Franchise Art Packs,,UNMATCHED,
Doomsday,DC Super Friends Collection Comics,JG|SM,CONFLICT,
Dormammu,Marvel Cross-Franchise Art Packs,,UNMATCHED,
Dr. Doom,Marvel Cross-Franchise Art Packs,,UNMATCHED,
Dr. Strange,Marvel Cross-Franchise Art Packs,,UNMATCHED,
Drax,Marvel Cross-Franchise Art Packs,,UNMATCHED,
Druig,Marvel Cross-Franchise Art Packs,,UNMATCHED,
Echo,Marvel Cross-Franchise Art Packs,,UNMATCHED,
Ego the Living Planet,Marvel Cross-Franchise Art Packs,,UNMATCHED,
Electro,Marvel Cross-Franchise Art Packs,,UNMATCHED,
Electro (Francine Frye),Marvel Cross-Franchise Art Packs,,UNMATCHED,
Elektra,Marvel Cross-Franchise Art Packs,,UNMATCHED,
Enchantress,Marvel Cross-Franchise Art Packs,,UNMATCHED,
Falcon,Marvel Cross-Franchise Art Packs,,UNMATCHED,
Flash,DC Super Friends Collection Comics,,UNMATCHED,
Flerkittens,Marvel Cross-Franchise Art Packs,,UNMATCHED,
"Frost, Emma",Marvel Cross-Franchise Art Packs,,UNMATCHED,
Galactus,Marvel Cross-Franchise Art Packs,,UNMATCHED,
Gambit,Marvel Cross-Franchise Art Packs,,UNMATCHED,
Gamora,Marvel Cross-Franchise Art Packs,,UNMATCHED,
Ghost,Marvel Cross-Franchise Art Packs,,UNMATCHED,
Ghost Rider,Marvel Cross-Franchise Art Packs,,UNMATCHED,
Ghost-Spider,Marvel Cross-Franchise Art Packs,,UNMATCHED,
Giant Man,Marvel Cross-Franchise Art Packs,,UNMATCHED,
Gilgamesh,Marvel Cross-Franchise Art Packs,,UNMATCHED,
Goose,Marvel Cross-Franchise Art Packs,,UNMATCHED,
Gorgon,Marvel Cross-Franchise Art Packs,,UNMATCHED,
Gorilla Grod,DC Super Friends Collection Comics,,UNMATCHED,
Grandmaster,Marvel Cross-Franchise Art Packs,,UNMATCHED,
Green Arrow,DC Super Friends Collection Comics,GN|JG,CONFLICT,
Green Goblin,Marvel Cross-Franchise Art Packs,,UNMATCHED,
Green Lantern,DC Super Friends Collection Comics,GN|JG,CONFLICT,
Green Lantern aka Alan Scott,DC Super Friends Collection Comics,GN|JG,CONFLICT,
"Grey, Jean",Marvel Cross-Franchise Art Packs,,UNMATCHED,
Groot,Marvel Cross-Franchise Art Packs,,UNMATCHED,
Guardians of the Galaxy Logo,Marvel Cross-Franchise Art Packs,,UNMATCHED,
Gwenpool,Marvel Cross-Franchise Art Packs,,UNMATCHED,
Harley Quinn aka Dr. Harleen Francis Quinzel,DC Super Friends Collection Comics | DC Women Core,BM|JG,CONFLICT,
Havok,Marvel Cross-Franchise Art Packs,,UNMATCHED,
Hawkeye,Marvel Cross-Franchise Art Packs,,UNMATCHED,
"Hayes, Molly",Marvel Cross-Franchise Art Packs,,UNMATCHED,
Hazmat,Marvel Cross-Franchise Art Packs,,UNMATCHED,
Hela,Marvel Cross-Franchise Art Packs,,UNMATCHED,
Hercules,Marvel Cross-Franchise Art Packs,,UNMATCHED,
High Evolutionary,Marvel Cross-Franchise Art Packs,,UNMATCHED,
"Hill, Maria",Marvel Cross-Franchise Art Packs,,UNMATCHED,
Hobgoblin,Marvel Cross-Franchise Art Packs,,UNMATCHED,
Howard The Duck,Marvel Cross-Franchise Art Packs,,UNMATCHED,
Hulk,Marvel Cross-Franchise Art Packs,,UNMATCHED,
Hulkbuster Armor Iron Man,Marvel Cross-Franchise Art Packs,,UNMATCHED,
Human Torch,Marvel Cross-Franchise Art Packs,,UNMATCHED,
Hydra,Marvel Cross-Franchise Art Packs,,UNMATCHED,
Ikaris,Marvel Cross-Franchise Art Packs,,UNMATCHED,
Inferno,Marvel Cross-Franchise Art Packs,,UNMATCHED,
Infinity Gauntlet,Marvel Cross-Franchise Art Packs,,UNMATCHED,
Inhumans,Marvel Cross-Franchise Art Packs,,UNMATCHED,
Invisible Woman,Marvel Cross-Franchise Art Packs,,UNMATCHED,
Iron Fist,Marvel Cross-Franchise Art Packs,,UNMATCHED,
Iron Man,Marvel Cross-Franchise Art Packs,,UNMATCHED,
Iron Spider-Man,Marvel Cross-Franchise Art Packs,,UNMATCHED,
Jack o Lantern,Marvel Cross-Franchise Art Packs,,UNMATCHED,
Jackal,Marvel Cross-Franchise Art Packs,,UNMATCHED,
"Jameson, J. Jonah",Marvel Cross-Franchise Art Packs,,UNMATCHED,
Jarvis,Marvel Cross-Franchise Art Packs,,UNMATCHED,
Jeff the Land Shark,Marvel Cross-Franchise Art Packs,,UNMATCHED,
Joker,DC Super Friends Collection Comics,BA|BM|JG,CONFLICT,
"Jones, Jessica",Marvel Cross-Franchise Art Packs,,UNMATCHED,
Jubilee,Marvel Cross-Franchise Art Packs,,UNMATCHED,
Juggernaut,Marvel Cross-Franchise Art Packs,,UNMATCHED,
Kang,Marvel Cross-Franchise Art Packs,,UNMATCHED,
Karnak,Marvel Cross-Franchise Art Packs,,UNMATCHED,
Killer Croc,DC Super Friends Collection Comics,BM|JG,CONFLICT,
"Killmonger, Erik",Marvel Cross-Franchise Art Packs,,UNMATCHED,
Kingo,Marvel Cross-Franchise Art Packs,,UNMATCHED,
Kingpin,Marvel Cross-Franchise Art Packs,,UNMATCHED,
Klaw,Marvel Cross-Franchise Art Packs,,UNMATCHED,
Korg,Marvel Cross-Franchise Art Packs,,UNMATCHED,
Kraven the Hunter,Marvel Cross-Franchise Art Packs,,UNMATCHED,
Krypto,DC Super Friends Collection Comics,JG|SM,CONFLICT,
Latveria,Marvel Cross-Franchise Art Packs,,UNMATCHED,
Leader,Marvel Cross-Franchise Art Packs,,UNMATCHED,
Lex Luthor,DC Super Friends Collection Comics,JG|SM,CONFLICT,
Lizard,Marvel Cross-Franchise Art Packs,,UNMATCHED,
Lockheed,Marvel Cross-Franchise Art Packs,,UNMATCHED,
Lockjaw,Marvel Cross-Franchise Art Packs,,UNMATCHED,
Loki,Marvel Cross-Franchise Art Packs,,UNMATCHED,
M.O.D.O.K,Marvel Cross-Franchise Art Packs,,UNMATCHED,
Madame Hydra,Marvel Cross-Franchise Art Packs,,UNMATCHED,
Madame Masque,Marvel Cross-Franchise Art Packs,,UNMATCHED,
Magik,Marvel Cross-Franchise Art Packs,,UNMATCHED,
Magneto,Marvel Cross-Franchise Art Packs,,UNMATCHED,
Makkari,Marvel Cross-Franchise Art Packs,,UNMATCHED,
Man-Spider,Marvel Cross-Franchise Art Packs,,UNMATCHED,
Mantis,Marvel Cross-Franchise Art Packs,,UNMATCHED,
Marvel Cross-Franchise Art Packs,Marvel Cross-Franchise Art Packs,,UNMATCHED,
Marvel Girl,Marvel Cross-Franchise Art Packs,,UNMATCHED,
Marvel Logo,Marvel Cross-Franchise Art Packs,,UNMATCHED,
Marvel Universe (General),Marvel Cross-Franchise Art Packs,,UNMATCHED,
Mech Strike Mechasaurs (General),Marvel Cross-Franchise Art Packs,,UNMATCHED,
Mech Strike Mechasaurs Logo,Marvel Cross-Franchise Art Packs,,UNMATCHED,
Mechasaur Arachno,Marvel Cross-Franchise Art Packs,,UNMATCHED,
Mechasaur Binary,Marvel Cross-Franchise Art Packs,,UNMATCHED,
Mechasaur Dragonscale,Marvel Cross-Franchise Art Packs,,UNMATCHED,
Mechasaur Gamma Smasher,Marvel Cross-Franchise Art Packs,,UNMATCHED,
Mechasaur Guardian,Marvel Cross-Franchise Art Packs,,UNMATCHED,
Mechasaur Iron Stomper,Marvel Cross-Franchise Art Packs,,UNMATCHED,
Mechasaur R4ptor Sentries,Marvel Cross-Franchise Art Packs,,UNMATCHED,
Mechasaur Redwing,Marvel Cross-Franchise Art Packs,,UNMATCHED,
Mechasaur Sabre Claw,Marvel Cross-Franchise Art Packs,,UNMATCHED,
Mechasaur T-R3x,Marvel Cross-Franchise Art Packs,,UNMATCHED,
Mechasaur Thunderhoof,Marvel Cross-Franchise Art Packs,,UNMATCHED,
Mechasaur Ultron Primeval,Marvel Cross-Franchise Art Packs,,UNMATCHED,
Medusa,Marvel Cross-Franchise Art Packs,,UNMATCHED,
Mephisto,Marvel Cross-Franchise Art Packs,,UNMATCHED,
Mettalo,DC Super Friends Collection Comics,,UNMATCHED,
Mighty Thor,Marvel Cross-Franchise Art Packs,,UNMATCHED,
"Minoru, Nico",Marvel Cross-Franchise Art Packs,,UNMATCHED,
Miss America (America Chavez),Marvel Cross-Franchise Art Packs,,UNMATCHED,
Mister Freeze,DC Super Friends Collection Comics,BA|BM|JG,CONFLICT,
Mole Man,Marvel Cross-Franchise Art Packs,,UNMATCHED,
Moloid,Marvel Cross-Franchise Art Packs,,UNMATCHED,
Moon Knight,Marvel Cross-Franchise Art Packs,,UNMATCHED,
"Morales, Miles",Marvel Cross-Franchise Art Packs,,UNMATCHED,
Morbius,Marvel Cross-Franchise Art Packs,,UNMATCHED,
Mr. Fantastic,Marvel Cross-Franchise Art Packs,,UNMATCHED,
Mr. Sinister,Marvel Cross-Franchise Art Packs,,UNMATCHED,
Ms. Marvel (Kamala Khan),Marvel Cross-Franchise Art Packs,,UNMATCHED,
Mysterio,Marvel Cross-Franchise Art Packs,,UNMATCHED,
Namor,Marvel Cross-Franchise Art Packs,,UNMATCHED,
Nebula,Marvel Cross-Franchise Art Packs,,UNMATCHED,
Nick Fury,Marvel Cross-Franchise Art Packs,,UNMATCHED,
Nightcrawler,Marvel Cross-Franchise Art Packs,,UNMATCHED,
Nova,Marvel Cross-Franchise Art Packs,,UNMATCHED,
"O`Hara, Miguel",Marvel Cross-Franchise Art Packs,,UNMATCHED,
Okoye,Marvel Cross-Franchise Art Packs,,UNMATCHED,
Old Lace,Marvel Cross-Franchise Art Packs,,UNMATCHED,
"Parker, May",Marvel Cross-Franchise Art Packs,,UNMATCHED,
"Parker, Peter",Marvel Cross-Franchise Art Packs,,UNMATCHED,
"Parker, Richard",Marvel Cross-Franchise Art Packs,,UNMATCHED,
Patriot,Marvel Cross-Franchise Art Packs,,UNMATCHED,
Penguin,DC Super Friends Collection Comics,BA|BM|JG,CONFLICT,
Phastos,Marvel Cross-Franchise Art Packs,,UNMATCHED,
Photon,Marvel Cross-Franchise Art Packs,,UNMATCHED,
Piledriver,Marvel Cross-Franchise Art Packs,,UNMATCHED,
Poison Ivy,DC Super Friends Collection Comics | DC Women Core,BA|BM|JG,CONFLICT,
Polaris,Marvel Cross-Franchise Art Packs,,UNMATCHED,
Power Man,Marvel Cross-Franchise Art Packs,,UNMATCHED,
Prowler,Marvel Cross-Franchise Art Packs,,UNMATCHED,
"Pryde, Kitty",Marvel Cross-Franchise Art Packs,,UNMATCHED,
Punisher,Marvel Cross-Franchise Art Packs,,UNMATCHED,
"Pym, Hank",Marvel Cross-Franchise Art Packs,,UNMATCHED,
Quake,Marvel Cross-Franchise Art Packs,,UNMATCHED,
Quinjet,Marvel Cross-Franchise Art Packs,,UNMATCHED,
Red Hulk,Marvel Cross-Franchise Art Packs,,UNMATCHED,
Red Skull,Marvel Cross-Franchise Art Packs,,UNMATCHED,
Reverse Flash,DC Super Friends Collection Comics,FS|JG,CONFLICT,
Rhino,Marvel Cross-Franchise Art Packs,,UNMATCHED,
"Richards, Franklin",Marvel Cross-Franchise Art Packs,,UNMATCHED,
"Richards, Valeria",Marvel Cross-Franchise Art Packs,,UNMATCHED,
Riddler,DC Super Friends Collection Comics,BA|BM|JG|WW,CONFLICT,
Robin aka Dick Grayson,DC Super Friends Collection Comics,BM|JG,CONFLICT,
Rocket Raccoon,Marvel Cross-Franchise Art Packs,,UNMATCHED,
"Rogers, Steve",Marvel Cross-Franchise Art Packs,,UNMATCHED,
Rogue,Marvel Cross-Franchise Art Packs,,UNMATCHED,
Ronan the Accuser,Marvel Cross-Franchise Art Packs,,UNMATCHED,
Ronin,Marvel Cross-Franchise Art Packs,,UNMATCHED,
S.H.I.E.L.D.,Marvel Cross-Franchise Art Packs,,UNMATCHED,
Sandman,Marvel Cross-Franchise Art Packs,,UNMATCHED,
Scarecrow aka Jonathan Crane,DC Super Friends Collection Comics,,UNMATCHED,
Scarlet Spider Ben Reilly,Marvel Cross-Franchise Art Packs,,UNMATCHED,
Scarlet Witch,Marvel Cross-Franchise Art Packs,,UNMATCHED,
Scorpion,Marvel Cross-Franchise Art Packs,,UNMATCHED,
Sentinel,Marvel Cross-Franchise Art Packs,,UNMATCHED,
Sentry,Marvel Cross-Franchise Art Packs,,UNMATCHED,
Sersi,Marvel Cross-Franchise Art Packs,,UNMATCHED,
Shang-Chi,Marvel Cross-Franchise Art Packs,,UNMATCHED,
She-Hulk,Marvel Cross-Franchise Art Packs,,UNMATCHED,
Shocker,Marvel Cross-Franchise Art Packs,,UNMATCHED,
Shuri,Marvel Cross-Franchise Art Packs,,UNMATCHED,
Silk,Marvel Cross-Franchise Art Packs,,UNMATCHED,
Silver Surfer,Marvel Cross-Franchise Art Packs,,UNMATCHED,
Sinestro,DC Super Friends Collection Comics,GN|JG,CONFLICT,
Skurge,Marvel Cross-Franchise Art Packs,,UNMATCHED,
Solomon Grundy,DC Super Friends Collection Comics,BM|JG,CONFLICT,
Spider Woman,Marvel Cross-Franchise Art Packs,,UNMATCHED,
Spider-Girl,Marvel Cross-Franchise Art Packs,,UNMATCHED,
Spider-Girl (Anya Corazon),Marvel Cross-Franchise Art Packs,,UNMATCHED,
Spider-Ham,Marvel Cross-Franchise Art Packs,,UNMATCHED,
Spider-Man,Marvel Cross-Franchise Art Packs,,UNMATCHED,
Spider-Man 2099,Marvel Cross-Franchise Art Packs,,UNMATCHED,
Spider-Rex,Marvel Cross-Franchise Art Packs,,UNMATCHED,
Spot,Marvel Cross-Franchise Art Packs,,UNMATCHED,
Sprite,Marvel Cross-Franchise Art Packs,,UNMATCHED,
Spyder-Knight,Marvel Cross-Franchise Art Packs,,UNMATCHED,
Squirrel Girl,Marvel Cross-Franchise Art Packs,,UNMATCHED,
"Stacy, Gwen",Marvel Cross-Franchise Art Packs,,UNMATCHED,
Star-Lord,Marvel Cross-Franchise Art Packs,,UNMATCHED,
Stark Industries,Marvel Cross-Franchise Art Packs,,UNMATCHED,
"Stark, Tony",Marvel Cross-Franchise Art Packs,,UNMATCHED,
"Stein, Chase",Marvel Cross-Franchise Art Packs,,UNMATCHED,
Storm,Marvel Cross-Franchise Art Packs,,UNMATCHED,
Streaky the Supercat,DC Super Friends Collection Comics,,UNMATCHED,
Sunfire,Marvel Cross-Franchise Art Packs,,UNMATCHED,
Sunspot,Marvel Cross-Franchise Art Packs,,UNMATCHED,
Supergirl,DC Super Friends Collection Comics | DC Women Core,JG|SG|SM,CONFLICT,
Superior Spider-Man,Marvel Cross-Franchise Art Packs,,UNMATCHED,
T`Challa,Marvel Cross-Franchise Art Packs,,UNMATCHED,
Task Master,Marvel Cross-Franchise Art Packs,,UNMATCHED,
Thanos,Marvel Cross-Franchise Art Packs,,UNMATCHED,
The Milano,Marvel Cross-Franchise Art Packs,,UNMATCHED,
Thena,Marvel Cross-Franchise Art Packs,,UNMATCHED,
Thor,Marvel Cross-Franchise Art Packs,,UNMATCHED,
Thor (Female),Marvel Cross-Franchise Art Packs,,UNMATCHED,
Throg,Marvel Cross-Franchise Art Packs,,UNMATCHED,
Thunderball,Marvel Cross-Franchise Art Packs,,UNMATCHED,
Thunderbird,Marvel Cross-Franchise Art Packs,,UNMATCHED,
Thunderbolt Ross,Marvel Cross-Franchise Art Packs,,UNMATCHED,
Tigra,Marvel Cross-Franchise Art Packs,,UNMATCHED,
Tippy-Toe,Marvel Cross-Franchise Art Packs,,UNMATCHED,
Triton,Marvel Cross-Franchise Art Packs,,UNMATCHED,
Two Face aka Harvey Dent,DC Super Friends Collection Comics,BM|JG,CONFLICT,
Ultimate Spider-Man Morales,Marvel Cross-Franchise Art Packs,,UNMATCHED,
Ultron,Marvel Cross-Franchise Art Packs,,UNMATCHED,
Ultron Drone,Marvel Cross-Franchise Art Packs,,UNMATCHED,
Valkyrie,Marvel Cross-Franchise Art Packs,,UNMATCHED,
Venom,Marvel Cross-Franchise Art Packs,,UNMATCHED,
Vision,Marvel Cross-Franchise Art Packs,,UNMATCHED,
Vulture,Marvel Cross-Franchise Art Packs,,UNMATCHED,
War Machine,Marvel Cross-Franchise Art Packs,,UNMATCHED,
Wasp,Marvel Cross-Franchise Art Packs,,UNMATCHED,
"Watson, Mary Jane",Marvel Cross-Franchise Art Packs,,UNMATCHED,
Werewolf By Night,Marvel Cross-Franchise Art Packs,,UNMATCHED,
White Tiger,Marvel Cross-Franchise Art Packs,,UNMATCHED,
"Wilder, Alex",Marvel Cross-Franchise Art Packs,,UNMATCHED,
Winter Soldier,Marvel Cross-Franchise Art Packs,,UNMATCHED,
Wolverine,Marvel Cross-Franchise Art Packs,,UNMATCHED,
Wonder Man,Marvel Cross-Franchise Art Packs,,UNMATCHED,
Wonder Woman,DC Super Friends Collection Comics | DC Women Core,GN|JG|WW,CONFLICT,
Wong,Marvel Cross-Franchise Art Packs,,UNMATCHED,
Wrecker,Marvel Cross-Franchise Art Packs,,UNMATCHED,
X-23,Marvel Cross-Franchise Art Packs,,UNMATCHED,
X-Men Logo,Marvel Cross-Franchise Art Packs,,UNMATCHED,
Yellowjacket,Marvel Cross-Franchise Art Packs,,UNMATCHED,
Yondu,Marvel Cross-Franchise Art Packs,,UNMATCHED,
"Yorkes, Gertrude",Marvel Cross-Franchise Art Packs,,UNMATCHED,
"Zola, Arnim",Marvel Cross-Franchise Art Packs,,UNMATCHED,
